a,iter,K,VI
1,1,10,1.643875449889629
1,2,16,1.9917040242321833
1,3,11,1.6879586509152298
1,4,10,1.6541737085977242
1,5,9,1.8787118927711801
1,6,9,1.798267293596341
1,7,7,1.7980548930819573
1,8,9,1.8408901687722024
1,9,11,1.8733779539072262
1,10,13,2.0319557380746116
1,11,15,2.0724381258150193
1,12,15,2.1336377164204343
1,13,22,2.613618683579833
1,14,22,2.803554427998378
1,15,30,2.9486471783752353
1,16,34,3.1590899970952173
1,17,31,2.9676904120640035
1,18,30,3.131655858797731
1,19,29,3.129233164265811
1,20,21,2.649686959497065
1,21,19,2.609206008002625
1,22,24,2.6282568884532904
1,23,18,2.4960729250074696
1,24,15,2.442584272322571
1,25,20,2.7914185890188317
1,26,36,2.8894835247908164
1,27,27,2.859147516766105
1,28,28,2.9027397542693927
1,29,21,2.630877825477412
1,30,25,2.6402679484006315
1,31,22,2.93325484276143
1,32,32,3.162663313588969
1,33,32,2.8503657559050386
1,34,48,3.3863143128225497
1,35,32,2.9849500307630663
1,36,20,2.5686281626581664
1,37,19,2.3382834019874155
1,38,18,2.1801925452540183
1,39,26,2.6606646049131877
1,40,26,2.3903117867966364
1,41,21,2.400771534610851
1,42,18,2.4445849980667105
1,43,13,2.116647623326372
1,44,16,2.440676856743657
1,45,19,2.4144093033965874
1,46,19,2.4893341663003525
1,47,19,2.846267025436226
1,48,17,2.522859105603019
1,49,14,2.281263273637788
1,50,16,2.1596737461395925
1,51,21,2.4251168128428966
1,52,16,2.5587706138563444
1,53,17,2.478954877591007
1,54,12,2.1278459331884676
1,55,12,2.15969177150037
1,56,9,1.903145962619032
1,57,9,2.2307368050385956
1,58,11,2.437273920732694
1,59,11,2.1540786205889937
1,60,9,1.9009110298352492
1,61,10,2.0998558973330077
1,62,13,2.4110415569247934
1,63,17,2.2345101148242414
1,64,25,2.785390078007858
1,65,22,2.779647063847781
1,66,23,2.5630376478409813
1,67,15,2.367616595350357
1,68,11,2.1246342768006565
1,69,13,2.023267454738175
1,70,14,1.9940379538603494
1,71,17,2.4843349521141467
1,72,21,2.4466572808054323
1,73,29,2.8140655984013483
1,74,34,3.245807986660191
1,75,30,3.0569406023458003
1,76,29,3.1365634629742933
1,77,29,2.825961767240129
1,78,44,3.2162517671577113
1,79,41,3.239856945798774
1,80,31,2.981814414636324
1,81,38,3.122803049278519
1,82,43,3.1109051577422795
1,83,34,2.899052013377265
1,84,28,2.8366374216477483
1,85,27,2.86610067343165
1,86,27,2.787840396167191
1,87,24,2.6195930756779453
1,88,29,2.737449285955752
1,89,27,2.60266610542468
1,90,26,2.7934739579952783
1,91,22,2.661157210762556
1,92,19,2.5788162139800836
1,93,26,2.6465450460188613
1,94,20,2.589584850281881
1,95,19,2.5927905804834133
1,96,30,2.413432198822065
1,97,34,2.9480163449887966
1,98,30,3.138260204778356
1,99,24,2.613619961563278
1,100,29,2.8397358508256967
1,101,30,3.02656259868613
1,102,34,2.8555223561550047
1,103,28,3.0657766961572905
1,104,32,2.9646136930354827
1,105,33,2.8463474217301643
1,106,29,2.8080270162928875
1,107,29,3.002473789038693
1,108,27,3.2679287724525286
1,109,31,2.9342290440573886
1,110,30,2.7623551705379787
1,111,23,2.965369232221418
1,112,17,2.7702188904917007
1,113,16,2.1695966570435137
1,114,20,2.3576169879362916
1,115,19,2.896883976276629
1,116,23,3.035906243301374
1,117,25,2.7777385543573585
1,118,31,3.133539259802496
1,119,26,2.700002001847522
1,120,19,2.710646540130376
1,121,20,2.703080945137042
1,122,17,2.5926049795536272
1,123,16,2.27699009309604
1,124,10,2.0660111089298643
1,125,13,2.051812117872724
1,126,11,1.9224207810556857
1,127,14,2.053256595189361
1,128,19,2.1393115798194384
1,129,21,2.3514838542862853
1,130,26,2.6132191037681842
1,131,28,2.7567544666879913
1,132,26,2.6468063077090633
1,133,25,2.2738810614922005
1,134,27,2.691731566072461
1,135,20,2.637661889849927
1,136,17,2.2572689208330368
1,137,16,2.1257833388703187
1,138,16,2.232344166161529
1,139,21,2.6647220748475933
1,140,20,2.354772660536674
1,141,21,2.5102078295877224
1,142,24,2.597679160881464
1,143,19,2.6108396246155916
1,144,23,2.6986668611142464
1,145,29,2.737655483664682
1,146,31,2.937463136993888
1,147,26,2.4848350178081353
1,148,27,2.8131443582709914
1,149,22,2.77416575541016
1,150,23,2.7349932750614103
1,151,26,2.67786879579763
1,152,24,2.599834987072407
1,153,22,2.3535141908354738
1,154,19,2.3083865283679654
1,155,26,2.553106642028433
1,156,26,2.6905356981533046
1,157,28,2.438712295857548
1,158,24,2.370356972960831
1,159,23,2.4126556717028764
1,160,25,2.6486556934937635
1,161,28,2.892956215643352
1,162,33,3.0308709991623344
1,163,33,2.7805527239227863
1,164,28,2.8820347561351127
1,165,28,2.761578797366363
1,166,32,3.1261696505167884
1,167,38,2.9463188994613154
1,168,42,3.1898282145890224
1,169,34,2.8995976187350294
1,170,24,2.5456578733727264
1,171,28,2.683393911602982
1,172,38,3.151581909561532
1,173,33,2.8412170410701365
1,174,21,2.379834162694575
1,175,19,2.6411317339494857
1,176,20,2.708475079931453
1,177,18,2.685799506239267
1,178,19,2.697534167315434
1,179,22,2.5879593126310905
1,180,19,2.6562246520479085
1,181,21,2.7671237882298363
1,182,25,2.385081749890511
1,183,25,2.5570983839181287
1,184,19,2.644584401035179
1,185,25,2.849506783507823
1,186,38,3.11602533619045
1,187,26,2.9026313175564815
1,188,31,2.9695857851795893
1,189,26,2.938899439898197
1,190,24,2.770508782755904
1,191,28,2.9998651276343797
1,192,30,2.804491969915908
1,193,30,2.8299880406052123
1,194,20,2.477647185208232
1,195,23,2.5984535394727364
1,196,21,2.403360631145879
1,197,26,2.629681074609031
1,198,19,2.2947242803200267
1,199,20,2.162326373288474
1,200,18,2.179973030173598
1,201,17,2.2234994306242197
1,202,19,1.9963381298012748
1,203,16,2.140986908669381
1,204,20,2.311364730033274
1,205,16,2.2217796679763464
1,206,19,2.212551336652679
1,207,20,2.226415213703743
1,208,18,2.489079148782874
1,209,16,2.144986477995085
1,210,13,1.9783920293925488
1,211,12,2.058148374758979
1,212,16,2.1371261893317692
1,213,22,2.3046440823921763
1,214,18,2.439897633386344
1,215,17,2.488364022760466
1,216,16,2.543512737246128
1,217,18,2.4685467536726184
1,218,24,2.5449223674157024
1,219,17,2.5485409874462914
1,220,18,2.789795395068216
1,221,14,2.574255539449308
1,222,20,2.4805733194888666
1,223,15,2.5457085671455264
1,224,29,2.9963806487626035
1,225,34,3.084980352655999
1,226,41,3.280897820009531
1,227,42,3.3309017675719486
1,228,30,2.927251440236113
1,229,34,3.0496271638175996
1,230,33,3.042666886557752
1,231,39,3.1731565879163894
1,232,40,3.2532830834658566
1,233,23,2.75553121924293
1,234,17,2.550663222598854
1,235,14,2.4589807641808457
1,236,19,2.4230167837191816
1,237,16,2.271627845563067
1,238,12,2.0866766611224428
1,239,10,2.053345941254959
1,240,9,2.074056934406783
1,241,14,2.313296687543376
1,242,19,2.8076950313445703
1,243,14,2.6794113711637775
1,244,15,2.4594907273295843
1,245,16,2.563319460706152
1,246,15,2.20878589348595
1,247,12,2.3101768030751733
1,248,14,2.101886890580713
1,249,16,2.4425281015650646
1,250,22,2.6847255101583594
1,251,23,2.805879897491317
1,252,17,2.6734616685520542
1,253,17,2.7245286091180168
1,254,22,2.8295109324049292
1,255,26,3.0926352602218725
1,256,28,3.0367291948175055
1,257,30,3.0063775193077955
1,258,38,3.2674504097542325
1,259,35,2.962209457915534
1,260,24,2.992641666407118
1,261,26,2.9062768657904763
1,262,32,2.710080392956897
1,263,41,3.186743623424044
1,264,30,3.120323703432344
1,265,36,2.9893207547104925
1,266,29,2.4776900220683475
1,267,25,2.7908510820946417
1,268,27,2.7743442438890833
1,269,26,2.893338444928527
1,270,24,2.864369011332881
1,271,27,2.747908402196212
1,272,24,2.8717516172214532
1,273,19,2.4355372477295876
1,274,22,2.5963558927952493
1,275,24,2.6826641802419866
1,276,27,2.7246835826232294
1,277,21,3.0937878370286205
1,278,23,2.6942377465344713
1,279,19,2.5943770215364292
1,280,17,2.615587423552212
1,281,21,2.9532705242524595
1,282,24,2.630645185102834
1,283,34,3.1900612469137886
1,284,30,2.634444758599247
1,285,28,2.7876815725889372
1,286,28,3.031023498505226
1,287,35,3.1269522324334855
1,288,33,3.170088661128539
1,289,25,3.2311831623431457
1,290,26,2.846818572388993
1,291,30,3.0162661517108065
1,292,39,3.106641688669677
1,293,38,3.1344482080843807
1,294,35,3.3019262325931793
1,295,33,3.1572198881837124
1,296,41,3.272689539337265
1,297,31,2.954911616420112
1,298,29,2.8702217989080068
1,299,30,2.8290137026213156
1,300,21,2.5119426083717222
1,301,24,2.5774818471080083
1,302,35,2.89759822194536
1,303,35,3.125356603871205
1,304,40,3.110827964297875
1,305,35,2.9689496548303254
1,306,29,2.987473634411478
1,307,25,2.701945355023424
1,308,27,3.117724147333168
1,309,35,3.1499064496555147
1,310,29,2.7241203598232775
1,311,27,3.01196972334542
1,312,24,2.9836622921972364
1,313,25,2.903521861155454
1,314,24,2.7152445887406595
1,315,17,2.7676220544814933
1,316,26,2.6389263867487207
1,317,22,2.764769852487469
1,318,24,2.981091988935989
1,319,31,2.9597715120379458
1,320,23,2.6169218922316784
1,321,22,3.0791252466369783
1,322,23,2.928464599963052
1,323,25,2.80890373396921
1,324,20,2.8031364299994457
1,325,18,2.7158912273548674
1,326,15,2.667498067581048
1,327,16,2.378052403522886
1,328,14,2.4898529701393923
1,329,14,2.548151242298225
1,330,14,2.8319333184820197
1,331,22,3.0159906468695343
1,332,24,2.840982149608952
1,333,21,2.7997510947172652
1,334,23,2.579988389877765
1,335,22,2.860642686566333
1,336,19,2.5913822797991264
1,337,14,2.6766159587194958
1,338,10,2.645090800753977
1,339,15,2.520420718329823
1,340,19,2.713109304851716
1,341,29,2.956807464566332
1,342,33,3.0608243145246985
1,343,27,2.891891229910379
1,344,26,2.623071597008264
1,345,24,2.5914137097396535
1,346,24,2.780056207172421
1,347,26,2.6120969870589144
1,348,19,2.4358346310887136
1,349,24,2.842759066974872
1,350,24,2.792891543271691
1,351,21,2.616176174409867
1,352,27,2.8208337335986804
1,353,24,2.921457835165471
1,354,22,2.857248773910746
1,355,22,2.5617655041802894
1,356,27,2.907419241910965
1,357,25,2.8111409698654612
1,358,25,2.5843076116833825
1,359,21,2.9288048905611124
1,360,24,3.00607080866744
1,361,19,2.7014454977608158
1,362,18,2.855725388169388
1,363,19,2.627092733278709
1,364,24,3.0139644136931785
1,365,34,2.8228561291067424
1,366,35,3.137262223702236
1,367,39,3.1676154713945515
1,368,28,2.9337177078907106
1,369,29,2.9639179085495733
1,370,18,2.801710602579427
1,371,22,2.7933150260802995
1,372,29,2.8228939773854638
1,373,29,3.0207828555935023
1,374,31,2.997924011369477
1,375,39,3.147882269218511
1,376,39,3.1687057213316066
1,377,38,2.999581007793828
1,378,37,3.1743858610114937
1,379,37,3.1063097563411577
1,380,38,3.1444311274140966
1,381,28,3.2326996996440096
1,382,24,3.031521707606897
1,383,24,2.808430137802816
1,384,20,2.710587022681666
1,385,22,2.746179255319267
1,386,26,2.715234939143433
1,387,24,2.8507035042321953
1,388,26,2.7302060115999924
1,389,22,2.851343172689656
1,390,25,2.824745331934542
1,391,28,2.9170046778167693
1,392,27,2.8781439938141267
1,393,33,3.220932336004802
1,394,40,3.108272134113599
1,395,43,3.3633004682894825
1,396,31,3.0008539386952453
1,397,25,2.8930004768440623
1,398,26,2.997049539833917
1,399,36,3.013909267427714
1,400,35,2.9917095208361077
1,401,32,2.7481102145462906
1,402,37,2.7910990357231817
1,403,29,2.780683950677458
1,404,19,2.4903352471839897
1,405,21,2.6871020401180017
1,406,20,2.532192175472352
1,407,19,2.6265595768332486
1,408,15,2.388646175373012
1,409,23,2.50343184262983
1,410,36,2.9801257727446218
1,411,33,3.018555286868553
1,412,29,2.97309043948761
1,413,33,2.804826992205892
1,414,31,2.781562115243565
1,415,23,2.4004543536634624
1,416,26,2.5531186252199287
1,417,32,2.8950508013394423
1,418,34,2.9236887720826408
1,419,34,2.9031913058372836
1,420,29,2.9898966752827407
1,421,35,3.0928686721140237
1,422,36,3.2173902914343064
1,423,46,3.268667224627204
1,424,51,3.401848058617647
1,425,42,3.1224550851147295
1,426,34,2.8617507390919945
1,427,34,2.8490954966370476
1,428,41,3.0231963911908477
1,429,29,3.093231569458339
1,430,28,2.939531365885265
1,431,33,2.6228715695871223
1,432,34,2.7021069738470542
1,433,36,2.959655903322846
1,434,42,2.979009767604451
1,435,45,3.3275369370870123
1,436,36,3.0184751205805846
1,437,35,2.96460405354416
1,438,32,2.9741016470925032
1,439,32,2.9877753716942164
1,440,44,2.9704056849440854
1,441,42,3.212460545895905
1,442,29,2.7671609779591204
1,443,26,2.9925079672609782
1,444,31,3.046179129388596
1,445,38,3.3600767554774653
1,446,31,2.67874519195403
1,447,33,2.893710278355181
1,448,31,2.918745258423803
1,449,26,2.747714653399589
1,450,28,2.7478371820964878
1,451,31,2.7892516158640754
1,452,35,2.9711626547698056
1,453,33,2.8627398443520233
1,454,25,2.6610852918051884
1,455,27,2.8745168090383593
1,456,20,2.531714539340344
1,457,27,2.823269759677695
1,458,35,2.8882293242067125
1,459,36,3.0539953599732717
1,460,27,2.791154391559985
1,461,29,3.194916612184033
1,462,28,3.0142026877456636
1,463,42,3.180152637645262
1,464,35,2.806518959459458
1,465,29,3.0087138614607336
1,466,27,2.9560317089647135
1,467,23,2.8294761299441364
1,468,23,2.546646468254541
1,469,24,2.55242420326522
1,470,29,2.8480810877387484
1,471,25,2.8689993949583337
1,472,19,2.3507885473531562
1,473,15,2.3255913364970886
1,474,16,2.364694823294136
1,475,13,2.061028845550327
1,476,10,1.77925363382856
1,477,17,2.2030451730850054
1,478,19,2.0273215614817857
1,479,17,2.445251633170857
1,480,15,2.1340125251916464
1,481,15,2.073221187873374
1,482,14,2.069949585191535
1,483,14,2.5104109610658663
1,484,16,2.279508892386333
1,485,20,2.7465282700494096
1,486,19,2.5498752594059466
1,487,19,2.776455775287983
1,488,22,2.4492317554680336
1,489,17,2.5413909388518503
1,490,15,1.9970421902725355
1,491,14,1.7840171195515926
1,492,14,1.8778068760952333
1,493,21,2.321120577674609
1,494,17,2.4282745678864464
1,495,19,2.5490558758967747
1,496,24,2.672997891898866
1,497,32,3.029485191460094
1,498,30,2.682265809988736
1,499,26,3.0068413273962245
1,500,19,2.6084579843651468
1,501,27,2.995269829646317
1,502,37,3.2910926295379377
1,503,40,3.2099873291128334
1,504,30,2.9352471736858554
1,505,26,2.430763877739722
1,506,21,2.56594714454832
1,507,17,2.479001930638623
1,508,17,2.4959205545277214
1,509,13,2.330234080593648
1,510,14,2.4550554389492345
1,511,13,1.9541991683910522
1,512,13,2.36651438448287
1,513,20,2.5540070859551873
1,514,21,2.502106912127007
1,515,36,3.0850525954769163
1,516,40,3.245025708252481
1,517,52,3.6553853275772994
1,518,43,3.358131716916453
1,519,51,3.487674465915997
1,520,47,3.3286690128231102
1,521,51,3.330364874772875
1,522,39,3.2849269610346687
1,523,36,3.039936470397807
1,524,34,3.0786962142055065
1,525,40,3.2941658104582614
1,526,33,2.6710287868382507
1,527,35,2.9982596644085184
1,528,36,3.1409265721329787
1,529,21,2.834311089258296
1,530,24,2.832556651293368
1,531,24,2.9041677984479883
1,532,26,2.9197464014392076
1,533,33,2.6730046988128175
1,534,27,2.6460094020315577
1,535,27,2.673003927295247
1,536,30,2.8467728895205298
1,537,22,2.2802690116731883
1,538,16,2.231486316975488
1,539,22,2.4824449413111487
1,540,20,2.288871440611388
1,541,16,2.2665281259448995
1,542,16,2.15157759080329
1,543,14,2.175265905451688
1,544,15,2.145649276304316
1,545,12,2.139866471233744
1,546,16,2.368793653978655
1,547,19,2.5400349737571557
1,548,20,2.271353856701187
1,549,14,2.027543577205169
1,550,13,2.0636738836770063
1,551,12,2.2302066425316673
1,552,10,2.1216391433499755
1,553,8,2.0071745316919736
1,554,9,2.102828026626735
1,555,12,2.270329339960961
1,556,12,2.2305669292601022
1,557,17,2.1673141553933686
1,558,19,2.4439146062740305
1,559,22,2.579057925779527
1,560,18,2.5308781768651505
1,561,14,2.6735202587428204
1,562,19,2.8515399785428914
1,563,18,3.0998726915730206
1,564,18,2.932986960437567
1,565,17,2.563093847173173
1,566,30,2.9524833310406415
1,567,25,2.4417284040406497
1,568,20,2.7112938161668225
1,569,19,2.8188423363601345
1,570,26,2.862216230794682
1,571,26,3.0747716050911755
1,572,28,2.8352476365052466
1,573,26,2.8320149171806226
1,574,27,2.64646690006023
1,575,24,2.6293443252140984
1,576,18,2.6820726934107815
1,577,24,2.674307939296861
1,578,20,2.5391731862146987
1,579,22,2.6813373598719665
1,580,18,2.545550813670161
1,581,18,2.805979175269651
1,582,26,2.632954844816659
1,583,31,2.9532107223940347
1,584,27,2.8186136928269403
1,585,31,3.135040470975922
1,586,23,2.8991355682120186
1,587,31,2.913126740411819
1,588,20,2.6147208644030235
1,589,22,2.85539162037742
1,590,25,2.8829521250400973
1,591,18,2.7208216458204504
1,592,16,2.604909958959377
1,593,20,2.4516052327012643
1,594,22,2.5214250318620404
1,595,33,2.9714752610345703
1,596,37,3.148721390357471
1,597,31,2.9085087616352
1,598,23,2.5957132751448357
1,599,21,2.668450272503907
1,600,22,2.8152310875537783
1,601,23,2.6303044066226136
1,602,22,2.940100236315426
1,603,15,2.289301533233475
1,604,18,2.405439116695967
1,605,12,2.38220116613103
1,606,15,2.093581735913614
1,607,15,2.77041450722431
1,608,20,2.606584154823185
1,609,17,2.113528398871948
1,610,19,2.2449984461761323
1,611,20,2.2764991442872415
1,612,17,2.096557171732923
1,613,30,2.8624076469718083
1,614,17,2.583102176852763
1,615,22,2.863745180334511
1,616,16,2.4789688776791228
1,617,12,2.4869917318031893
1,618,11,2.13213634200937
1,619,10,2.2619701875287017
1,620,11,2.388583945982668
1,621,8,2.044469584523869
1,622,13,2.2511302832437945
1,623,12,2.214103343980584
1,624,11,2.1958500059332997
1,625,10,2.4306585407346173
1,626,11,2.4424777744861714
1,627,12,2.493420119440281
1,628,11,2.417884088293226
1,629,12,2.2465328500810298
1,630,15,2.3512849734698524
1,631,10,2.361378495281844
1,632,10,2.183736237742971
1,633,9,2.0180900052273034
1,634,8,1.9396409937485264
1,635,9,1.9359277263680177
1,636,10,1.9550941623617626
1,637,14,2.504522019906956
1,638,14,2.2334459678883647
1,639,15,2.5718450604137053
1,640,13,2.3911808912315933
1,641,17,2.748905764558037
1,642,24,2.7935022108461447
1,643,31,3.072045920629423
1,644,27,2.8602282553303477
1,645,28,2.870158137187091
1,646,22,2.8269467282279543
1,647,20,2.9164511902166415
1,648,24,2.7071834563591493
1,649,25,2.8089824995962185
1,650,25,2.74378582704958
1,651,26,2.8720663914152627
1,652,21,2.790549804119384
1,653,18,2.720283225496182
1,654,13,2.4773735586540986
1,655,11,2.3715971776996403
1,656,14,2.2560600176018086
1,657,12,2.200563125123602
1,658,14,2.6447372154843096
1,659,20,2.771829623704704
1,660,18,2.5150777224187477
1,661,16,2.337370465242889
1,662,21,2.577998420147522
1,663,21,2.87572849229119
1,664,33,3.120028344237888
1,665,35,3.1478364358351962
1,666,29,3.0552563187638686
1,667,35,3.045176270183733
1,668,36,3.1610030144568233
1,669,36,3.1028460740304227
1,670,28,3.0142832207275383
1,671,28,3.0381231595601434
1,672,26,2.8784575002877553
1,673,25,2.737288864916663
1,674,24,2.8585079209685715
1,675,39,3.3559072269922243
1,676,34,2.984871970843887
1,677,36,2.980126280981347
1,678,27,2.843322022299427
1,679,34,2.9409269670264035
1,680,31,2.940336426832319
1,681,29,3.1036048521561965
1,682,25,2.8248004799708557
1,683,33,3.1304430239605647
1,684,27,3.068435141049346
1,685,29,2.8741600237942047
1,686,21,3.0519079221293772
1,687,21,2.8663477126757204
1,688,24,3.0730937350251675
1,689,29,2.985577967096731
1,690,30,3.2322283109825696
1,691,27,3.135867228490734
1,692,35,3.025149986032444
1,693,32,3.1325789993817352
1,694,33,3.196880744741401
1,695,49,3.3573400733212306
1,696,46,3.1141497762033614
1,697,41,3.2800390412953138
1,698,44,3.2124280616337586
1,699,51,3.1869154294295603
1,700,43,3.153051203193861
1,701,29,3.0661329149770924
1,702,32,3.102032044117485
1,703,32,3.051860101168759
1,704,27,2.95619578667544
1,705,37,3.0961485984338357
1,706,33,2.870084768559449
1,707,34,2.8134017933735804
1,708,34,2.8132672412570443
1,709,26,2.9493998496558653
1,710,22,2.7019467462093747
1,711,18,2.7027860895696763
1,712,20,2.7700753120073713
1,713,27,2.830486788087616
1,714,24,3.003241539885617
1,715,21,2.726751455104523
1,716,21,2.453897820542538
1,717,19,2.534772424908905
1,718,16,2.297390939795191
1,719,16,2.076274359933253
1,720,17,2.6413862273615423
1,721,18,2.7880798881131255
1,722,23,2.82603072185417
1,723,32,2.975881411763913
1,724,23,2.83934504776593
1,725,19,2.7852419040138914
1,726,27,2.888859692186778
1,727,28,3.0073535735612116
1,728,31,3.152137995820721
1,729,21,2.711564436371354
1,730,27,2.50422739434556
1,731,29,2.792820663956744
1,732,30,3.1013002784859167
1,733,28,2.784864268764204
1,734,32,2.970681289249117
1,735,33,3.0249053895154483
1,736,32,2.7254515689506196
1,737,29,2.7986343219512992
1,738,27,2.5462532806294784
1,739,20,2.601999948038497
1,740,23,2.6562022458796224
1,741,22,2.6645309936146946
1,742,23,2.537868871146872
1,743,15,2.4558710470215974
1,744,14,2.5453657755813146
1,745,12,2.2904786668429145
1,746,19,2.5171705460396616
1,747,22,2.6982294301850924
1,748,14,2.376272165403556
1,749,18,2.382193712420464
1,750,16,2.3547664487077387
1,751,19,2.664249819991796
1,752,21,2.7270544317465646
1,753,25,2.913306944915016
1,754,24,2.6783042198217535
1,755,26,3.054921703721248
1,756,28,2.9378272279501507
1,757,25,2.78540331009119
1,758,26,2.999608409445147
1,759,35,3.0787679819957923
1,760,32,3.193893546107684
1,761,24,2.908788747407308
1,762,29,3.284306992982819
1,763,20,2.6667109319370756
1,764,24,2.556137196484673
1,765,27,2.9007829562638254
1,766,30,2.7792882270239927
1,767,24,2.6128457956382736
1,768,28,2.646974948020032
1,769,25,2.5454691533340106
1,770,31,2.716399094318014
1,771,31,3.0028783177029763
1,772,25,2.7432694353211597
1,773,19,2.6276239237985757
1,774,16,2.457970241163145
1,775,17,2.6015245737160613
1,776,16,2.577883025906096
1,777,25,2.735921828836488
1,778,28,2.8863317228812333
1,779,29,2.9485262889947537
1,780,30,2.728924483630162
1,781,28,3.0572394307437927
1,782,29,2.77399292668345
1,783,29,3.112494657241455
1,784,25,2.7409746793370338
1,785,32,2.866322000244842
1,786,30,3.002013513338717
1,787,38,3.6015286753787703
1,788,46,3.483910782993444
1,789,41,3.302557583840601
1,790,30,2.9893563461828645
1,791,35,3.0075318121388155
1,792,30,3.0471896880683125
1,793,23,2.8548545449760265
1,794,22,2.7558851956772346
1,795,22,2.9893061417250366
1,796,21,3.034187204417048
1,797,28,2.9189152757451144
1,798,29,2.904501426467986
1,799,26,3.195781022805305
1,800,33,2.6846700998377457
1,801,41,3.0883601044447064
1,802,32,2.6577096131652342
1,803,24,2.446923522324295
1,804,26,2.828630305002429
1,805,22,2.8282893424306303
1,806,23,2.803770600142859
1,807,25,2.850216212605292
1,808,20,2.6947447385669854
1,809,26,3.11907881670516
1,810,22,2.7641435778085817
1,811,24,2.8997911689609244
1,812,26,2.8234597576197893
1,813,22,2.6759568610870783
1,814,15,2.3456977616800674
1,815,15,2.1834667160358237
1,816,14,2.2504648937706113
1,817,9,1.5886002914982904
1,818,8,1.785525413098425
1,819,8,1.5394119187889461
1,820,9,1.9357972600284663
1,821,12,1.9944658589375437
1,822,8,1.7324700979760324
1,823,10,1.8234361944303994
1,824,9,1.943902386471501
1,825,9,1.6602161829013937
1,826,8,1.6167837467462705
1,827,7,1.750245470745976
1,828,9,2.1245652126169503
1,829,9,2.089566317303513
1,830,11,2.10870955206701
1,831,11,2.2823530501718277
1,832,9,1.900282346811116
1,833,8,1.8172719352891975
1,834,10,1.9512255577574407
1,835,11,2.1038790364387823
1,836,13,2.376313079913063
1,837,13,2.4339351788475523
1,838,17,2.390536656663872
1,839,22,2.7848113594097414
1,840,17,2.5776755961304123
1,841,25,2.6960972612619805
1,842,30,2.7838247125999467
1,843,29,2.999591212549785
1,844,28,2.8581996784538193
1,845,23,2.5684646021562005
1,846,15,2.181701484722235
1,847,16,2.2807755887840706
1,848,15,2.3500911755342666
1,849,21,2.461531657982702
1,850,23,2.4769184834571543
1,851,20,2.537544992502299
1,852,24,2.528322386909014
1,853,21,2.3979441582917693
1,854,28,2.5454873083608507
1,855,32,2.892153683664976
1,856,32,2.761180496017777
1,857,27,2.976844144576138
1,858,26,3.064687846881195
1,859,32,3.0923220440350647
1,860,41,3.27332111280603
1,861,39,2.9874558999314598
1,862,36,2.9510152743322537
1,863,33,3.135318969990098
1,864,36,3.038306418696872
1,865,27,2.9209422693583647
1,866,35,3.007154570632116
1,867,37,3.177320217344497
1,868,25,2.8143675474769787
1,869,24,2.753674853195579
1,870,31,2.9375089703772024
1,871,37,3.0618988245620775
1,872,35,3.1144902083442396
1,873,41,3.2457288953987766
1,874,45,3.339690175287915
1,875,38,3.451701309025747
1,876,54,3.4027112748308945
1,877,50,3.3810507394822533
1,878,36,3.306935840910562
1,879,33,2.9281316741408734
1,880,31,2.628806212670658
1,881,34,2.800100467463158
1,882,33,2.7656565636217243
1,883,36,3.0201295030706454
1,884,36,2.97258722511346
1,885,43,3.16651816513645
1,886,35,2.8634391257214418
1,887,30,2.908489318039392
1,888,28,2.807960729242573
1,889,30,2.867602755149548
1,890,39,3.0017615933505963
1,891,46,3.1369971261145935
1,892,46,3.0770009698257397
1,893,43,3.238837424984359
1,894,32,2.784121770244605
1,895,32,2.664207025295805
1,896,31,2.6866323757227266
1,897,28,2.795264237333894
1,898,20,2.7112364531427833
1,899,19,2.711874689189606
1,900,31,2.8534406930995493
1,901,27,2.985844130401105
1,902,36,3.0997801273437693
1,903,40,3.3358510007696287
1,904,28,2.989082766042499
1,905,32,2.972785359268933
1,906,32,3.3645217498089504
1,907,27,2.9715799278367863
1,908,32,2.9283515559152002
1,909,29,2.770243603198507
1,910,27,2.838892695533005
1,911,30,2.858643827361323
1,912,30,3.037341634916144
1,913,37,3.12175015066628
1,914,31,3.1567689129611316
1,915,34,3.1566769697345993
1,916,39,3.1764365000606007
1,917,32,3.0992194467346605
1,918,32,2.8297942650047525
1,919,38,3.177472716687387
1,920,44,3.236543004258897
1,921,42,3.126926099455782
1,922,43,3.266251723104264
1,923,44,3.109888641521106
1,924,40,3.2672028228195984
1,925,41,3.2786625229897894
1,926,36,3.1658468424187336
1,927,22,2.649274564393641
1,928,26,2.922227136865663
1,929,29,2.9593231994767573
1,930,30,3.0801930732261757
1,931,32,3.266551467657574
1,932,34,3.2837493342265884
1,933,24,2.9340781310727073
1,934,23,2.822791809507625
1,935,28,3.02740233554417
1,936,31,2.674682923267689
1,937,30,2.800423151619644
1,938,29,2.8316885409683694
1,939,33,2.701674403307386
1,940,35,3.061184764755781
1,941,35,3.1171695957871584
1,942,40,3.073580814859177
1,943,47,3.3312706653100257
1,944,36,3.127173686390417
1,945,36,3.103083304560376
1,946,29,2.908833206755575
1,947,34,2.862364568525666
1,948,38,2.956599411061159
1,949,35,2.8667483466438064
1,950,27,2.6361171502327054
1,951,25,2.28584497112921
1,952,18,2.353484601282468
1,953,13,1.9618007675786129
1,954,9,2.052313581109389
1,955,9,1.9400905659598506
1,956,11,1.932312267537084
1,957,11,1.9829209703946584
1,958,12,2.0214304333376703
1,959,15,1.7536219115719
1,960,15,1.9771908426308036
1,961,16,1.9834110820289963
1,962,22,2.5084909216572395
1,963,15,1.9425820358285586
1,964,16,2.446163390873724
1,965,16,2.3112622490909693
1,966,13,2.1784549164182834
1,967,13,2.0579381733781195
1,968,14,2.176142012875486
1,969,13,2.156426609138287
1,970,14,2.3107563135454257
1,971,16,2.436904982015178
1,972,19,2.721519231541496
1,973,22,2.2457690058070594
1,974,27,2.4258906010447685
1,975,31,2.8952906506694567
1,976,22,2.6783973716319127
1,977,23,2.657587055893653
1,978,31,3.0714854143224506
1,979,25,2.661179650709714
1,980,25,2.4080996528567953
1,981,28,3.124319912213788
1,982,37,3.0576167411551567
1,983,35,3.0264681812972793
1,984,31,3.0007376332443463
1,985,28,3.1412182199267433
1,986,48,3.4435462184827976
1,987,37,3.0599619923413512
1,988,43,3.1965066609794364
1,989,38,3.16566663791554
1,990,36,3.0342347324952987
1,991,31,3.2029902092810705
1,992,26,2.9035329875412272
1,993,23,2.792989543817878
1,994,36,2.7552619662223403
1,995,30,2.7415849802175827
1,996,29,2.893869721050986
1,997,27,2.8090560381398415
1,998,27,2.8971768630796206
1,999,25,3.0656878972959696
1,1000,24,3.0723768426414995
1,1001,30,2.865746696997343
1,1002,32,3.0726970975752814
1,1003,31,3.1383950185704768
1,1004,30,2.9401149860975524
1,1005,29,3.146391720257602
1,1006,20,2.6916079915541817
1,1007,18,2.3975616894564324
1,1008,17,2.4988904240044634
1,1009,19,2.7233837338022293
1,1010,20,2.688797535373861
1,1011,20,2.7072683605242722
1,1012,30,2.8644851905161843
1,1013,29,2.981216022681678
1,1014,34,3.2331904825998627
1,1015,32,3.1139899440795187
1,1016,26,2.9904601262377413
1,1017,30,2.9367183202756424
1,1018,37,2.906163373515822
1,1019,28,2.9770075206487334
1,1020,23,2.905365443346272
1,1021,19,2.6873945584562335
1,1022,18,2.655125356889043
1,1023,22,2.672483831965248
1,1024,22,2.5512001953832657
1,1025,24,2.871653112559693
1,1026,28,2.782949072730672
1,1027,25,2.9307734084773323
1,1028,33,3.214238115620633
1,1029,22,3.0016527376384174
1,1030,18,2.842125352626147
1,1031,27,2.673489524227213
1,1032,29,2.645279086070264
1,1033,17,2.6218452051979937
1,1034,12,2.26439296734878
1,1035,11,1.9967551073778655
1,1036,14,2.2805749185578055
1,1037,16,2.3854843806577217
1,1038,14,2.071311853672802
1,1039,12,2.7594256366298846
1,1040,14,2.5615779256714553
1,1041,21,2.72055813981654
1,1042,16,2.760825128397521
1,1043,26,2.7516492919929685
1,1044,27,2.9668114326572574
1,1045,27,2.7169971590325876
1,1046,35,3.1621924553584524
1,1047,43,3.1663773026457167
1,1048,37,3.0922167692614395
1,1049,30,3.0472096821934667
1,1050,22,2.78112035711457
1,1051,26,2.697292899255233
1,1052,24,2.8560247660287916
1,1053,28,2.683481383868069
1,1054,22,2.594909053946017
1,1055,19,2.50842390153355
1,1056,20,2.462230138607023
1,1057,26,2.5085401801806175
1,1058,25,2.4952102817410604
1,1059,30,2.6565831425323583
1,1060,28,2.480759632048373
1,1061,23,2.691162961996301
1,1062,20,2.688500785624349
1,1063,17,2.5850260423693836
1,1064,18,2.5489542242742544
1,1065,25,2.891082962366636
1,1066,21,2.654377828808611
1,1067,22,2.610815180858331
1,1068,19,2.4074884672561714
1,1069,16,2.275384715392707
1,1070,18,2.237916075095278
1,1071,12,2.006613279683397
1,1072,18,2.397086235642878
1,1073,21,2.1955888747052397
1,1074,14,2.053212127421282
1,1075,23,2.3919377071097405
1,1076,27,2.8126488453877987
1,1077,21,2.795595916687937
1,1078,16,2.256970444953347
1,1079,13,1.8289293444366361
1,1080,11,1.9944130311159767
1,1081,11,1.9242914466165875
1,1082,10,1.812216608641922
1,1083,11,1.9306443272492224
1,1084,13,2.035183086551472
1,1085,11,1.879977991251963
1,1086,13,2.081404205552724
1,1087,19,2.439659429133231
1,1088,17,2.1255211283438578
1,1089,16,2.196176907956356
1,1090,16,2.2921577853276864
1,1091,14,2.504419258749484
1,1092,18,2.305080564778948
1,1093,18,2.169997564834858
1,1094,17,2.3137131982446064
1,1095,17,2.180831981663734
1,1096,19,2.1119211919418355
1,1097,23,2.856701048679816
1,1098,19,2.8690867715149238
1,1099,24,2.866783938116176
1,1100,38,2.9753762317094177
1,1101,30,2.909421660553511
1,1102,25,2.7178327792183348
1,1103,20,2.551710240142193
1,1104,17,2.4204250147478055
1,1105,24,2.7318734079525564
1,1106,31,2.8371542071191573
1,1107,44,3.0508286636438124
1,1108,39,3.0907655450533555
1,1109,29,2.908046266283862
1,1110,32,2.8837819023719264
1,1111,25,2.6047321409800426
1,1112,24,2.693811439640791
1,1113,21,2.6053094707425064
1,1114,15,2.4098664255567495
1,1115,13,2.1217836913671433
1,1116,15,2.4336253130991032
1,1117,19,2.5883790993142264
1,1118,24,2.620408364709025
1,1119,27,2.855326203871577
1,1120,32,2.8108938597323108
1,1121,31,2.749231883028762
1,1122,31,3.036389297962434
1,1123,32,3.01956906257341
1,1124,30,2.8411507825945064
1,1125,27,2.942408873308057
1,1126,21,2.8331851970321504
1,1127,20,2.6511681938049767
1,1128,28,2.9161128655441755
1,1129,31,2.9472879250736597
1,1130,31,2.986666966730319
1,1131,35,3.1267045016571844
1,1132,36,3.110923589474274
1,1133,26,2.8710465322581498
1,1134,29,2.9091815021083285
1,1135,23,2.67469963873016
1,1136,22,2.6861434217592852
1,1137,30,2.73540613411479
1,1138,28,2.920488607227132
1,1139,35,3.085140056088548
1,1140,35,3.154539641591433
1,1141,39,3.310480172489712
1,1142,30,2.9227933948980165
1,1143,26,3.062484287942377
1,1144,24,2.6659919798264338
1,1145,31,2.789561698766348
1,1146,25,2.561856252998798
1,1147,33,2.993728107330631
1,1148,42,3.1424354125742964
1,1149,37,2.9313036246028052
1,1150,24,2.6819431938607705
1,1151,27,3.0374044506776365
1,1152,29,2.7797144462792156
1,1153,20,2.4060728411936423
1,1154,28,2.6024006442380605
1,1155,32,3.0558091029550125
1,1156,26,2.7343959421289785
1,1157,27,2.707260084538921
1,1158,28,2.8266820770161933
1,1159,24,2.5674442021397152
1,1160,27,2.80866630352085
1,1161,24,2.6786748191049594
1,1162,15,2.4623559431861137
1,1163,16,2.5039237591657515
1,1164,16,2.4274789512584585
1,1165,16,2.211614385175995
1,1166,21,2.2081607281497604
1,1167,24,2.6201688450831107
1,1168,27,2.824522144693698
1,1169,40,3.338617624997169
1,1170,44,3.222777730173639
1,1171,39,3.32156572078935
1,1172,39,3.0919368790613158
1,1173,35,3.296552704841178
1,1174,39,2.9969255060882274
1,1175,33,2.891414737429179
1,1176,28,2.975289909309262
1,1177,23,2.708663790458199
1,1178,20,2.6557224138609516
1,1179,16,2.3676468899399663
1,1180,15,2.337528990155755
1,1181,11,2.421184236198045
1,1182,11,2.1910295406031977
1,1183,9,1.9664328460077352
1,1184,12,2.1320297552346936
1,1185,11,2.0378759223655103
1,1186,22,2.5066935823510446
1,1187,16,2.4362912382183484
1,1188,10,2.226508880716822
1,1189,9,2.1484386990469155
1,1190,11,2.052324646338165
1,1191,19,2.2228473065812677
1,1192,18,2.4645603716212303
1,1193,16,2.147510040898432
1,1194,21,2.411312435980904
1,1195,20,2.643672765844642
1,1196,24,2.710124989101834
1,1197,36,3.0299804555633623
1,1198,33,2.9734740322787556
1,1199,33,2.735930227334168
1,1200,26,2.5593281010909297
1,1201,25,2.550981074045833
1,1202,28,2.6603324622620352
1,1203,25,2.713808498582682
1,1204,33,2.869586457570321
1,1205,27,2.97474609065129
1,1206,28,2.8243503365466958
1,1207,29,2.69746804560114
1,1208,22,2.6009004005573853
1,1209,14,2.108516628957332
1,1210,15,2.1874629860515578
1,1211,23,2.8270407740680152
1,1212,35,3.2508544313924794
1,1213,36,2.961117437225144
1,1214,30,2.9647890371491954
1,1215,32,2.6775919449443935
1,1216,32,2.9128017648605216
1,1217,29,2.9511724902229584
1,1218,23,2.4835697336686153
1,1219,24,2.9329535306569254
1,1220,21,2.5499702072257224
1,1221,23,2.4623926988642033
1,1222,20,2.3039308826813416
1,1223,22,2.747000476635521
1,1224,29,2.8693915848178912
1,1225,38,3.0545414403616684
1,1226,35,3.0713022537761105
1,1227,28,2.926920113400374
1,1228,27,2.847324849595459
1,1229,20,2.95193368756818
1,1230,19,2.622740960901828
1,1231,23,2.8422892798220185
1,1232,30,3.0083306076835172
1,1233,20,2.528949803152031
1,1234,19,2.7679339555749998
1,1235,22,2.501111586961157
1,1236,24,2.554955815066798
1,1237,26,2.7814301311469265
1,1238,30,2.958250987528709
1,1239,24,2.981864456330728
1,1240,28,3.058819617991713
1,1241,33,2.9694124069914687
1,1242,44,3.0789357963854456
1,1243,36,3.0726369352019116
1,1244,36,3.2206271833714486
1,1245,31,3.0770593361894956
1,1246,29,3.065368947394713
1,1247,29,3.030818887154505
1,1248,31,2.951439921404874
1,1249,36,3.121330607211277
1,1250,35,3.1266728916947737
1,1251,31,2.9251425643106224
1,1252,27,2.8643969292395197
1,1253,18,2.558944100381191
1,1254,21,2.5866967816578885
1,1255,26,2.718747435385608
1,1256,21,2.5848599719292333
1,1257,35,3.0892715268889113
1,1258,41,3.3025012692414277
1,1259,38,3.0229354551350465
1,1260,34,2.9705452833926045
1,1261,34,3.098386789917468
1,1262,40,3.075390154907994
1,1263,38,3.0946967853105054
1,1264,35,3.085385299323005
1,1265,34,3.1002300054143777
1,1266,22,2.810638684274858
1,1267,16,2.6845547641498326
1,1268,19,2.6514870893024876
1,1269,17,2.5615344107320346
1,1270,16,2.651699859355475
1,1271,21,2.4919392099706936
1,1272,30,2.8010113816706323
1,1273,22,2.7925998533988707
1,1274,18,2.443900895404802
1,1275,16,2.374139897230492
1,1276,14,2.314400677080774
1,1277,14,2.14655452502801
1,1278,11,2.0859341468796884
1,1279,8,2.131489967958551
1,1280,12,2.1518641164954295
1,1281,15,2.5757609447011074
1,1282,15,2.309320822386826
1,1283,12,2.184033912877562
1,1284,12,2.041756093577512
1,1285,11,2.274726543225432
1,1286,12,1.9769985086707411
1,1287,17,2.390401679054669
1,1288,15,2.3918895143030943
1,1289,14,2.1785231226950095
1,1290,11,2.195376875173278
1,1291,10,1.9399582481587663
1,1292,11,1.9208238361102712
1,1293,9,1.875594445175654
1,1294,11,1.8277228225256987
1,1295,12,2.1113786977948097
1,1296,16,2.5403651910361735
1,1297,19,2.5437899019084593
1,1298,23,2.7842558649045834
1,1299,17,2.6120565934361357
1,1300,15,2.4807497060254904
1,1301,13,2.427692006717707
1,1302,15,2.5568339912870237
1,1303,14,2.51760363987965
1,1304,15,2.606815710673845
1,1305,16,2.73439346973751
1,1306,19,2.485742429155287
1,1307,14,2.3761099350670603
1,1308,12,2.241715824311844
1,1309,12,2.243812364293164
1,1310,16,2.3833251203089705
1,1311,23,2.6048194339678754
1,1312,23,2.5133111745554433
1,1313,29,2.9922477362417803
1,1314,28,2.9053575925391497
1,1315,27,3.014206592547767
1,1316,30,2.8491098415955087
1,1317,36,3.191151496850844
1,1318,36,3.2321000340920785
1,1319,42,3.2846133616339466
1,1320,42,3.0789613334029022
1,1321,33,3.141670097129035
1,1322,30,3.0569012917685763
1,1323,35,3.283657210003399
1,1324,40,3.1710476843109228
1,1325,34,2.86062462089735
1,1326,32,2.8819729534705503
1,1327,30,2.9234880956562583
1,1328,27,2.553512604314518
1,1329,30,2.9202648080224707
1,1330,32,2.8465251520710426
1,1331,37,3.1578319327685125
1,1332,28,2.795282642016804
1,1333,35,2.7626072542631155
1,1334,30,2.991444551939757
1,1335,23,2.9377796998719
1,1336,32,3.060338758817419
1,1337,36,3.052378458822775
1,1338,28,2.678303856222774
1,1339,24,2.773218435124043
1,1340,37,3.2420239584073647
1,1341,21,2.8546133906134816
1,1342,19,2.8263692275232923
1,1343,13,2.279178799390499
1,1344,13,2.483536450288986
1,1345,11,2.260058125754476
1,1346,13,2.250221619534902
1,1347,13,2.179877249278775
1,1348,12,2.3012075289881686
1,1349,11,1.8696071109584866
1,1350,11,1.9236221458558305
1,1351,18,2.053530303706584
1,1352,22,1.9708931608033642
1,1353,24,2.5597267549578158
1,1354,16,1.8834974291276483
1,1355,16,2.4178882784798192
1,1356,25,2.7920106391640394
1,1357,20,2.7558948351685575
1,1358,18,2.8079066783582327
1,1359,28,2.8298767639122206
1,1360,31,2.7507355683645067
1,1361,29,2.781394145931566
1,1362,30,3.2066753534985493
1,1363,30,3.1167188157368364
1,1364,33,3.0090699206132197
1,1365,36,3.1762281966541073
1,1366,31,2.6651600534673054
1,1367,27,2.97807685051587
1,1368,30,2.7028320356758737
1,1369,27,2.8372031578185997
1,1370,22,2.7312995774239033
1,1371,25,2.60393720733369
1,1372,24,2.6914328601868
1,1373,26,2.654664251044586
1,1374,25,2.4828217670590447
1,1375,17,2.233533974651771
1,1376,19,2.567512568754989
1,1377,15,1.9425579881725206
1,1378,15,2.2810584538556817
1,1379,14,2.2542820352637856
1,1380,11,2.2897667007581775
1,1381,9,1.8276632575044336
1,1382,8,1.6796661829397537
1,1383,9,1.6063258551363768
1,1384,9,1.7811930340691862
1,1385,11,1.6901828608092329
1,1386,13,1.745964444241113
1,1387,14,2.0375946426415528
1,1388,16,1.9392069879594342
1,1389,13,2.3183193317376825
1,1390,10,2.20966365997887
1,1391,10,1.7301548373311766
1,1392,11,1.9942458814547206
1,1393,11,2.1345001500354375
1,1394,10,1.767007257241806
1,1395,9,1.6214025184262457
1,1396,9,1.7475252507181755
1,1397,9,1.6653180012809523
1,1398,9,1.6651007220583809
1,1399,13,1.9035783037837968
1,1400,13,2.342526962057841
1,1401,14,1.9265239849438927
1,1402,16,2.2506145110325906
1,1403,13,2.132153237386074
1,1404,17,2.139945631274974
1,1405,15,2.012907866052519
1,1406,15,2.2587155942661834
1,1407,19,2.6086992621934613
1,1408,23,2.5244060198997604
1,1409,23,2.4610986124123997
1,1410,25,2.3809145329452224
1,1411,18,2.5287481040845243
1,1412,22,2.6351074332775255
1,1413,19,2.412966078468701
1,1414,17,2.300848387108019
1,1415,17,2.3385948920440454
1,1416,21,2.8705332301658757
1,1417,30,3.0166578394906476
1,1418,28,2.9559846971417825
1,1419,35,3.0429734574261387
1,1420,39,3.25638239736388
1,1421,34,3.219536734863664
1,1422,29,3.0337277816874697
1,1423,28,3.0013105894732646
1,1424,23,2.8610182161184596
1,1425,24,2.985507083946454
1,1426,25,2.8453027751704534
1,1427,23,2.6652820344736443
1,1428,22,2.739266170327403
1,1429,17,2.5915127779753164
1,1430,18,2.689498176602723
1,1431,13,2.2396560325071233
1,1432,12,2.233428263384869
1,1433,8,1.9480021241096068
1,1434,11,1.949464887316755
1,1435,11,2.007813288859897
1,1436,9,1.6716252982950768
1,1437,15,2.1838274472217014
1,1438,15,2.197805583449867
1,1439,16,2.4016221907879096
1,1440,22,2.4796702740193757
1,1441,22,2.5717716484763375
1,1442,27,2.5800234610251147
1,1443,20,2.5912735931848956
1,1444,16,2.090310814507404
1,1445,9,1.927384802973155
1,1446,8,1.651178683016953
1,1447,8,1.7343632612297006
1,1448,8,1.6909129136615308
1,1449,6,1.5587584246300619
1,1450,5,1.6027748370141204
1,1451,5,1.3273474498609241
1,1452,5,1.4565584312224074
1,1453,9,1.7949831697654366
1,1454,9,1.6437331737284318
1,1455,9,1.9341294438003098
1,1456,13,2.0032462368915125
1,1457,14,1.8336577664315263
1,1458,10,1.8497758352029772
1,1459,10,1.9202003857238692
1,1460,9,1.9353382181683974
1,1461,8,2.0424067345584036
1,1462,11,1.9070257553471555
1,1463,11,2.072872784147695
1,1464,11,2.0715673404238735
1,1465,14,2.2804803204758435
1,1466,11,2.504140424003579
1,1467,13,2.489019313335139
1,1468,15,2.646195441563881
1,1469,23,2.6449648882217676
1,1470,20,2.869411593118649
1,1471,23,2.5587352611895113
1,1472,27,2.9156104401816023
1,1473,22,2.7815474610898687
1,1474,20,2.581663271296985
1,1475,21,2.5911046550846875
1,1476,16,2.5821683115795118
1,1477,19,2.430079563284923
1,1478,18,2.795175582314239
1,1479,25,2.563131023478149
1,1480,23,2.73140908360881
1,1481,23,2.76793168175426
1,1482,18,2.7477462187045933
1,1483,27,3.0275026372423857
1,1484,23,2.815079177980508
1,1485,25,2.895212391508323
1,1486,31,2.890476199594285
1,1487,26,2.9172491203861926
1,1488,28,2.8062515181716408
1,1489,28,3.1334971083690486
1,1490,29,2.9634650228016906
1,1491,23,2.65809050981797
1,1492,20,2.841092011407087
1,1493,20,2.5769161377409904
1,1494,24,2.9215471209341812
1,1495,19,2.5585689593465313
1,1496,19,2.7127642645511987
1,1497,22,2.5074745279483963
1,1498,23,2.5347177995301697
1,1499,25,2.699029756687713
1,1500,25,2.777315588757511
1,1501,25,2.819901727799639
1,1502,19,2.497608786464968
1,1503,16,2.3360782597853156
1,1504,17,2.5668285165844864
1,1505,27,3.073179909905685
1,1506,15,2.6970755184470585
1,1507,17,2.5583125681371124
1,1508,16,2.568556903104606
1,1509,19,2.602775074339364
1,1510,12,2.511932068671537
1,1511,11,2.2009634993639624
1,1512,10,2.176496143257366
1,1513,10,2.019726341529573
1,1514,16,2.035818350920831
1,1515,15,2.0222001657336333
1,1516,15,1.9434687731944829
1,1517,14,2.295309868808203
1,1518,15,2.3492334650377718
1,1519,13,1.9642190237934711
1,1520,14,2.4755094130328157
1,1521,16,2.083587209567979
1,1522,23,2.729210525391129
1,1523,20,2.8159699035295755
1,1524,21,2.8880669939555026
1,1525,17,2.552786680814191
1,1526,15,2.2975091117079214
1,1527,18,2.3489115110571444
1,1528,22,2.414482226221127
1,1529,16,2.3100433832494938
1,1530,15,2.165081720615391
1,1531,15,2.5366007208728947
1,1532,18,2.5773217671246234
1,1533,16,2.4158599710411437
1,1534,16,2.281720952663114
1,1535,12,2.212676942580972
1,1536,14,2.1421298242530256
1,1537,18,2.5678309392960705
1,1538,21,2.738438065581378
1,1539,12,2.2860337929819816
1,1540,12,2.308244174982273
1,1541,13,2.4589877943699343
1,1542,16,2.387529267773388
1,1543,21,2.739085263762902
1,1544,24,2.9170583761828084
1,1545,19,2.7043567984275803
1,1546,23,2.8831651663237405
1,1547,20,2.5473870757883224
1,1548,16,2.566428063693124
1,1549,29,2.935924888747516
1,1550,22,2.677260967228482
1,1551,14,2.493530638291924
1,1552,18,2.482233903701958
1,1553,17,2.592291681833924
1,1554,19,2.8478724206335673
1,1555,23,2.692831903727638
1,1556,21,2.800303855751106
1,1557,22,3.12449062106733
1,1558,26,2.9492592229600354
1,1559,30,2.9831539092932093
1,1560,31,2.989200922232071
1,1561,25,3.162470515972232
1,1562,29,3.0118742690597733
1,1563,35,3.164794629461618
1,1564,31,3.107887780885561
1,1565,29,3.079309341766676
1,1566,25,2.767675602332679
1,1567,16,2.839833046637148
1,1568,17,2.3788288598527085
1,1569,20,2.3849633714229883
1,1570,20,2.348369397108397
1,1571,18,2.399779170463258
1,1572,17,2.3922041927884066
1,1573,20,2.575954597869299
1,1574,24,2.669066470645061
1,1575,37,2.95069066547486
1,1576,46,3.2695304408404517
1,1577,43,2.9224362875228094
1,1578,25,2.519517178127981
1,1579,17,2.364537706544649
1,1580,17,2.178048397568672
1,1581,23,2.342828177724326
1,1582,22,2.7453307618390608
1,1583,20,2.497991590244534
1,1584,17,2.6564650663281237
1,1585,18,2.2739416176085596
1,1586,18,2.703497624364706
1,1587,18,2.947823313798713
1,1588,15,2.7320146956215203
1,1589,16,2.4747722199762787
1,1590,17,2.5547522907621465
1,1591,12,2.2107674184249104
1,1592,12,2.190155267638366
1,1593,11,2.1243656937034587
1,1594,9,2.019093823194538
1,1595,11,1.945727238030568
1,1596,14,2.197714286633027
1,1597,16,2.286456441168166
1,1598,15,2.1890209397049682
1,1599,15,2.2376921936692944
1,1600,18,2.3623068496128186
1,1601,26,2.850403089475993
1,1602,29,2.881789935791108
1,1603,29,3.003836947142371
1,1604,24,2.757913761473089
1,1605,27,2.9523846698357605
1,1606,26,2.95461526041359
1,1607,29,3.021911393221406
1,1608,29,3.0995593435897315
1,1609,28,2.862986365569925
1,1610,28,2.9966591207276956
1,1611,37,3.2945643245531784
1,1612,40,3.164036911849006
1,1613,26,2.8380659962572667
1,1614,19,2.632940420668936
1,1615,22,2.8893183686550685
1,1616,18,2.3207807687803688
1,1617,15,2.2901892421332346
1,1618,17,1.9208405525830776
1,1619,20,2.0857411861198685
1,1620,14,2.0993040545754136
1,1621,15,2.3261741442123665
1,1622,15,2.3270187319156963
1,1623,13,1.8619914869207523
1,1624,13,1.9644177462702581
1,1625,16,2.232210354047252
1,1626,17,2.0740628666919596
1,1627,19,2.003282252588671
1,1628,19,2.178408163176008
1,1629,19,2.1994648461845965
1,1630,19,2.1469469310666174
1,1631,19,2.1797408315178166
1,1632,15,2.144421092814626
1,1633,22,2.434672741399818
1,1634,31,2.8522042261993854
1,1635,27,2.6342380754312393
1,1636,32,2.9674797492341787
1,1637,28,2.991211673562565
1,1638,26,2.9157998036193744
1,1639,32,2.976308196283772
1,1640,29,2.9280176262258446
1,1641,34,2.992382878879233
1,1642,28,2.748727555779481
1,1643,38,3.1816940028913026
1,1644,32,2.8784729842751067
1,1645,29,2.809106506538077
1,1646,20,2.2057653242081416
1,1647,23,2.7241426569035396
1,1648,15,2.3274468042084457
1,1649,27,2.720359557434263
1,1650,30,2.9655009484275756
1,1651,24,2.704654249815226
1,1652,28,2.7561771977601497
1,1653,27,3.099824665004384
1,1654,40,3.2358539377513367
1,1655,41,3.1351745656359014
1,1656,34,2.7796400928949576
1,1657,47,3.124655846027681
1,1658,37,2.949912027792333
1,1659,36,2.922391424227794
1,1660,25,2.849405355712313
1,1661,24,2.829931517409468
1,1662,22,2.8980298665402673
1,1663,28,2.7991805735469093
1,1664,30,2.8886423113786046
1,1665,30,2.7199169164361083
1,1666,24,2.6904477625110412
1,1667,26,2.7938472410922066
1,1668,27,2.498837189015598
1,1669,20,2.388173278229442
1,1670,19,2.1749906147536056
1,1671,21,2.5428668463673603
1,1672,22,2.5400657974536127
1,1673,23,2.8390863889293363
1,1674,28,2.6725844152754874
1,1675,27,2.5103079570180507
1,1676,32,2.8015162264664664
1,1677,35,2.9650220694739593
1,1678,31,2.903205374090593
1,1679,37,2.9505369402887074
1,1680,33,3.035879886496662
1,1681,32,2.8083723797123255
1,1682,21,2.749458943636466
1,1683,21,2.6694989685248003
1,1684,16,2.499659715598751
1,1685,13,2.0952817137910427
1,1686,15,2.2623352303542714
1,1687,22,1.8914335770487112
1,1688,23,2.5495787762556827
1,1689,28,2.676224596654123
1,1690,25,2.682962069005896
1,1691,22,2.680231318086669
1,1692,19,2.392697244540587
1,1693,16,2.3241551116929524
1,1694,24,2.7234830796891485
1,1695,23,2.3164596189991302
1,1696,25,2.349325213371544
1,1697,19,2.3001005013571625
1,1698,22,2.3738135616059437
1,1699,22,2.579574759306814
1,1700,19,2.640174742679441
1,1701,15,2.423256453386882
1,1702,20,2.4319981702829123
1,1703,27,2.916645809557739
1,1704,31,2.7383335194949674
1,1705,36,2.970775157176557
1,1706,45,3.192476748436727
1,1707,36,2.847362221927066
1,1708,31,3.018773596460273
1,1709,39,3.226880409742398
1,1710,36,3.1006738153079536
1,1711,33,3.1603004717644234
1,1712,41,3.024267910810588
1,1713,42,3.101934367176504
1,1714,34,2.8565570491492847
1,1715,32,2.9094853334351707
1,1716,26,2.733165161864925
1,1717,33,3.04788918186963
1,1718,21,2.7978961093267913
1,1719,20,2.683040400655112
1,1720,21,2.5053541470445237
1,1721,25,2.526229443274968
1,1722,22,2.5803566811265215
1,1723,26,2.679228822960405
1,1724,26,2.595143857024115
1,1725,25,2.7060824577308393
1,1726,22,2.7185981974457616
1,1727,20,2.449224235849878
1,1728,21,2.4485789238319033
1,1729,23,2.425080944665375
1,1730,24,2.8905435820257215
1,1731,27,3.0991912895922913
1,1732,31,3.0263264454815824
1,1733,27,3.0498189325130287
1,1734,23,2.69726898646883
1,1735,25,2.771782046617139
1,1736,21,2.722791470910686
1,1737,17,2.6536498722706505
1,1738,18,2.719293642917743
1,1739,24,2.71376504365319
1,1740,28,2.9866241450939794
1,1741,22,2.671218249739785
1,1742,19,2.57033987469525
1,1743,15,2.203509056627081
1,1744,16,2.1402165964953843
1,1745,22,2.3164616431637985
1,1746,20,2.6631605437895685
1,1747,15,2.3455813706265745
1,1748,11,2.307679839786815
1,1749,9,2.1018598432185454
1,1750,15,2.3831991165679853
1,1751,18,2.644299832967828
1,1752,17,2.5125100977218353
1,1753,24,2.812945749084882
1,1754,19,2.761718160334417
1,1755,26,2.6663536987311334
1,1756,25,3.0190733410135824
1,1757,29,3.005432575704649
1,1758,31,3.1519476041356405
1,1759,25,2.7907740601718847
1,1760,23,2.7362704222237317
1,1761,20,2.7776466693699033
1,1762,14,2.3349937921128077
1,1763,22,2.947282995779514
1,1764,35,3.0958914005825657
1,1765,37,3.097863359127634
1,1766,40,3.233145773252417
1,1767,30,3.0056427903076743
1,1768,23,2.783400655968176
1,1769,28,2.8801789921820697
1,1770,34,3.152673059707449
1,1771,37,3.1730562147569334
1,1772,39,2.9127331137554684
1,1773,40,2.9504381279167426
1,1774,30,2.714488799898653
1,1775,31,2.7719463228985917
1,1776,35,2.826129337448208
1,1777,40,3.1922363655917523
1,1778,43,3.4114701751979783
1,1779,52,3.307959577189801
1,1780,40,3.1950029756436895
1,1781,42,3.321724050610024
1,1782,49,3.4433271082260415
1,1783,44,3.2563487457427933
1,1784,30,3.08341806116108
1,1785,26,2.970854341802834
1,1786,24,3.0644571312075217
1,1787,33,3.0847146374983563
1,1788,37,3.1069695321262785
1,1789,40,3.1159667047749995
1,1790,32,3.094344258546475
1,1791,36,3.1073006637897613
1,1792,35,2.9252647002393055
1,1793,32,2.9502117409104
1,1794,34,2.9515607080031874
1,1795,35,3.1102678489534004
1,1796,30,2.986884067738412
1,1797,30,2.992415051030997
1,1798,30,3.0429294120557944
1,1799,34,3.38032371172784
1,1800,35,3.196598734668111
1,1801,48,3.6173422156654955
1,1802,51,3.668094268398284
1,1803,48,3.7584234951723583
1,1804,54,3.5444188089639352
1,1805,35,3.1836092161844736
1,1806,32,2.9763294799526663
1,1807,45,3.222325994514165
1,1808,42,3.2362917353743947
1,1809,27,3.086305011928163
1,1810,33,2.946951683119374
1,1811,46,3.469417212480154
1,1812,30,2.6772658952468196
1,1813,30,3.1416376128668886
1,1814,28,3.1228965646876556
1,1815,29,3.0042631663975947
1,1816,32,3.167883937174413
1,1817,26,2.7429369266473294
1,1818,23,2.8710200055374604
1,1819,24,2.841836167152198
1,1820,26,2.7858190504294025
1,1821,25,2.858251999809513
1,1822,32,2.865911826249194
1,1823,36,3.2120904973981874
1,1824,41,3.1413674310627524
1,1825,38,3.170769579039735
1,1826,28,2.9677232630200536
1,1827,34,2.99887511108481
1,1828,24,2.661274950733353
1,1829,27,2.817037764670274
1,1830,27,2.5875534371805347
1,1831,28,2.8191389670300357
1,1832,36,2.9299675550859803
1,1833,34,2.9279979732238806
1,1834,40,3.0331374847215207
1,1835,37,3.064195817377137
1,1836,34,3.167909059835675
1,1837,33,2.846500468763617
1,1838,26,2.8846219623488873
1,1839,28,2.8584532229299078
1,1840,20,2.9787752901607507
1,1841,28,3.1532164863932857
1,1842,32,3.1583912363672764
1,1843,31,2.8302257383924485
1,1844,37,3.260026962330516
1,1845,32,2.826520154683576
1,1846,31,2.8321488988724672
1,1847,24,2.6635373236899462
1,1848,24,2.9014375189759787
1,1849,28,2.7545164291519333
1,1850,31,2.6933093203827494
1,1851,29,2.977989808903507
1,1852,30,3.0702241298173836
1,1853,31,2.834547961392839
1,1854,39,3.113508056777399
1,1855,39,2.761011386150672
1,1856,33,2.7476359422563887
1,1857,31,3.0529768778265027
1,1858,31,2.9035673007957823
1,1859,28,2.992955003210017
1,1860,20,2.811142373679641
1,1861,15,2.4154090727200495
1,1862,14,2.160531650725923
1,1863,20,2.2650297659165233
1,1864,16,1.935180055248841
1,1865,11,2.0448388033450087
1,1866,10,1.8233280737402109
1,1867,15,2.271256074053456
1,1868,13,2.2221285646016495
1,1869,15,2.3303383355066387
1,1870,20,2.6940996620294797
1,1871,21,2.4105979683360794
1,1872,23,2.6966582275265023
1,1873,24,2.944011694879319
1,1874,19,2.406775301479774
1,1875,32,2.8083816943653255
1,1876,36,2.999479962660628
1,1877,36,2.892432432335219
1,1878,28,2.8156928573019373
1,1879,32,2.9476990278528516
1,1880,36,3.1079671354278164
1,1881,37,2.9414272552561727
1,1882,39,3.2624685968311535
1,1883,42,3.3377978067655696
1,1884,49,3.419670858037597
1,1885,29,2.8707757615387677
1,1886,22,2.615772550024145
1,1887,24,2.6454091343853214
1,1888,19,2.7549453076358312
1,1889,24,2.7518154754012545
1,1890,29,2.832566676879721
1,1891,26,2.855369954291464
1,1892,20,2.4721801690961795
1,1893,20,2.529555356925669
1,1894,16,2.316538509419582
1,1895,16,2.2930945892847308
1,1896,30,2.8772073671757687
1,1897,27,2.871354846830788
1,1898,27,2.654295973300202
1,1899,20,2.5359800494120615
1,1900,18,2.2702617863223162
1,1901,14,1.9030728778283255
1,1902,15,2.0302685016532003
1,1903,15,2.0455299045463105
1,1904,16,2.047261412274335
1,1905,18,2.3960254346791148
1,1906,17,2.407492835355385
1,1907,17,2.390487127155087
1,1908,16,2.279732707537449
1,1909,12,1.964537367530721
1,1910,10,2.046340120655381
1,1911,11,2.1140719790542413
1,1912,10,2.0712153853154502
1,1913,11,2.17455956191273
1,1914,10,2.071130429999525
1,1915,11,2.2139271229459134
1,1916,12,2.0647752019114507
1,1917,11,2.466355998205269
1,1918,13,2.3546898073400535
1,1919,20,2.2590084161648534
1,1920,19,2.734313580154694
1,1921,21,2.127382526547588
1,1922,18,2.342862378010745
1,1923,24,2.4339079850402308
1,1924,17,2.3725023336590696
1,1925,21,2.4179711299055886
1,1926,31,2.580663437061263
1,1927,19,2.4075648017164006
1,1928,19,2.3577268389915407
1,1929,18,2.381418644495185
1,1930,22,2.5276989320795553
1,1931,17,2.1421753872303797
1,1932,14,2.127633442913787
1,1933,14,2.0633608665603065
1,1934,12,1.9355156679796726
1,1935,14,1.9115966908073072
1,1936,11,2.1133457312871085
1,1937,8,1.7699697967981538
1,1938,13,1.813983647695876
1,1939,14,1.998895085840537
1,1940,21,2.280383419300412
1,1941,24,2.7787952813646175
1,1942,22,2.3080604556646964
1,1943,24,2.524702800761971
1,1944,23,2.4829020614655235
1,1945,33,2.9561244237088142
1,1946,39,3.055009584879697
1,1947,32,3.00190109609062
1,1948,35,3.0651626099138145
1,1949,27,2.6590700862111785
1,1950,20,2.6682323342588328
1,1951,17,2.5973989357371123
1,1952,24,2.8113235355628405
1,1953,19,2.6298211095508295
1,1954,19,2.781077604382896
1,1955,24,2.76723955884232
1,1956,30,2.821084229418056
1,1957,30,2.6719376227137084
1,1958,31,2.7869373580450674
1,1959,33,2.67968530537
1,1960,21,2.583200525847549
1,1961,26,2.7419550563952755
1,1962,20,2.7286370923607297
1,1963,19,2.6639982595669753
1,1964,23,2.9746302639862856
1,1965,28,3.0570078037805812
1,1966,29,3.070886841371148
1,1967,29,2.965154714463666
1,1968,20,2.627724084526134
1,1969,19,2.5844053827853037
1,1970,16,2.5351754058955684
1,1971,17,2.517036260099201
1,1972,14,2.4451120288817836
1,1973,17,2.522733571418174
1,1974,23,2.90474022116195
1,1975,15,2.1993709569278193
1,1976,21,2.577191561049368
1,1977,19,2.661688571198398
1,1978,16,2.373912704192268
1,1979,15,2.572334222351112
1,1980,15,2.371586725637908
1,1981,12,2.314058333743363
1,1982,9,2.054276025520803
1,1983,9,2.1439033711345448
1,1984,13,2.3156449612273677
1,1985,13,2.323053116273139
1,1986,15,2.522711477178688
1,1987,25,2.904634225405266
1,1988,22,2.8062487263247324
1,1989,27,2.9587475122757176
1,1990,28,3.136420603122725
1,1991,25,2.6983249945783183
1,1992,20,2.3585218430167094
1,1993,21,2.397498984892223
1,1994,20,2.596681262089535
1,1995,25,2.744398265377369
1,1996,20,2.3514233492210193
1,1997,28,2.6932909739389137
1,1998,27,2.613035398311774
1,1999,27,2.781624456208794
1,2000,33,2.9092023264697464
1,2001,31,2.9308982841928097
1,2002,23,2.7727517495861114
1,2003,25,2.7939204253466756
1,2004,19,2.648906044675393
1,2005,29,3.093532661571166
1,2006,42,3.1980753850464407
1,2007,40,3.083570560503972
1,2008,34,3.1489802885098594
1,2009,28,2.656010055841294
1,2010,30,2.935520081852479
1,2011,29,3.0307291934672023
1,2012,20,2.757559994690188
1,2013,22,2.6766235627311046
1,2014,26,2.5535561848403754
1,2015,22,2.6335398482182515
1,2016,28,3.1323268983969608
1,2017,30,2.8847828916247042
1,2018,21,2.666857727149843
1,2019,25,2.8186520217424738
1,2020,22,2.2950747849552506
1,2021,16,2.158904831028656
1,2022,22,2.331478798659745
1,2023,26,2.772252385530252
1,2024,33,2.960806005967274
1,2025,35,2.8185748172173914
1,2026,28,2.6975463883310296
1,2027,26,2.826873353421351
1,2028,29,2.8204812671155
1,2029,24,2.713498783349084
1,2030,23,2.6601211954869894
1,2031,19,2.5936935330248945
1,2032,28,2.751429410218641
1,2033,18,2.408573839544105
1,2034,16,2.1622256983473718
1,2035,16,2.3463495965041314
1,2036,19,2.4441013067794852
1,2037,17,2.3056977677877235
1,2038,22,2.3305141546509844
1,2039,31,2.910831281018708
1,2040,42,3.1778306515314623
1,2041,38,3.1827209149709965
1,2042,33,2.854420413334427
1,2043,33,3.0619967142493896
1,2044,29,2.5300798294671822
1,2045,23,2.4895661541604306
1,2046,24,2.4423903513593817
1,2047,18,2.309977323344593
1,2048,17,2.542283744181248
1,2049,21,2.433601893833887
1,2050,18,2.6324731015213896
1,2051,19,2.5437110673767855
1,2052,17,2.493142771430994
1,2053,23,2.5663990217506125
1,2054,22,2.6897287807360066
1,2055,23,2.7144365339432497
1,2056,23,2.661371967095702
1,2057,16,2.3167189555088066
1,2058,12,2.113971520506916
1,2059,15,2.202930385087651
1,2060,21,2.15598273121619
1,2061,13,2.1322543305751487
1,2062,12,2.012834701199176
1,2063,10,2.0356588928323456
1,2064,11,2.1723825879336776
1,2065,9,1.9538239795319203
1,2066,11,1.8692901334107601
1,2067,11,2.0112921879647967
1,2068,14,1.845086432654763
1,2069,19,2.0128299186646177
1,2070,17,2.096733919660816
1,2071,22,2.3911333023187202
1,2072,23,2.7867701501447355
1,2073,19,2.6572543520475653
1,2074,16,2.415246236002966
1,2075,24,2.603821573856534
1,2076,26,2.804705011199556
1,2077,27,2.737952387361767
1,2078,26,2.6704400762305096
1,2079,18,2.5816813715174716
1,2080,19,2.4908876788568315
1,2081,14,1.9970681145736027
1,2082,21,2.3667663576010494
1,2083,23,2.6243969622335124
1,2084,19,2.611416729806417
1,2085,21,2.527439938298737
1,2086,19,2.6654374349536103
1,2087,19,2.48013951348167
1,2088,19,2.3976680712084337
1,2089,13,2.1413386929498026
1,2090,11,1.9303893036202702
1,2091,12,1.9449391020617415
1,2092,13,2.2413362515765884
1,2093,10,2.101711751710914
1,2094,10,1.9974152381599244
1,2095,8,1.7911554226427113
1,2096,7,1.7196694843403897
1,2097,6,1.6227752023818818
1,2098,7,1.8412110077198118
1,2099,8,1.7717495462115416
1,2100,8,1.7144783581318856
1,2101,8,1.3613013653404007
1,2102,9,1.9079892160837786
1,2103,15,2.159729673668966
1,2104,16,2.2761483905467776
1,2105,14,2.2560711447476267
1,2106,15,2.282240547555507
1,2107,14,2.1987921869991127
1,2108,25,2.8721493711939168
1,2109,19,2.641937624752895
1,2110,17,2.4857451995812423
1,2111,21,2.646048786874378
1,2112,25,2.859162449250268
1,2113,30,3.072775691680644
1,2114,20,2.815414695002842
1,2115,25,2.8821317456135622
1,2116,32,2.917748523895885
1,2117,18,2.5431925385155605
1,2118,30,2.7858965805888856
1,2119,24,2.7012155282683668
1,2120,14,2.2437017664824004
1,2121,15,2.027759528921112
1,2122,15,2.174890987295753
1,2123,17,2.312358963595038
1,2124,22,2.4854256943414694
1,2125,19,2.4409821209542004
1,2126,17,2.287382531861602
1,2127,22,2.5178546488380853
1,2128,24,2.7401952551650726
1,2129,26,2.6772784172987873
1,2130,21,2.375822810633268
1,2131,24,2.6038747400208004
1,2132,22,2.7988716259955515
1,2133,27,2.6819098678740874
1,2134,22,2.804207696127786
1,2135,28,2.8192707118108786
1,2136,37,2.986476547365261
1,2137,29,2.8506883609523292
1,2138,29,2.751270142799748
1,2139,24,2.7948686589275513
1,2140,22,2.648229049060309
1,2141,23,2.6880124380701607
1,2142,20,2.4437596659749143
1,2143,26,2.49981028045129
1,2144,32,2.7596634883646964
1,2145,26,2.6538551125995764
1,2146,28,2.8299812142901333
1,2147,31,3.1314702160704777
1,2148,35,2.9065964190861235
1,2149,24,2.853769844661835
1,2150,23,2.86617817038504
1,2151,22,2.708768096994443
1,2152,19,2.953059125030858
1,2153,15,2.404036047905174
1,2154,17,2.799335964514905
1,2155,16,2.942788941495379
1,2156,19,2.9497806311216817
1,2157,20,2.7765630467775275
1,2158,20,2.7660121317971202
1,2159,18,3.0078353313552757
1,2160,19,2.9803377265091315
1,2161,17,2.5163309799636386
1,2162,18,2.7279656700991866
1,2163,14,2.183085737850196
1,2164,11,2.2610071293273215
1,2165,14,2.37000441362971
1,2166,13,2.54193545796647
1,2167,11,1.9653335150701818
1,2168,8,1.9125935832527858
1,2169,11,2.0739219567975793
1,2170,11,1.8516244508400073
1,2171,11,1.9972329282969565
1,2172,11,2.2652467213893894
1,2173,12,2.1644809683408495
1,2174,13,2.306002589512525
1,2175,14,2.435230610817095
1,2176,17,2.6665163125959785
1,2177,24,2.910176650278036
1,2178,24,2.9060308510384485
1,2179,27,2.7953938919059618
1,2180,36,3.1570349045786767
1,2181,35,2.9544413345349105
1,2182,34,2.958843628194832
1,2183,33,2.6951711816492203
1,2184,37,2.785866062252333
1,2185,28,2.7390195216226565
1,2186,32,2.8022541309505797
1,2187,28,2.883824133494016
1,2188,32,3.0229696831014423
1,2189,41,3.0361790833594093
1,2190,25,2.569060904719483
1,2191,35,2.8546816750246324
1,2192,24,2.8029654945384017
1,2193,39,3.0527710326358757
1,2194,32,2.951788641935856
1,2195,31,2.9684813014012925
1,2196,32,2.817336593068268
1,2197,20,2.4791898616657617
1,2198,24,2.6331655565757313
1,2199,31,2.8759701389440053
1,2200,41,3.098835053278479
1,2201,50,3.233770101406841
1,2202,43,3.1860959502118873
1,2203,40,3.466769045326356
1,2204,39,3.335924358316593
1,2205,38,3.227856771890961
1,2206,35,2.895022478609139
1,2207,30,2.9770987331027605
1,2208,29,2.84102771794057
1,2209,24,2.8399743203648757
1,2210,29,3.20297405268955
1,2211,26,2.855150649607077
1,2212,20,2.4471608416186337
1,2213,23,2.762965773402316
1,2214,19,2.8099352413735934
1,2215,21,2.808985408480963
1,2216,24,2.607263593019807
1,2217,24,2.6003698453665356
1,2218,34,2.7639254667875885
1,2219,32,3.052551133601911
1,2220,37,2.9903820071630087
1,2221,27,2.5601831700101174
1,2222,23,2.633533563414775
1,2223,20,2.5630686144043335
1,2224,20,2.8030255029641995
1,2225,21,2.4863772533642776
1,2226,26,2.4833036273120825
1,2227,29,2.474761185621037
1,2228,21,2.5029973473892544
1,2229,16,2.3584716116617344
1,2230,15,2.2627347726810774
1,2231,17,1.90459832603301
1,2232,18,2.159755711532104
1,2233,22,2.429415165909187
1,2234,21,2.8517300268838466
1,2235,26,2.633514515432516
1,2236,22,2.797647416190214
1,2237,25,3.026221636114329
1,2238,23,2.6619893495535787
1,2239,19,2.598663532099669
1,2240,27,2.8847090451859345
1,2241,38,3.2564366292448765
1,2242,29,3.112614672322199
1,2243,26,3.0075418841337838
1,2244,32,3.003729756977662
1,2245,31,2.8707965099218526
1,2246,23,2.5973245142442676
1,2247,21,2.535220845535895
1,2248,24,2.9332267028786982
1,2249,23,2.740852696559841
1,2250,21,2.9435340248128723
1,2251,27,2.8208140504527037
1,2252,24,2.7916185714171466
1,2253,22,2.6879019704421028
1,2254,19,2.730789379791888
1,2255,25,3.0041470494457707
1,2256,28,2.937092537810395
1,2257,29,2.9077782884858707
1,2258,28,2.8684177644802586
1,2259,33,3.1850607753367854
1,2260,28,3.1359654377135526
1,2261,30,2.9574604932256388
1,2262,28,3.1174767113508914
1,2263,36,3.233222360552466
1,2264,38,3.0932224786323506
1,2265,32,3.164647384251198
1,2266,35,3.283051666099276
1,2267,32,2.995737048699205
1,2268,28,2.9119274918956908
1,2269,39,3.239804889494777
1,2270,35,3.2588982720462734
1,2271,29,3.178863172032781
1,2272,30,3.0358105793643198
1,2273,29,2.9151259933598186
1,2274,36,3.098183401629521
1,2275,39,3.1616954965602493
1,2276,30,3.1186752470484977
1,2277,29,3.0857940695044723
1,2278,24,3.0471065685176906
1,2279,27,3.1053903693704017
1,2280,44,3.3298062635024217
1,2281,41,3.308198765626752
1,2282,35,3.2155931857806124
1,2283,34,3.0733369058047133
1,2284,40,3.0213210962554555
1,2285,53,3.3660535340479907
1,2286,39,3.0634212402151375
1,2287,35,3.2890592033526014
1,2288,41,2.8741278081671693
1,2289,45,3.1658343841966046
1,2290,39,3.242390523525947
1,2291,36,2.9863828468897675
1,2292,32,3.0664532397903104
1,2293,38,3.2346292264603984
1,2294,26,2.8136673275345663
1,2295,26,2.900655384409936
1,2296,25,2.8119268149560535
1,2297,34,3.302159069745683
1,2298,43,3.471811808108779
1,2299,45,3.1754625555744433
1,2300,47,3.2374941039742287
1,2301,44,3.403635470050955
1,2302,34,2.998840294203166
1,2303,36,3.001115646268619
1,2304,39,3.0910327739092764
1,2305,39,3.2284024997610543
1,2306,35,3.075791551083819
1,2307,30,3.236163796826601
1,2308,26,3.0948291092171516
1,2309,27,3.0753310312022695
1,2310,22,2.814735126443786
1,2311,31,2.9225844015068456
1,2312,26,2.941804374250541
1,2313,24,2.8350131717698446
1,2314,18,2.479710385341701
1,2315,21,2.560153734649933
1,2316,17,2.2918660874933856
1,2317,17,2.2035857865945983
1,2318,17,2.57303221599075
1,2319,22,3.008569248429907
1,2320,25,2.8259568754154047
1,2321,22,2.4531568980973244
1,2322,20,2.025217120015607
1,2323,18,2.373517509745384
1,2324,14,2.300112065549394
1,2325,9,1.9499928265394795
1,2326,8,1.9473254555852901
1,2327,9,2.061129221691385
1,2328,11,2.008269741067185
1,2329,9,1.8055073607964731
1,2330,9,1.7094994037302538
1,2331,10,1.9962102230031578
1,2332,14,2.2864991132430905
1,2333,16,2.3920521281679394
1,2334,17,2.368419479847038
1,2335,21,2.6244257480890765
1,2336,18,2.4261163408453403
1,2337,22,2.6302034153937797
1,2338,24,2.8701579275356868
1,2339,22,2.5906664637186414
1,2340,18,2.2775838499556973
1,2341,17,2.801035227639684
1,2342,11,2.269449638257976
1,2343,12,1.9174455623999416
1,2344,10,1.6326884056858928
1,2345,12,2.1807481602297303
1,2346,14,2.376045693008429
1,2347,16,2.3736010017037406
1,2348,18,2.3938529702553106
1,2349,25,2.513200949158331
1,2350,26,2.610332845329409
1,2351,33,2.84632328148189
1,2352,38,2.9357751985111706
1,2353,31,2.779534241776018
1,2354,36,3.1015021222712367
1,2355,35,3.151455574631584
1,2356,24,2.7820707652976733
1,2357,30,2.9563382798331004
1,2358,31,2.6084987856721455
1,2359,40,3.0947280169255538
1,2360,34,2.979068384844297
1,2361,27,2.8227310819496867
1,2362,21,2.6180150369579414
1,2363,28,2.9594243127185407
1,2364,34,2.875426035876313
1,2365,34,2.9272532109894494
1,2366,25,2.8537374016243766
1,2367,26,2.781881458887808
1,2368,27,2.8411260266271507
1,2369,29,2.982924487491321
1,2370,29,2.816465324696676
1,2371,30,3.088291820033559
1,2372,33,3.1893493356354097
1,2373,36,3.290866985394413
1,2374,37,3.310426334351699
1,2375,42,3.2518822140166415
1,2376,46,3.319058868353597
1,2377,45,3.1538027917433737
1,2378,35,3.0739954557465685
1,2379,30,3.129518462545979
1,2380,33,3.231327566697338
1,2381,26,2.9803893234059404
1,2382,28,2.878224725366731
1,2383,19,2.5785562771600463
1,2384,19,2.618903040881557
1,2385,22,2.561535887206142
1,2386,20,2.362954324677416
1,2387,16,2.315302321574867
1,2388,12,2.2015424165328072
1,2389,15,2.054483792244629
1,2390,14,1.7698538824946954
1,2391,12,1.969042975901182
1,2392,10,1.82359661724034
1,2393,12,2.064902763773752
1,2394,16,2.130194915534191
1,2395,24,2.4161452804239403
1,2396,21,2.535501840261668
1,2397,28,2.63140571053076
1,2398,23,2.4472253766448637
1,2399,25,2.8802455486921894
1,2400,26,2.81032695873776
1,2401,28,2.9084691426031464
1,2402,28,3.1021666279836992
1,2403,33,3.219843504302779
1,2404,31,2.7481001850672437
1,2405,25,2.8105579527222524
1,2406,20,2.597026749792156
1,2407,28,2.953960670652353
1,2408,32,2.934053895115935
1,2409,28,2.874425555359642
1,2410,37,3.08117030591921
1,2411,32,2.8853876034285504
1,2412,33,2.8994449208214093
1,2413,41,3.0523786573935046
1,2414,38,2.909914042575869
1,2415,34,3.0181426119067565
1,2416,37,2.9497202590969045
1,2417,28,3.098424751164322
1,2418,33,2.8786237871522093
1,2419,32,2.605574987329415
1,2420,30,2.861124745390103
1,2421,42,3.2053794380543383
1,2422,33,2.9513968429587303
1,2423,32,2.9020879194453277
1,2424,18,2.404516291160841
1,2425,13,2.1145757689335896
1,2426,18,2.2480159936010606
1,2427,17,2.3225216936849646
1,2428,20,2.4773522311518756
1,2429,20,2.6865961819108017
1,2430,25,2.684616747811048
1,2431,27,2.772257610314794
1,2432,41,3.0249252124333927
1,2433,49,3.1094494256630134
1,2434,28,2.486613488772948
1,2435,18,2.584389241817229
1,2436,19,2.4047397868565152
1,2437,22,2.485324606355968
1,2438,20,2.1963024181761517
1,2439,18,2.2403245030316143
1,2440,17,2.140324985152421
1,2441,18,2.315654495820598
1,2442,16,2.165216828587027
1,2443,19,2.5919873028965896
1,2444,21,2.66814793647952
1,2445,25,2.8928440523231695
1,2446,23,2.6583142963944004
1,2447,24,2.7350056391157516
1,2448,20,2.7596731673613033
1,2449,17,2.397727571397507
1,2450,19,2.39177076326456
1,2451,18,2.351080127283582
1,2452,17,2.3618461115104408
1,2453,19,2.5945506921528607
1,2454,24,2.743608644399264
1,2455,22,2.7089391139883787
1,2456,24,2.864007404083135
1,2457,19,2.773232119189439
1,2458,24,2.690976911292166
1,2459,37,2.887854165418192
1,2460,28,2.5806882475124304
1,2461,23,2.6615971030025003
1,2462,24,2.6857984136386377
1,2463,31,2.9300396027346403
1,2464,24,2.8896282547794154
1,2465,23,2.9405580110492493
1,2466,25,2.8845748280136254
1,2467,25,2.7287381264132504
1,2468,23,2.4853483199004107
1,2469,29,2.6964427489646017
1,2470,26,2.5277363900137595
1,2471,19,2.2858411896641324
1,2472,20,2.5019631970061935
1,2473,29,2.9861032957035714
1,2474,32,3.09339280631284
1,2475,37,2.8848092785734205
1,2476,36,3.1476318691076313
1,2477,48,3.045822764956274
1,2478,42,3.29094538432752
1,2479,43,3.24322197485444
1,2480,36,3.0578853507766866
1,2481,28,2.9614361199763213
1,2482,30,2.8503793001984676
1,2483,27,2.6623058541925166
1,2484,24,2.808622074866669
1,2485,29,2.9566694114965832
1,2486,34,2.991252769068726
1,2487,21,2.7127119011164456
1,2488,37,3.1644175277268856
1,2489,33,3.1112245805757848
1,2490,26,2.7511614619853306
1,2491,29,3.1427887572630002
1,2492,34,3.05998049833894
1,2493,34,3.2594096082129544
1,2494,30,3.036438782176833
1,2495,29,3.1384692956277185
1,2496,29,2.998109978241873
1,2497,37,2.991433745089493
1,2498,42,3.176125095606564
1,2499,34,3.120553900070205
1,2500,35,2.835751261636774
1,2501,38,3.0291960160577984
1,2502,50,3.1511674084461108
1,2503,40,2.998102249947083
1,2504,35,3.1158320938597006
1,2505,36,2.9068138581333733
1,2506,28,3.0027081438899925
1,2507,23,2.5419080026340835
1,2508,24,2.6113497411179694
1,2509,24,2.8587642472657313
1,2510,21,2.5068336947275385
1,2511,30,3.038362324574535
1,2512,30,2.7569399567589032
1,2513,28,2.945712294706236
1,2514,36,3.010971975406137
1,2515,45,2.9963923669024055
1,2516,35,2.7538827628590834
1,2517,43,3.127259574819443
1,2518,45,3.16078403289136
1,2519,44,3.1308031663162597
1,2520,41,2.8029577835032473
1,2521,60,3.3283945213932062
1,2522,57,3.6350962194938083
1,2523,51,3.4813264872119674
1,2524,57,3.5339561785803264
1,2525,46,3.430205197727171
1,2526,62,3.3874411501493347
1,2527,58,3.46243451187245
1,2528,46,3.2152844388358472
1,2529,39,2.9210388628235924
1,2530,44,3.3531899881865495
1,2531,48,3.120992793074387
1,2532,46,3.1201214543239777
1,2533,47,3.0634194728602733
1,2534,35,3.257679183352562
1,2535,21,2.7137366933229723
1,2536,21,2.7660652824725984
1,2537,22,2.695657637485296
1,2538,24,2.6099348647494476
1,2539,27,2.5022187411419656
1,2540,31,2.5489955436074263
1,2541,21,2.502954607285811
1,2542,23,2.7818500163773447
1,2543,22,2.6627183878136367
1,2544,26,2.7074750505234726
1,2545,21,2.6769335033392627
1,2546,28,2.819023560963303
1,2547,16,2.3356293107691783
1,2548,19,2.467069888990912
1,2549,20,2.906204776917128
1,2550,26,2.6291605511674603
1,2551,19,2.6027173296284034
1,2552,17,2.5383025754687547
1,2553,15,2.3398401025350704
1,2554,15,2.3289388806144893
1,2555,18,2.6289181059588747
1,2556,21,2.705880854371831
1,2557,21,2.5706501275135047
1,2558,26,2.7120417160932817
1,2559,22,2.3981871826261587
1,2560,23,2.452032270632457
1,2561,26,2.5358590643230836
1,2562,25,2.81599878145286
1,2563,21,2.530642084243309
1,2564,15,2.075174418056927
1,2565,10,1.7721299681714342
1,2566,14,2.063495443898876
1,2567,15,2.0173825159811183
1,2568,12,2.0497327912503254
1,2569,13,2.3176030351004506
1,2570,13,2.198927388120892
1,2571,13,2.1199206385745426
1,2572,18,2.084489784414327
1,2573,15,2.022216669325916
1,2574,20,2.4047866540416987
1,2575,21,2.464020173844129
1,2576,32,2.6070491512207417
1,2577,26,2.805691979172476
1,2578,26,2.7966768107473046
1,2579,34,2.6934374569415884
1,2580,38,3.006061117531092
1,2581,34,2.81372068887109
1,2582,24,2.34193988366458
1,2583,18,2.298821832848605
1,2584,18,2.396983430165791
1,2585,21,2.6140128437511443
1,2586,20,2.29013796167485
1,2587,26,2.7577926492403697
1,2588,28,2.483409587563828
1,2589,18,2.1528262041377464
1,2590,17,2.0888843927538447
1,2591,16,2.2147821667806724
1,2592,14,2.2568641281136035
1,2593,13,1.946508158292486
1,2594,12,1.9871716620599988
1,2595,18,2.4922045138913376
1,2596,22,2.4952025291647617
1,2597,17,2.5701240526453764
1,2598,16,2.491519242536152
1,2599,14,2.31728281160191
1,2600,25,2.589885789243214
1,2601,30,3.046174775464983
1,2602,21,2.7342120415003093
1,2603,17,1.9807043565338316
1,2604,15,1.913838564937171
1,2605,14,2.1849055753065767
1,2606,16,2.570107783558787
1,2607,17,2.3980125029837693
1,2608,20,2.5868104708756516
1,2609,21,2.684323851698231
1,2610,30,2.785936589048979
1,2611,23,2.489128157966643
1,2612,19,2.4369915347699886
1,2613,17,2.4160106398442505
1,2614,16,2.066956900780853
1,2615,12,1.9057439206264775
1,2616,13,1.864312837705537
1,2617,14,1.9135968201337792
1,2618,14,1.6950517525193298
1,2619,11,1.7589818224696128
1,2620,13,1.59137535898335
1,2621,11,1.924394422642235
1,2622,8,1.7815906495828617
1,2623,10,1.7264512321761258
1,2624,14,2.1194329900801394
1,2625,13,1.895836800236812
1,2626,10,2.051053150551509
1,2627,11,2.016765938023606
1,2628,9,1.8408812791095461
1,2629,8,1.9939272122079172
1,2630,10,1.9321060390319156
1,2631,13,2.3255124147147956
1,2632,14,2.2223281034474507
1,2633,15,2.093799554017989
1,2634,18,2.0177094509869664
1,2635,14,2.2124590149069325
1,2636,13,2.197064553850973
1,2637,12,2.161208078997407
1,2638,10,2.0447653500895444
1,2639,12,2.2624124486107875
1,2640,13,2.4341149285308323
1,2641,13,2.377151898116591
1,2642,22,2.4202509233612535
1,2643,28,2.895930852396629
1,2644,53,3.165533067460691
1,2645,49,3.2395210975874775
1,2646,40,2.812360679202322
1,2647,48,3.281024326146687
1,2648,41,2.9328799779376995
1,2649,41,2.990993981540843
1,2650,29,2.6974650374244855
1,2651,33,2.9323213060845363
1,2652,31,2.665067093074144
1,2653,33,2.9688470485951983
1,2654,30,2.736803925008527
1,2655,39,2.923535501222181
1,2656,32,2.9521139403410626
1,2657,41,3.046361005618222
1,2658,41,3.0768944578137347
1,2659,37,2.8515555358205966
1,2660,34,2.546175235189448
1,2661,34,2.8578155203980393
1,2662,36,3.0254496991505087
1,2663,45,3.245344056059429
1,2664,28,2.849300809625902
1,2665,31,2.8056776331591764
1,2666,24,2.6122404453376986
1,2667,28,2.9515667942359336
1,2668,29,2.8618206696479787
1,2669,33,3.003268374501452
1,2670,38,3.114263468819595
1,2671,42,2.919472314832966
1,2672,25,2.4515265215580646
1,2673,21,2.391950134098773
1,2674,24,2.7774361837814685
1,2675,22,2.655241126554753
1,2676,32,2.770162199672161
1,2677,23,2.5872265225074793
1,2678,23,2.721550870078591
1,2679,26,2.6187700583520783
1,2680,24,2.5539110047700713
1,2681,23,2.662402562896109
1,2682,27,2.906826307045679
1,2683,21,2.691310207206719
1,2684,33,2.511112057252091
1,2685,37,3.1610163635779904
1,2686,36,2.821918179941849
1,2687,30,2.9668224633345313
1,2688,43,3.074857423640763
1,2689,40,3.3427885872062246
1,2690,30,3.092707928221023
1,2691,41,3.139628901424221
1,2692,35,3.288098942931841
1,2693,31,2.987988902184095
1,2694,30,2.7658202282102846
1,2695,27,2.652719311590541
1,2696,31,2.8686591724688615
1,2697,33,2.993404302893539
1,2698,39,2.98029882529834
1,2699,41,3.1426368197862753
1,2700,25,2.812121630537341
1,2701,30,2.7609237012193186
1,2702,34,2.804042299725857
1,2703,31,2.730778643965359
1,2704,27,2.75170155794837
1,2705,16,2.6147573793780747
1,2706,18,2.5217539343621915
1,2707,18,2.6131393423038816
1,2708,27,2.743812860236147
1,2709,28,2.8528108627041395
1,2710,24,2.529660590474607
1,2711,18,2.558350683331538
1,2712,17,2.50580519271932
1,2713,22,2.672401399366896
1,2714,25,2.5941972107762186
1,2715,22,2.490926178979574
1,2716,19,2.4163849598379783
1,2717,24,2.4835477688518006
1,2718,21,2.5207846219758094
1,2719,26,2.5274327545995803
1,2720,19,2.3685401371024755
1,2721,16,2.030657243215388
1,2722,19,2.427558967985013
1,2723,24,2.7154520543271277
1,2724,30,2.738971236202439
1,2725,34,2.5477752380299017
1,2726,18,2.237617562340099
1,2727,19,2.215674282562251
1,2728,15,2.211520588940556
1,2729,15,1.960765635533861
1,2730,21,2.253025276069319
1,2731,17,2.360028254155258
1,2732,27,2.5443966646808107
1,2733,24,2.3990697105768612
1,2734,20,2.4981668213901127
1,2735,18,2.738301371947901
1,2736,26,2.811491516528294
1,2737,27,2.819866824104235
1,2738,21,2.576750768938973
1,2739,28,2.812237402718534
1,2740,24,2.4335267239092326
1,2741,24,2.614370076957084
1,2742,20,2.5721377675896724
1,2743,23,2.65020594065479
1,2744,20,2.3367049584437454
1,2745,18,2.512062958396694
1,2746,10,2.2111220748456377
1,2747,12,1.9299113194921667
1,2748,15,1.7238146540711723
1,2749,10,1.5919780825135272
1,2750,6,1.4869878589477596
1,2751,7,1.6324335798082417
1,2752,7,1.8035131036024334
1,2753,7,1.6220027394164074
1,2754,9,1.7561882975390852
1,2755,8,1.7763075427357666
1,2756,8,1.583496115379634
1,2757,12,1.7156429878377195
1,2758,10,1.8714426476505328
1,2759,9,1.8829775896606784
1,2760,12,1.9750100040995595
1,2761,14,2.00906809381942
1,2762,11,2.049096297302083
1,2763,9,1.9134585684932994
1,2764,14,2.28928385876338
1,2765,18,2.4200135040500186
1,2766,17,2.144840975340918
1,2767,22,2.785613221185229
1,2768,23,2.737510582154439
1,2769,25,3.084062243668686
1,2770,28,2.9123286735543337
1,2771,33,3.057452992668915
1,2772,32,3.1288612896144694
1,2773,36,3.2686331792631287
1,2774,33,3.2534845605572724
1,2775,22,2.9632670838184727
1,2776,32,3.041771835087597
1,2777,27,2.8472414219044437
1,2778,28,2.82741349352793
1,2779,28,2.8992308761980516
1,2780,24,2.821972918288722
1,2781,28,2.833829431679934
1,2782,28,3.0176366443662856
1,2783,25,2.6908329274847915
1,2784,32,2.8898630578575144
1,2785,29,2.9745209800227217
1,2786,22,2.8331688709977167
1,2787,28,2.999273625179728
1,2788,26,2.968726628690789
1,2789,26,2.7361842241067573
1,2790,22,2.7554758048526167
1,2791,26,2.760834035131929
1,2792,21,2.557874376771065
1,2793,23,2.5881074992750577
1,2794,23,2.4291893819936945
1,2795,29,2.7400960764136397
1,2796,26,2.5350247909453767
1,2797,20,2.5780225462201942
1,2798,16,2.2484770879770064
1,2799,20,2.3299279349034925
1,2800,18,2.254173816372037
1,2801,13,2.416561232735239
1,2802,14,2.011338723782322
1,2803,11,2.2630052680658537
1,2804,8,2.348555414829739
1,2805,8,2.0889223441437696
1,2806,11,1.9976427848423834
1,2807,14,2.0990561003019574
1,2808,17,2.466555903114078
1,2809,21,2.7968805890229764
1,2810,19,2.369086853464807
1,2811,15,2.467714339982933
1,2812,23,2.54893232270783
1,2813,17,2.6299245344619244
1,2814,18,2.767090057419486
1,2815,24,2.905404237668176
1,2816,25,2.765373529056389
1,2817,23,2.5723504293059336
1,2818,29,2.5450150605500537
1,2819,31,2.8963554726654155
1,2820,32,2.8776926929571434
1,2821,38,2.9664464683760343
1,2822,44,2.919199395585667
1,2823,33,2.987715263804656
1,2824,40,3.0818696143377142
1,2825,33,3.1295546564379713
1,2826,30,2.603863080120072
1,2827,23,2.5340388475445677
1,2828,22,2.2769939196836537
1,2829,18,2.229854762799537
1,2830,11,2.1454725545090265
1,2831,13,2.2048549773070767
1,2832,15,2.38496912299101
1,2833,17,2.3342237308004177
1,2834,13,2.0716458040670935
1,2835,11,2.0855848836601902
1,2836,13,2.3000904758705234
1,2837,13,2.5666260965339216
1,2838,18,2.297453539692067
1,2839,18,2.4346138846098047
1,2840,29,2.410323679403847
1,2841,30,2.8354174690827496
1,2842,33,2.8106011234441737
1,2843,32,2.9313424016650704
1,2844,25,2.6747305508097012
1,2845,30,2.6511512483365354
1,2846,40,2.964170641279952
1,2847,25,2.9224129286185097
1,2848,19,2.5710244039322485
1,2849,23,2.6927715856138943
1,2850,30,2.93002471286611
1,2851,27,2.540668078183841
1,2852,41,2.9844095089695664
1,2853,32,2.5514816773244817
1,2854,27,2.7827546364715188
1,2855,30,2.8573069974076044
1,2856,25,2.830001150176213
1,2857,16,2.5395865407254146
1,2858,18,2.5205918310322573
1,2859,13,2.2924405978654785
1,2860,13,2.2601415946701775
1,2861,12,2.2463798757075075
1,2862,14,2.5991372255802285
1,2863,24,3.1237953984475846
1,2864,29,3.0430222400024047
1,2865,30,3.2601867962252102
1,2866,27,3.1713056299490856
1,2867,35,2.974352169795777
1,2868,32,2.953428484295196
1,2869,32,3.1520633738013504
1,2870,28,2.94347246946075
1,2871,31,3.256348745742794
1,2872,24,2.497128738381559
1,2873,28,3.0909790755432374
1,2874,21,2.6004508440692184
1,2875,23,2.48583387560769
1,2876,44,3.222134013072404
1,2877,41,3.135312618705651
1,2878,33,3.0516683182977276
1,2879,26,2.8938873384931694
1,2880,30,2.683198025439183
1,2881,37,3.057865243449028
1,2882,42,2.940215024312781
1,2883,25,2.6479962119078015
1,2884,26,3.0149289868128606
1,2885,25,2.9727459873577096
1,2886,18,2.358692630004676
1,2887,16,2.2539495265899574
1,2888,16,2.154368467965031
1,2889,10,1.8052097520627859
1,2890,8,1.8159950142975174
1,2891,10,2.054344212301908
1,2892,12,2.123000064642365
1,2893,11,2.183691669986614
1,2894,14,2.4668481058035834
1,2895,14,2.1220150864973344
1,2896,16,2.1033363142364143
1,2897,13,1.7382053967662454
1,2898,14,1.87703580576355
1,2899,10,1.9142027822410936
1,2900,10,2.0669780806557885
1,2901,10,2.076176092471359
1,2902,14,2.280574918557807
1,2903,15,2.2445184737485127
1,2904,13,2.257427798264205
1,2905,19,2.568468502055971
1,2906,29,2.6913949675301723
1,2907,27,2.701313627607084
1,2908,31,2.899233874118106
1,2909,38,2.852034713359535
1,2910,27,2.8263622472606422
1,2911,28,2.9592691485924183
1,2912,39,3.2239202460660987
1,2913,40,3.156795593629394
1,2914,40,3.0469059934059888
1,2915,27,2.941805398742589
1,2916,31,2.7689304366915857
1,2917,31,3.0401417833866624
1,2918,29,2.8486437498968953
1,2919,29,2.983976281449169
1,2920,22,2.969708721773306
1,2921,17,2.3747129329505285
1,2922,24,2.6428048860198348
1,2923,22,2.677083753142923
1,2924,19,2.67453052338856
1,2925,22,2.70424709304105
1,2926,16,2.42226158524073
1,2927,18,2.59186905517071
1,2928,19,2.3557166778785996
1,2929,33,2.8943710920118746
1,2930,22,2.7001438657817314
1,2931,22,2.7855750031285695
1,2932,23,2.804627087297083
1,2933,25,2.8743498366184936
1,2934,21,2.7692709779204843
1,2935,24,2.681276998927868
1,2936,31,2.9763685808784843
1,2937,23,2.5864851900445185
1,2938,28,2.871946743028426
1,2939,26,2.927846529808277
1,2940,25,3.170058692253399
1,2941,26,2.8741539411448707
1,2942,20,2.5551512530838654
1,2943,22,2.5088584109497307
1,2944,29,2.81421024598368
1,2945,28,2.7061135200026896
1,2946,18,2.4545863432513144
1,2947,18,2.762925937014294
1,2948,27,2.9007496713366447
1,2949,27,2.921040168355501
1,2950,23,2.9498125800980186
1,2951,24,2.662539095113846
1,2952,22,2.631492539396789
1,2953,17,2.6203571445750033
1,2954,25,3.0133270654504636
1,2955,21,2.90196203274218
1,2956,22,2.4157843799816474
1,2957,30,2.5906682486475794
1,2958,30,3.071691793028035
1,2959,18,2.5905963675747197
1,2960,21,2.664622036632365
1,2961,18,2.5098270151391104
1,2962,28,2.8906530297263027
1,2963,24,3.1287198039344615
1,2964,26,3.193086352065303
1,2965,38,3.0761848378501018
1,2966,31,2.682546921480782
1,2967,44,3.2609738182298185
1,2968,35,2.958684401563768
1,2969,32,3.3072356938005973
1,2970,39,3.2153798092383026
1,2971,32,3.027877984529984
1,2972,29,2.923457914034787
1,2973,41,3.265368907800083
1,2974,31,2.8600808004685225
1,2975,42,3.2340224089589884
1,2976,49,3.552212023570579
1,2977,37,3.2439784237934326
1,2978,35,3.3102128851494648
1,2979,43,3.219936821141187
1,2980,43,3.2493995252345296
1,2981,27,2.9916098351391818
1,2982,33,2.8201647979042104
1,2983,41,3.180744506793817
1,2984,28,2.7655940986076804
1,2985,36,2.90299674349548
1,2986,26,2.568960821846849
1,2987,25,2.563478887863741
1,2988,26,2.4865486957708156
1,2989,25,2.8229932865990417
1,2990,15,2.2180909625248066
1,2991,16,2.33277819549868
1,2992,22,2.749673123051522
1,2993,22,2.515827526039322
1,2994,19,2.2981712579970504
1,2995,18,2.3272741183486336
1,2996,15,2.339900501463391
1,2997,19,2.591120084625187
1,2998,19,2.6715748986618877
1,2999,20,2.7669082320065788
1,3000,14,2.2611947117854556
1,3001,15,2.2938746662090863
1,3002,19,2.5115523117778324
1,3003,15,2.3179165594276534
1,3004,17,2.3627707257297685
1,3005,15,2.3491142676795578
1,3006,13,1.9774943472684035
1,3007,13,1.680012409865061
1,3008,13,2.135196447832898
1,3009,11,1.781737486071766
1,3010,11,2.1341474458530065
1,3011,13,2.2989947716828913
1,3012,25,2.701386418118564
1,3013,40,3.1969388266954404
1,3014,42,3.3299587628453104
1,3015,36,3.107567049150292
1,3016,32,2.9785626013954074
1,3017,28,2.9459400272876843
1,3018,28,2.905916456784081
1,3019,25,2.8060565638863157
1,3020,36,3.0639526120460934
1,3021,42,3.170503193679202
1,3022,31,2.8259240558945935
1,3023,41,2.9993195398506884
1,3024,29,2.720162407462625
1,3025,27,2.6849406753848717
1,3026,22,2.76350465561241
1,3027,21,2.7690892288345923
1,3028,17,2.581147207839605
1,3029,18,2.593660775870223
1,3030,26,2.733200204671962
1,3031,31,2.9008419401975787
1,3032,20,2.550804551492503
1,3033,26,2.5664915126677044
1,3034,22,2.941226680144471
1,3035,30,3.0368371564997836
1,3036,37,3.088871440611388
1,3037,30,2.775319216936982
1,3038,29,2.7990392418144747
1,3039,21,2.540887258320034
1,3040,23,2.550631681541108
1,3041,21,2.3460766615336763
1,3042,28,2.6491942265840263
1,3043,34,2.852382437973155
1,3044,28,2.814781588805305
1,3045,37,3.052332023345155
1,3046,25,2.412073691701715
1,3047,25,2.9316486468990552
1,3048,30,3.169217424192191
1,3049,23,2.9607595023810678
1,3050,26,3.031474079984817
1,3051,27,2.993326561758572
1,3052,25,2.911434207893618
1,3053,21,2.857758144151833
1,3054,14,2.4130594399302665
1,3055,19,2.5668600846913163
1,3056,14,2.2503357179844397
1,3057,19,2.515922624373948
1,3058,18,2.4145215333998804
1,3059,16,2.2505647192395064
1,3060,15,2.3869197792834704
1,3061,21,2.541986150936345
1,3062,28,2.6933616177733977
1,3063,24,2.7104625265335716
1,3064,29,2.705410124259826
1,3065,23,2.600323324520692
1,3066,25,2.636659335924903
1,3067,25,2.625957534363979
1,3068,29,2.675109220657339
1,3069,34,2.9321089429535956
1,3070,37,2.9654249334227867
1,3071,27,2.5705549228839257
1,3072,38,2.9382605589267135
1,3073,25,2.7876554396112354
1,3074,31,2.9380009998812584
1,3075,26,2.6206350941277656
1,3076,30,2.8459203004952265
1,3077,43,3.226076555237486
1,3078,51,3.490759965286483
1,3079,44,3.2388444893020494
1,3080,51,3.295068465940025
1,3081,37,3.3149029672202817
1,3082,50,3.4702953499971767
1,3083,54,3.4969982703536577
1,3084,46,3.4652280264196578
1,3085,33,3.2651337790875807
1,3086,42,3.0117161899500067
1,3087,46,3.2377469764765747
1,3088,52,3.3687322605978443
1,3089,35,3.190968607289913
1,3090,44,3.2435132987846487
1,3091,32,3.094723689805777
1,3092,34,3.0734932410450426
1,3093,32,2.8827004876908386
1,3094,38,2.980934379302291
1,3095,32,3.090102439836669
1,3096,23,2.7422046133252014
1,3097,21,2.620064916321449
1,3098,20,2.780092459303487
1,3099,24,2.6466345017035477
1,3100,20,2.6331964132549848
1,3101,18,2.594799471354029
1,3102,21,2.53125856273706
1,3103,24,2.5008358791999545
1,3104,31,2.850051316969895
1,3105,35,2.9775393671958823
1,3106,36,3.031760896043845
1,3107,44,3.432241361355672
1,3108,33,3.0181806868512706
1,3109,32,2.860174892222973
1,3110,23,2.6581193531897505
1,3111,20,2.206405471666225
1,3112,27,2.4549279800634807
1,3113,28,2.410554338880972
1,3114,18,2.593082006301082
1,3115,16,2.608039999870587
1,3116,12,2.347043377897636
1,3117,15,2.1717416239987632
1,3118,17,2.454701980621165
1,3119,20,2.275977492398082
1,3120,20,2.5555130823097043
1,3121,22,2.506543774876519
1,3122,21,2.73559332458653
1,3123,19,2.3668036610279923
1,3124,16,2.4383603547683004
1,3125,15,2.4038516952944415
1,3126,18,2.4574960544758357
1,3127,18,2.480726295633239
1,3128,29,2.795627457745681
1,3129,33,3.0515749426605585
1,3130,33,3.0359990186281816
1,3131,26,2.7889590421255526
1,3132,32,2.903836119093946
1,3133,25,2.7349907428621587
1,3134,26,2.698902240537657
1,3135,27,2.6959825547975194
1,3136,26,2.586184784598142
1,3137,36,3.157286204898416
1,3138,31,2.8253790681068267
1,3139,36,3.1575338617124893
1,3140,37,3.2226369489705506
1,3141,45,3.255617527801788
1,3142,42,3.062620742025688
1,3143,41,3.087660651388458
1,3144,36,3.120210319494421
1,3145,45,3.202297460823646
1,3146,29,2.882654724186962
1,3147,34,2.834190234429319
1,3148,25,2.8095302248271503
1,3149,34,3.233257865031299
1,3150,28,3.1274983854818075
1,3151,36,2.973188706949503
1,3152,55,3.3946518275200592
1,3153,49,3.351887779942221
1,3154,35,3.177320217344497
1,3155,37,2.8044216517958978
1,3156,32,2.8425430228688375
1,3157,46,3.1719270162359665
1,3158,35,2.8899488622315004
1,3159,33,3.1681098445987805
1,3160,29,2.8057391861676666
1,3161,37,2.8668587644326857
1,3162,37,3.0650362435486254
1,3163,33,2.7185142045701793
1,3164,29,2.809728738304761
1,3165,42,3.030523880478348
1,3166,51,3.5104841926195265
1,3167,53,3.375196533672095
1,3168,40,2.9852262409977346
1,3169,46,3.228762108102413
1,3170,47,3.413045757015304
1,3171,48,3.2666113314456244
1,3172,41,3.2753795322901076
1,3173,35,3.109772374054427
1,3174,32,2.892815364547733
1,3175,34,3.1913382099845293
1,3176,43,3.223435619222429
1,3177,29,3.123486888702689
1,3178,36,3.0488943736939884
1,3179,26,2.8624664870638945
1,3180,18,2.625331256252371
1,3181,35,3.1126980732093816
1,3182,28,2.786382875403721
1,3183,25,2.858013826075163
1,3184,34,2.865488751359182
1,3185,29,2.5303338086656963
1,3186,28,2.651045732241891
1,3187,29,2.8276795578054013
1,3188,20,2.4534397374903962
1,3189,20,2.5132467825416467
1,3190,19,2.5570598306028063
1,3191,20,2.3621148580651554
1,3192,16,2.239883720065747
1,3193,16,2.4135345554011214
1,3194,13,1.9549509637100773
1,3195,15,1.971107757009976
1,3196,17,2.4151392544348256
1,3197,18,2.3058871154222733
1,3198,20,2.5552532840285185
1,3199,22,2.4768551726751866
1,3200,17,2.2302839904032634
1,3201,20,2.5097783824064677
1,3202,23,2.532242135633862
1,3203,30,2.7303078171700856
1,3204,33,2.6615527605141454
1,3205,37,3.0530703932356413
1,3206,31,3.0369061111138222
1,3207,41,3.066650602428219
1,3208,37,3.011103373847638
1,3209,34,2.991711839280003
1,3210,33,3.0813756189080648
1,3211,32,2.774150259611991
1,3212,37,3.019073309578342
1,3213,37,3.3426131866242885
1,3214,30,2.984775783801324
1,3215,27,3.0715388999421567
1,3216,20,2.719906458940048
1,3217,22,2.881231071546179
1,3218,32,2.984870254819613
1,3219,38,3.142549429054081
1,3220,41,3.0200835329993967
1,3221,30,3.184590490476278
1,3222,39,3.123303789490351
1,3223,37,3.0069399429902615
1,3224,25,2.692938963430203
1,3225,18,2.3490733699412
1,3226,17,2.154425032465526
1,3227,18,2.4983275794587163
1,3228,30,2.9663997821875068
1,3229,38,3.253903445260693
1,3230,45,3.3309691500033822
1,3231,49,3.272961882239253
1,3232,36,3.1170984169121185
1,3233,26,2.928933757892453
1,3234,19,2.665944099229881
1,3235,20,2.762239806195311
1,3236,23,2.8523936323874475
1,3237,25,2.85927116941881
1,3238,23,2.2775757826469785
1,3239,31,2.7897360991959284
1,3240,23,2.6038811181090775
1,3241,20,2.644791862471883
1,3242,24,2.6174560731691807
1,3243,26,2.5940139298159326
1,3244,47,3.22219109918915
1,3245,45,3.114083459488658
1,3246,45,3.083504372480559
1,3247,42,3.1591823180963328
1,3248,39,3.4723106953631544
1,3249,27,2.6899745012888765
1,3250,25,2.623048612465473
1,3251,26,2.857786243055126
1,3252,40,3.035081509951229
1,3253,48,3.3089375814004067
1,3254,48,3.2636529385226574
1,3255,50,3.2570819296093934
1,3256,47,3.303290767707202
1,3257,46,3.1111583925523734
1,3258,36,3.11984465635555
1,3259,36,3.216319543332136
1,3260,50,3.4104588450006936
1,3261,45,3.1232328066419415
1,3262,41,3.04041357859809
1,3263,45,3.1593681023664035
1,3264,43,3.340098520291151
1,3265,37,3.1306912147889716
1,3266,35,3.031004191842599
1,3267,32,2.7530938120838697
1,3268,32,2.87496608581074
1,3269,28,2.859688442485791
1,3270,35,2.977766778694272
1,3271,44,3.1721662046729167
1,3272,36,3.200949956780657
1,3273,27,3.0334658032087565
1,3274,25,2.837280573484348
1,3275,34,2.9607120968151492
1,3276,23,2.9290683275830642
1,3277,18,2.4405406042262907
1,3278,20,2.6610452207910718
1,3279,23,2.76756281169616
1,3280,27,2.834900505416507
1,3281,22,2.8514082366771984
1,3282,15,2.6149575921820296
1,3283,16,2.7452927737883748
1,3284,14,2.589371448483294
1,3285,13,2.2927960355501162
1,3286,13,2.734660896849724
1,3287,14,2.5285894756785305
1,3288,13,2.574262695447926
1,3289,13,2.223623847684452
1,3290,13,2.1601030481224823
1,3291,14,2.4775836657233192
1,3292,12,2.083052473437494
1,3293,13,2.0133953876053257
1,3294,16,1.9524543975974256
1,3295,10,1.8239897879653295
1,3296,11,1.956355446127199
1,3297,12,1.9242310484402063
1,3298,11,2.028847700044504
1,3299,11,2.163285569440343
1,3300,16,2.4987075501666887
1,3301,22,2.2988956496229798
1,3302,24,2.3846224127635263
1,3303,21,2.4274935514791722
1,3304,20,2.447777414574718
1,3305,27,2.657686741590578
1,3306,28,2.7459286331522286
1,3307,21,2.5715259726609427
1,3308,24,2.791937118194494
1,3309,24,2.748946159570364
1,3310,20,2.701743090691281
1,3311,22,2.7172636588868575
1,3312,23,2.6852458280182234
1,3313,22,2.728927771837041
1,3314,21,2.8278074568993588
1,3315,22,3.0599086624400686
1,3316,24,3.124977396438913
1,3317,21,2.616031194685133
1,3318,24,2.9424746835568873
1,3319,38,3.101646526625432
1,3320,32,2.9986941461447207
1,3321,36,3.2399813732874554
1,3322,30,2.7916478534746774
1,3323,30,2.6735204397394745
1,3324,25,2.7263401878486846
1,3325,21,2.6368416501953624
1,3326,31,3.0131468609472645
1,3327,23,2.570368367096286
1,3328,30,2.829379732454089
1,3329,26,2.7981010115582707
1,3330,21,2.7667988933139553
1,3331,22,2.6321893341991394
1,3332,20,2.4623531071956672
1,3333,21,2.6823742467016483
1,3334,22,2.59238422723483
1,3335,22,2.6383604520071393
1,3336,21,2.2339115242988643
1,3337,20,2.3996457511754907
1,3338,16,2.289870420923272
1,3339,31,2.835573499860653
1,3340,33,2.8733242125138347
1,3341,32,2.675040221385893
1,3342,23,2.8087609017976214
1,3343,21,2.600039374596119
1,3344,20,2.579701897189573
1,3345,30,2.7477313420582274
1,3346,37,2.8730725963432224
1,3347,28,2.8909606993742814
1,3348,26,2.710319916338074
1,3349,27,2.7330465268894573
1,3350,24,2.746915124243601
1,3351,25,2.7930408982493713
1,3352,26,2.9340638833702957
1,3353,21,2.601175064173501
1,3354,16,2.37453376711498
1,3355,21,2.4054855735829923
1,3356,23,2.815531394511165
1,3357,25,2.89192404943119
1,3358,25,2.7299355641713805
1,3359,36,2.7651622585260776
1,3360,42,3.369419601771304
1,3361,36,2.8808682886955994
1,3362,26,2.838691218441589
1,3363,26,2.7266092188931825
1,3364,22,2.6198783194743043
1,3365,25,2.5646320237561624
1,3366,24,2.561626365039242
1,3367,23,2.5807859263043267
1,3368,18,2.683869502104469
1,3369,22,2.2161005018174764
1,3370,15,2.023776002668429
1,3371,15,2.0232071904773457
1,3372,12,2.221580261557923
1,3373,11,1.8746179530380171
1,3374,9,1.663380159047327
1,3375,8,1.789952327534344
1,3376,12,2.015737368158716
1,3377,15,2.1549586963516316
1,3378,15,2.193619752150616
1,3379,10,2.0390862289025176
1,3380,11,1.9269278812897945
1,3381,13,1.8761038621959885
1,3382,10,1.6853637063086988
1,3383,9,1.8360655831349444
1,3384,11,1.7556177382802152
1,3385,18,2.09485261912809
1,3386,16,2.2304135011336634
1,3387,20,2.4100751262162436
1,3388,27,2.746538639833616
1,3389,23,2.6317149087129597
1,3390,28,2.6242148733376154
1,3391,36,3.0160069864083394
1,3392,28,2.8971691206092247
1,3393,27,2.736412734384738
1,3394,25,2.590968649228176
1,3395,26,3.0732296748949377
1,3396,31,3.198342672386688
1,3397,22,2.8458966416798437
1,3398,20,2.7997865731236464
1,3399,20,2.9194316130697935
1,3400,23,2.7306285489053503
1,3401,25,3.004754942927177
1,3402,23,2.776499048906385
1,3403,22,2.347536352267959
1,3404,28,2.543976932726735
1,3405,22,2.657214839466893
1,3406,25,2.611172628846468
1,3407,30,2.9193205346222157
1,3408,32,2.817257800392172
1,3409,18,2.4742795453023136
1,3410,16,2.3705056306430254
1,3411,34,2.7880589646104896
1,3412,31,2.7553985600776203
1,3413,41,2.8720294987456976
1,3414,33,2.7705073349365468
1,3415,32,2.990168476673129
1,3416,31,2.938739815654911
1,3417,39,3.094664359532684
1,3418,31,2.7765881146834146
1,3419,30,2.755280483873387
1,3420,27,2.5664559640256894
1,3421,27,2.7269996379994037
1,3422,28,2.8968533292487826
1,3423,29,2.848360740587842
1,3424,42,3.2465857081874017
1,3425,35,2.9461832306343165
1,3426,29,2.8378810397013132
1,3427,22,3.1588978204811995
1,3428,17,2.5230483321076087
1,3429,18,2.4366532782061094
1,3430,19,2.196779302629491
1,3431,14,1.9320889358032742
1,3432,20,2.0467628833353015
1,3433,16,2.6371354372072147
1,3434,23,2.3932321847604325
1,3435,21,2.516672434022787
1,3436,12,2.12120264014953
1,3437,11,2.151939833151292
1,3438,14,1.993096503742244
1,3439,17,2.556527058110891
1,3440,28,2.6227591000336643
1,3441,34,2.891071750692709
1,3442,32,2.6276492347819023
1,3443,21,2.6913140356017395
1,3444,30,2.742662952763976
1,3445,38,3.0389264449877973
1,3446,26,2.7913607587052747
1,3447,29,2.8857109364184246
1,3448,34,2.9729956456154083
1,3449,28,3.0810238322263594
1,3450,30,2.8147556796546143
1,3451,20,2.700333511285588
1,3452,17,2.688502624406203
1,3453,20,2.517584503191119
1,3454,20,2.8304205258567237
1,3455,17,2.4596209295922145
1,3456,20,2.79386220102512
1,3457,23,2.8021052882793263
1,3458,38,3.129154176417458
1,3459,38,3.188384886798909
1,3460,38,3.1089687303452207
1,3461,35,3.056494881255692
1,3462,34,3.1062363482596784
1,3463,24,2.9405740563088285
1,3464,25,3.1159724813198
1,3465,26,3.0029909412040094
1,3466,30,3.1234230173303676
1,3467,32,3.064337105046102
1,3468,36,3.0486760641022674
1,3469,26,3.1226509436786163
1,3470,28,3.3019062286785803
1,3471,34,3.132371761691974
1,3472,28,2.740115522848233
1,3473,29,2.7412040835648472
1,3474,28,2.5827228523826333
1,3475,23,2.767197650637009
1,3476,19,2.5520280810036495
1,3477,14,2.361971001401523
1,3478,14,2.413400207329809
1,3479,19,2.6200872250551672
1,3480,27,2.6486487225409405
1,3481,35,3.152556839299457
1,3482,33,2.9237145113173546
1,3483,40,3.2549991319325424
1,3484,58,3.3861842510831845
1,3485,51,3.4158929699285534
1,3486,46,3.4396093984587726
1,3487,32,3.0323333045822034
1,3488,32,2.885616405562059
1,3489,35,2.989523947826183
1,3490,27,2.5535769239136368
1,3491,31,2.872087465432752
1,3492,34,2.7585186130489068
1,3493,38,2.8028115769604796
1,3494,39,3.0598272274784817
1,3495,37,3.1319934230333013
1,3496,26,2.757136008510636
1,3497,37,2.980273017955042
1,3498,35,3.2764023887150486
1,3499,38,3.2891511465791328
1,3500,36,3.3036418762362008
1,3501,44,3.3309435933709923
1,3502,41,3.344283842609049
1,3503,32,3.118041380414069
1,3504,27,2.790474315618576
1,3505,24,2.336944228413588
1,3506,27,2.500976509888191
1,3507,27,2.7492921135107173
1,3508,27,2.8387991801238655
1,3509,27,3.0500121336190924
1,3510,25,2.7694455505166258
1,3511,39,3.1565955347730097
1,3512,36,2.870902127903955
1,3513,23,2.6113981853515362
1,3514,31,2.6682099108309094
1,3515,24,2.5241896796663523
1,3516,22,2.7308287928280883
1,3517,17,2.485844734763317
1,3518,16,2.2430600470564386
1,3519,13,2.1022883642970305
1,3520,16,2.4295644690757277
1,3521,17,2.5986028284636746
1,3522,17,2.645186439434749
1,3523,21,2.610447633326764
1,3524,21,2.468412919714222
1,3525,27,2.788326937886273
1,3526,31,2.70029233228407
1,3527,37,2.8644391074768007
1,3528,31,2.744145009346674
1,3529,22,2.5641724862759308
1,3530,24,2.655929299032412
1,3531,15,2.243128080040666
1,3532,21,2.3630541501463123
1,3533,20,2.3988982072000535
1,3534,22,2.5524311577985213
1,3535,17,2.353449611431336
1,3536,18,2.241902478646768
1,3537,21,2.231911932336939
1,3538,23,2.375977625021584
1,3539,23,2.6033599069706086
1,3540,16,2.34109384806183
1,3541,14,2.1297638583432037
1,3542,15,2.0980003009523114
1,3543,11,1.8181390266401598
1,3544,19,2.223789164360891
1,3545,14,2.4372184728653625
1,3546,14,2.48451026608385
1,3547,23,2.509003676058952
1,3548,25,2.5714870844013915
1,3549,20,2.509578204470475
1,3550,19,2.5385079506890866
1,3551,20,2.5677097187266265
1,3552,22,2.868666324418341
1,3553,19,2.7890189502332166
1,3554,24,2.7764171933979753
1,3555,19,2.4301615003262254
1,3556,16,2.4002147463990924
1,3557,13,1.8959586966153292
1,3558,10,1.964874764314346
1,3559,8,1.732914733160027
1,3560,9,1.9273865368510021
1,3561,10,1.9070726832714757
1,3562,7,1.9310125498408688
1,3563,8,1.765540985462354
1,3564,11,1.9554529304174033
1,3565,10,1.6703075995267271
1,3566,6,1.3222368681737056
1,3567,8,1.5010152298618191
1,3568,6,1.2944278133132143
1,3569,8,2.054378193792395
1,3570,11,1.9525721408932948
1,3571,10,1.964557981496104
1,3572,15,2.0954036661426296
1,3573,19,2.313499271330957
1,3574,21,2.3814678283168575
1,3575,26,2.8724736849861077
1,3576,26,2.4331725529475845
1,3577,24,2.6013972785673247
1,3578,24,2.841428407308945
1,3579,28,2.8061520452210464
1,3580,30,3.1746244731031346
1,3581,28,2.8416032887750067
1,3582,24,2.931936493549024
1,3583,21,2.5256235259824202
1,3584,20,2.5659093516698896
1,3585,19,2.4187499446929936
1,3586,17,2.367805763615872
1,3587,15,2.1715470286110485
1,3588,15,2.17081585893973
1,3589,15,2.2456712901054274
1,3590,18,2.5221748709102596
1,3591,19,2.297397978856602
1,3592,14,2.1531033806253865
1,3593,12,2.251311053656544
1,3594,18,2.161581617727225
1,3595,12,2.4910270270895953
1,3596,14,2.3332060762943674
1,3597,12,2.1828315055971417
1,3598,12,2.09138813829381
1,3599,12,2.115054852885869
1,3600,13,2.1597594952697183
1,3601,15,2.2996602042935543
1,3602,11,1.836905222458706
1,3603,11,1.6596347126845106
1,3604,8,1.3163893948774934
1,3605,8,1.4047016339091103
1,3606,9,1.1583395890271015
1,3607,8,1.5320343714573306
1,3608,8,1.7243054494827588
1,3609,10,1.8390727269842118
1,3610,10,1.9832571434442792
1,3611,11,2.0410461952834105
1,3612,14,2.0004800678137435
1,3613,15,2.1935374641385637
1,3614,21,2.5199209463553722
1,3615,26,2.843426894100305
1,3616,37,2.924765072902603
1,3617,44,3.1300317646382503
1,3618,32,2.9871686357256992
1,3619,34,2.94554786447721
1,3620,34,2.772643312873199
1,3621,33,2.8936215688517164
1,3622,30,2.6739223109459362
1,3623,27,2.8575484870288133
1,3624,36,2.9324223401370593
1,3625,38,2.802422363342954
1,3626,35,2.995488320234692
1,3627,33,3.146858501504029
1,3628,27,2.9147973399283544
1,3629,28,2.9615093060016418
1,3630,32,2.819523584313226
1,3631,34,3.0939980516316465
1,3632,36,2.962638681764
1,3633,30,2.726343897478529
1,3634,28,2.716305578908876
1,3635,24,2.3321233275066886
1,3636,19,2.745246038670594
1,3637,21,2.592818369957104
1,3638,18,2.678528992129574
1,3639,17,2.1433387927109497
1,3640,16,2.3875599675863315
1,3641,15,2.3317567087586712
1,3642,13,2.3802975484653324
1,3643,16,2.356586742532343
1,3644,14,2.107471044569258
1,3645,13,2.3426169654330886
1,3646,15,2.5575127447018975
1,3647,14,2.2817820832738653
1,3648,16,2.4532819929870677
1,3649,18,2.8702593150812845
1,3650,18,2.6693992558875284
1,3651,17,2.591208032837385
1,3652,16,2.479821830403117
1,3653,21,2.5764105156738206
1,3654,18,2.692255014121933
1,3655,22,2.550876099211959
1,3656,22,2.8255141072735115
1,3657,26,2.8253091434044864
1,3658,19,2.7111496003117037
1,3659,16,2.3351380050500063
1,3660,17,2.4036350235342785
1,3661,11,2.3041329925062244
1,3662,7,2.228022697339009
1,3663,8,2.029680044313809
1,3664,8,2.0659201394587203
1,3665,12,2.1826512351072003
1,3666,10,1.9984102499903837
1,3667,13,2.1201969426839917
1,3668,12,2.331999013880853
1,3669,16,2.0457456015514244
1,3670,16,2.0297541080715837
1,3671,10,1.9343222084130973
1,3672,18,2.782817539871467
1,3673,16,2.4473564595578705
1,3674,18,2.3137718811486536
1,3675,25,2.3419122347589383
1,3676,20,2.6166557835762996
1,3677,20,2.6620998792557553
1,3678,27,2.7878238671758697
1,3679,28,2.9989313104170034
1,3680,29,2.8669645363623606
1,3681,29,3.1546206987784404
1,3682,36,2.8754066611051017
1,3683,32,3.1269189064467997
1,3684,33,3.2640978880951965
1,3685,35,2.849138787749457
1,3686,23,2.737339468477231
1,3687,39,3.114608339948766
1,3688,39,3.250581916968846
1,3689,37,3.0086975394960023
1,3690,28,2.7446581611379033
1,3691,28,3.0277205835729215
1,3692,31,3.3474287913196563
1,3693,29,3.3292813830423125
1,3694,42,3.326964176030353
1,3695,42,3.291624336313121
1,3696,40,3.1851934345020925
1,3697,34,3.050290605584183
1,3698,30,2.7810040658392725
1,3699,18,2.3484547870470345
1,3700,25,2.6363837181955607
1,3701,36,3.0038822563205523
1,3702,32,2.9953416655451877
1,3703,31,2.90375546982553
1,3704,34,3.0436122525586367
1,3705,45,3.211917627446792
1,3706,42,3.2425237162062124
1,3707,35,3.2212145446488214
1,3708,32,2.880264502836512
1,3709,30,3.021984355419716
1,3710,26,2.8121009763152007
1,3711,33,3.116641047001962
1,3712,35,2.93725521315478
1,3713,33,2.78142709357089
1,3714,24,2.621878195926014
1,3715,33,3.0411718297256596
1,3716,37,2.881842120213618
1,3717,45,2.863872048779415
1,3718,34,2.8854435513338217
1,3719,33,2.894697517233446
1,3720,34,2.987067968367082
1,3721,34,2.9657380270972675
1,3722,27,2.7509306941714806
1,3723,29,2.9080505346048784
1,3724,29,3.064522169938783
1,3725,31,2.904399227154907
1,3726,30,2.7899142997893116
1,3727,22,2.4675869079010146
1,3728,26,2.863619207712309
1,3729,30,2.5853888214801186
1,3730,28,2.602280060294777
1,3731,25,2.779001985539424
1,3732,24,2.34487356184488
1,3733,20,2.505693074056543
1,3734,21,2.5016437705378247
1,3735,21,2.773030167067391
1,3736,18,2.597833640325552
1,3737,14,2.261956012486218
1,3738,19,2.483042139496023
1,3739,16,2.3834203791079216
1,3740,17,2.5364315042966807
1,3741,23,2.7312913599228765
1,3742,19,2.5491302441970394
1,3743,21,2.776287836615149
1,3744,21,2.5941792130153565
1,3745,23,2.8093941344425284
1,3746,18,2.668579301530489
1,3747,16,2.462858622194389
1,3748,8,2.062549648642124
1,3749,11,2.1295111102041044
1,3750,10,2.145473312085363
1,3751,10,2.0617143232239115
1,3752,9,2.239943339463174
1,3753,10,1.8223978009243114
1,3754,13,2.1553928120248247
1,3755,10,2.0446602292634903
1,3756,10,1.7919785320363006
1,3757,13,2.434409344686073
1,3758,12,2.275677484026014
1,3759,13,2.23479739011068
1,3760,15,2.1677770944848804
1,3761,14,2.2614255934839225
1,3762,21,2.4152637940742285
1,3763,22,2.580898816484674
1,3764,16,2.1043529008100936
1,3765,9,2.1884456810806276
1,3766,12,2.037010634069164
1,3767,15,2.336600371132648
1,3768,16,2.4105748981906956
1,3769,24,2.3239058121667644
1,3770,21,2.4267313115745233
1,3771,23,2.7758824820295507
1,3772,19,2.6923960890445597
1,3773,20,2.5682302249085605
1,3774,25,2.7141715937016473
1,3775,23,2.5761053122832522
1,3776,16,2.569186273396461
1,3777,20,2.689015562154869
1,3778,25,2.7332802170123593
1,3779,32,2.8493221366178623
1,3780,28,3.083789670760728
1,3781,27,3.0762980536648494
1,3782,28,2.848948748582678
1,3783,28,2.9226710906009075
1,3784,33,3.318093577627376
1,3785,38,3.1957080606069943
1,3786,28,2.7389407289465626
1,3787,27,2.928750070010117
1,3788,24,2.9718275147714195
1,3789,27,2.556309658517478
1,3790,19,2.53134695447587
1,3791,16,2.3995213963467403
1,3792,18,2.2336718057454283
1,3793,23,2.5552085477971773
1,3794,23,2.568714807094822
1,3795,24,2.530001173130339
1,3796,26,2.6343543808821375
1,3797,27,2.6162132758333607
1,3798,26,2.814909178233268
1,3799,27,2.7286315971416104
1,3800,29,2.650366537028153
1,3801,22,2.7257556656566866
1,3802,22,2.813018344424104
1,3803,19,2.43218006400655
1,3804,24,2.848773599641222
1,3805,24,2.991762334482073
1,3806,26,2.965260341755593
1,3807,35,2.85073053918961
1,3808,35,3.3366465524853566
1,3809,23,2.927957230236023
1,3810,24,3.0378417687187222
1,3811,25,3.0470905814971885
1,3812,24,2.7368644811248863
1,3813,35,3.073867194344864
1,3814,41,3.3168826950395798
1,3815,48,3.317256648339399
1,3816,57,3.3651293388279298
1,3817,44,3.1202769012608185
1,3818,38,3.0589091184911674
1,3819,47,3.4070534667001575
1,3820,51,3.364994504085622
1,3821,49,3.069526420710635
1,3822,39,2.818992777746902
1,3823,42,3.0463549799681817
1,3824,37,3.0757422066413915
1,3825,39,3.0211348661022166
1,3826,34,3.162922101116854
1,3827,33,2.8552395147775185
1,3828,32,3.1143294742406837
1,3829,31,2.8668003771187425
1,3830,24,2.978954791254964
1,3831,30,2.839850621563412
1,3832,33,2.8327999188558937
1,3833,27,2.6387797178836143
1,3834,35,2.9329212273914336
1,3835,41,2.9754180575084623
1,3836,29,2.741470544738526
1,3837,31,2.728443538736359
1,3838,30,2.7744860802233777
1,3839,30,2.622655336779869
1,3840,37,2.897765145435975
1,3841,41,3.043468029201097
1,3842,32,2.672683409440185
1,3843,23,2.5362067889367053
1,3844,27,2.9066099633795517
1,3845,23,2.5416498910511915
1,3846,18,2.427994203307918
1,3847,24,2.2259959919708043
1,3848,29,2.5530641553363194
1,3849,28,2.7721586860295324
1,3850,30,2.906531704218414
1,3851,29,2.999293811696651
1,3852,27,2.876449255900232
1,3853,22,2.471677739663906
1,3854,23,2.7559495735154282
1,3855,30,2.6813676895073026
1,3856,28,2.854587467287186
1,3857,39,3.2433813005124077
1,3858,45,3.187834071931827
1,3859,43,3.2069759779061524
1,3860,35,2.7201962983995083
1,3861,35,2.9863970685398202
1,3862,43,3.2368371960944136
1,3863,45,3.336371719697894
1,3864,49,3.274622982036433
1,3865,53,3.4283756662956533
1,3866,38,3.221298211890001
1,3867,38,3.0958746245504822
1,3868,40,2.8947847398424607
1,3869,36,2.732700080179211
1,3870,51,3.1443717971410052
1,3871,34,3.0580728067731924
1,3872,39,2.9401155624428648
1,3873,24,2.9485509080289267
1,3874,20,2.721365861654133
1,3875,30,3.012562195888368
1,3876,28,2.6093164688802046
1,3877,26,2.7608775483004973
1,3878,27,2.446717468457033
1,3879,19,2.4516831247885884
1,3880,21,2.3103197211658153
1,3881,21,2.154094005700137
1,3882,19,2.319954665251068
1,3883,15,2.1859002054501135
1,3884,20,2.3359310145748955
1,3885,25,2.311794865171278
1,3886,17,2.2821990709563615
1,3887,20,2.356064375688387
1,3888,26,2.599606468797785
1,3889,20,2.551588543625638
1,3890,19,2.6894498469994086
1,3891,20,2.568766638125655
1,3892,24,2.8980448700481647
1,3893,27,2.881529506201182
1,3894,29,2.9409096430387494
1,3895,26,2.661733192427768
1,3896,22,3.1870243516015524
1,3897,23,2.8532654441003995
1,3898,22,2.8143958761409955
1,3899,21,2.456145133627837
1,3900,32,2.9710858305930783
1,3901,37,2.8570534529315155
1,3902,37,2.9465645792691135
1,3903,34,3.008587795480335
1,3904,31,2.9496942658911713
1,3905,25,2.6933446548109474
1,3906,24,2.54929910988257
1,3907,23,2.5593979845685824
1,3908,20,2.397454371173213
1,3909,15,2.060181995902766
1,3910,18,2.5298659990354446
1,3911,19,2.328134986318939
1,3912,15,2.4307616290406098
1,3913,14,2.1824034976577154
1,3914,14,2.397248260837727
1,3915,19,2.7019214837761436
1,3916,21,2.656179374304967
1,3917,35,3.1126215999519564
1,3918,36,3.1276985668505226
1,3919,41,3.114101525157641
1,3920,33,3.1277254713457934
1,3921,43,3.339794436964609
1,3922,38,3.0840838625962452
1,3923,35,3.31298799501376
1,3924,44,3.4247927912706957
1,3925,53,3.365234432604901
1,3926,46,3.2632054466792155
1,3927,38,3.125150266390308
1,3928,27,2.9859190601306755
1,3929,22,2.6247930584207757
1,3930,22,2.7313115606154024
1,3931,21,2.6727440053402356
1,3932,27,2.76013769027578
1,3933,25,2.858982291805756
1,3934,27,2.5254975644408946
1,3935,17,2.7560905086660905
1,3936,18,2.5127461103583326
1,3937,20,2.3326260311000167
1,3938,19,2.20503406160973
1,3939,17,2.0983608371024443
1,3940,25,2.5859248619537087
1,3941,24,2.6437817308469866
1,3942,23,2.5541091888151395
1,3943,20,2.431617108122309
1,3944,27,2.8413520879990903
1,3945,28,2.787482569659843
1,3946,33,3.0042470081698798
1,3947,30,3.00759974226081
1,3948,27,3.010195884780224
1,3949,22,2.9598491044289092
1,3950,27,2.5754666304333225
1,3951,21,2.2246870139369834
1,3952,13,2.1412789795768923
1,3953,18,2.5345524540992668
1,3954,19,2.3954544573321437
1,3955,26,2.46389372604576
1,3956,36,2.6610697815861664
1,3957,33,2.7638957957016888
1,3958,30,2.4585996588738968
1,3959,32,2.435304569958986
1,3960,23,2.321071669319237
1,3961,22,2.252717800484865
1,3962,22,2.258514814478192
1,3963,27,2.536658212386085
1,3964,28,2.7729090825146527
1,3965,30,2.5466612390434613
1,3966,29,2.6055001086509377
1,3967,23,2.551362401681149
1,3968,21,2.3983934730483725
1,3969,22,2.5760356818601378
1,3970,31,2.9661685868517917
1,3971,41,3.2034107674817762
1,3972,25,2.83897241367424
1,3973,34,2.9281797499096838
1,3974,37,3.0370727713235937
1,3975,30,2.9976062399078396
1,3976,26,2.406140995142648
1,3977,28,2.734119519147976
1,3978,28,2.9019793987574434
1,3979,26,2.734435057533939
1,3980,32,2.849281099910465
1,3981,33,3.043878922328886
1,3982,44,3.271526155680253
1,3983,34,2.9832121042153825
1,3984,39,3.042934173897997
1,3985,25,2.82799715935106
1,3986,19,2.338419044325014
1,3987,10,1.9092110895515453
1,3988,11,2.0253372534881726
1,3989,15,2.412590409144607
1,3990,20,2.798874887398598
1,3991,22,2.6413693948612362
1,3992,19,2.3373639670408486
1,3993,14,2.327890503914376
1,3994,15,2.254304040608919
1,3995,14,2.4973457811702255
1,3996,14,2.1732498932640887
1,3997,18,2.380256494183856
1,3998,16,2.6516402985836955
1,3999,18,2.3371173221919928
1,4000,13,2.4304314433314915
2,1,6,1.5873959073696144
2,2,8,1.8241561309898904
2,3,7,1.6482714368882663
2,4,7,1.4605594892129439
2,5,6,1.2676384935045775
2,6,6,1.610622455668326
2,7,6,1.4469471760769026
2,8,5,1.2126692823054208
2,9,5,1.3460710438915715
2,10,5,1.188774469090236
2,11,5,1.510757251638796
2,12,5,1.5785094083448077
2,13,5,1.5110578558912624
2,14,5,1.3587420260691876
2,15,5,1.3401717550370265
2,16,5,1.142508045068504
2,17,5,1.373253242627964
2,18,5,1.264732917222788
2,19,5,1.4109174196549232
2,20,6,1.6772780211161544
2,21,6,1.6597395542830862
2,22,6,1.5111319473645786
2,23,6,1.4141768859569264
2,24,6,1.6552957705779323
2,25,6,1.5186430942978606
2,26,6,1.3907014186014033
2,27,5,1.3764770852400074
2,28,5,1.6489151421562145
2,29,5,1.5921421267209235
2,30,5,1.4229099280878956
2,31,5,1.4754135152892176
2,32,5,1.6083704229312623
2,33,5,1.392318090871862
2,34,5,1.424749357139187
2,35,5,1.462627502031649
2,36,5,1.5723661892703706
2,37,5,1.3895973559076609
2,38,5,1.411478113643558
2,39,5,1.522585690264875
2,40,5,1.480361484579345
2,41,5,1.4233571816979635
2,42,5,1.5886246724301372
2,43,5,1.6540789664478437
2,44,5,1.6086396891617034
2,45,5,1.47692837431467
2,46,5,1.3195400636644328
2,47,5,1.4626471071508496
2,48,7,1.5850794569027684
2,49,8,1.7816065003414114
2,50,8,1.6825371267686262
2,51,7,1.4873013212778528
2,52,6,1.3109525015881522
2,53,6,1.5089819760533278
2,54,6,1.4520826200463444
2,55,7,1.7880656547271148
2,56,7,1.8086395076659283
2,57,6,1.7010812798016115
2,58,6,1.764240959399964
2,59,6,1.865500709934576
2,60,6,1.6816336449286862
2,61,6,1.8296218985979462
2,62,6,1.8982254519201387
2,63,7,1.8785990548307256
2,64,7,1.9508031609467293
2,65,7,1.5651766555446538
2,66,8,1.6450292142805196
2,67,8,1.7881668135730795
2,68,8,1.6118603477776956
2,69,8,1.9764419493653316
2,70,8,1.6655332622159604
2,71,6,1.6865585849182088
2,72,5,1.4000533212688246
2,73,6,1.6926772982328675
2,74,5,1.3706312474259703
2,75,5,1.50403465543737
2,76,5,1.2730992289562533
2,77,5,1.350397137314589
2,78,5,1.3470314820685205
2,79,5,1.6383186651578079
2,80,5,1.5388824663819252
2,81,5,1.5759725363824906
2,82,5,1.5307281953620038
2,83,5,1.6330529648415961
2,84,6,1.6391736531117274
2,85,5,1.5994479099366332
2,86,5,1.5322374207313518
2,87,5,1.416398605605889
2,88,5,1.4423125711095204
2,89,5,1.1890126128099388
2,90,5,1.2950332890376588
2,91,5,1.5694730406866824
2,92,6,1.4091700461583807
2,93,5,1.2924221963013798
2,94,5,1.3268571946929728
2,95,5,1.4226366342131636
2,96,5,1.4921645635868868
2,97,5,1.421995101515423
2,98,5,1.6313560469586301
2,99,5,1.6609958659190185
2,100,5,1.3300892972716762
2,101,5,1.6375246132363181
2,102,5,1.3518458339449424
2,103,5,1.2999108830119637
2,104,5,1.1222631393869618
2,105,6,1.173620411034391
2,106,6,1.445758208006768
2,107,6,1.5245053119654655
2,108,8,1.4798267311833104
2,109,7,1.4521094608411396
2,110,7,1.4148826624524586
2,111,6,1.7113009127543775
2,112,6,1.3856581921834605
2,113,5,1.1685999305735852
2,114,5,1.11495396366809
2,115,5,1.4184517105451273
2,116,6,1.5329584582409517
2,117,6,1.463966083365158
2,118,6,1.4013573473251766
2,119,6,1.4329525011164836
2,120,6,1.4803212598826665
2,121,7,1.3628952026394838
2,122,7,1.1420911847641206
2,123,7,1.2562988172874503
2,124,6,1.3775070891866736
2,125,6,1.596132929655707
2,126,7,1.5253067918232688
2,127,6,1.2061497871380675
2,128,6,1.253487259906613
2,129,7,1.3489161503191167
2,130,5,1.4010405098925225
2,131,5,1.1791037880145883
2,132,6,1.2779930391053798
2,133,6,1.4035345175313272
2,134,6,1.2761794810181444
2,135,6,1.508707720155337
2,136,6,1.5199626155219503
2,137,5,1.2795972479132902
2,138,5,1.2600117068933758
2,139,5,1.5272154823103468
2,140,5,1.577902434545527
2,141,5,1.8159849131550865
2,142,5,1.8931020272927
2,143,5,1.6861763012292905
2,144,6,1.540873596355262
2,145,6,1.6480119600469356
2,146,5,1.4900290061970551
2,147,6,1.690694488831443
2,148,5,1.268804663705212
2,149,5,1.1861061551482779
2,150,5,1.219619468027235
2,151,5,1.1621611062325012
2,152,5,1.3446602700711878
2,153,5,1.3283627454637115
2,154,5,1.4279583013328034
2,155,6,1.8996932825312873
2,156,6,1.7359600808815974
2,157,5,1.642214672277433
2,158,5,1.5791626992301206
2,159,5,1.7003667353688652
2,160,5,1.5845939967260647
2,161,5,1.507148690808095
2,162,6,1.6236637999506103
2,163,5,1.779817092108975
2,164,5,1.7642517882222735
2,165,5,1.7361384047473591
2,166,5,1.7690298285944022
2,167,5,1.7166338769522005
2,168,5,1.6983474165436738
2,169,5,1.659619955857384
2,170,5,1.7019129611131234
2,171,5,1.8918654023775665
2,172,6,1.9326019565589867
2,173,6,1.9020678097386212
2,174,6,1.943091856977222
2,175,5,1.8754356902568166
2,176,5,1.6364873733669874
2,177,6,1.7144909088319382
2,178,5,1.5271880244986873
2,179,5,1.6408247691553557
2,180,5,1.4316424904432812
2,181,5,1.5398832967430636
2,182,5,1.6554653540932995
2,183,5,1.6019122367346759
2,184,5,1.7037079610692558
2,185,5,1.6477113154869079
2,186,6,1.644800831197264
2,187,5,1.6045774906762578
2,188,5,1.5912246963805385
2,189,5,1.6238348117924257
2,190,5,1.6011231176711007
2,191,5,1.702219740227036
2,192,5,1.7515173100215375
2,193,5,1.8119982972793496
2,194,5,1.7410527276478156
2,195,5,1.7023728224569061
2,196,5,1.6058306781567655
2,197,5,1.6566352118529326
2,198,5,1.558350165602774
2,199,5,1.4555643816525126
2,200,5,1.6030247922444065
2,201,5,1.644791335547608
2,202,6,1.6343713099763653
2,203,6,1.8075143549588155
2,204,5,1.4547299656649852
2,205,5,1.6221417075883222
2,206,5,1.5236665924393544
2,207,5,1.694741000258003
2,208,5,1.6821005646130929
2,209,5,1.7030053521439474
2,210,5,1.526064273632406
2,211,5,1.861066796831826
2,212,5,1.4399113166177644
2,213,5,1.5376322998799319
2,214,6,1.6084418505816873
2,215,6,1.6455830960233042
2,216,6,1.4578925489326355
2,217,6,1.6710645249527691
2,218,6,1.8331301574951313
2,219,6,2.078334469382401
2,220,6,1.6208436697274653
2,221,6,1.708989557542056
2,222,6,1.8016185059167555
2,223,6,1.744651039946298
2,224,6,1.7300054974407582
2,225,6,1.7345306059266994
2,226,7,1.8970177154970203
2,227,6,1.6588313000127108
2,228,7,1.7839929600019029
2,229,7,1.8550295579098859
2,230,8,2.1230561829147288
2,231,7,1.765460367192322
2,232,6,1.9427228072422018
2,233,6,1.8149138902321775
2,234,5,1.7048792671538449
2,235,5,1.6140202860061628
2,236,5,1.4871230804300168
2,237,5,1.5489335817949161
2,238,5,1.5842559940900989
2,239,5,1.791713897573918
2,240,5,1.5396725523803454
2,241,5,1.6191129879999075
2,242,5,1.5108416018994517
2,243,5,1.3026227973063476
2,244,5,1.5487827448686327
2,245,5,1.4579316021844981
2,246,6,1.571849092333495
2,247,6,1.764924342207519
2,248,6,1.6477825810687352
2,249,6,1.8740904952824344
2,250,6,1.8509811925719406
2,251,6,1.864274840838998
2,252,6,1.9136631377649636
2,253,6,1.7203376743375816
2,254,6,1.7824447142793485
2,255,6,1.8120028913148332
2,256,6,1.8040060483083664
2,257,6,2.0128935569147055
2,258,6,1.910702583744143
2,259,7,1.8246460256422519
2,260,7,1.8253639828460901
2,261,6,2.075066369159364
2,262,7,2.0392416217435474
2,263,7,2.0261347462246184
2,264,6,2.1516879671726756
2,265,6,1.9373641660689978
2,266,6,1.8613363172477424
2,267,6,2.0208235078000403
2,268,7,2.0072732033458642
2,269,6,1.964527398755695
2,270,6,1.620905109473945
2,271,5,1.552839867471107
2,272,5,1.6701134982118022
2,273,5,1.7337030872940975
2,274,5,1.6731173794758893
2,275,5,1.5955574973534574
2,276,5,1.6923772771109213
2,277,5,1.6825674722519657
2,278,6,1.8004657583279906
2,279,6,1.66820927461647
2,280,6,1.856417117973976
2,281,6,1.7547897943643087
2,282,6,1.7868050198000702
2,283,6,2.047145861804224
2,284,6,1.8952856607571893
2,285,6,1.8431445821054884
2,286,5,1.9410430755375443
2,287,5,1.6745364994466305
2,288,5,1.6653958022179491
2,289,5,1.8005551041916936
2,290,5,1.5891298623255254
2,291,5,1.8389845313653503
2,292,5,1.535909259131083
2,293,5,1.77866601806537
2,294,5,1.8147106679478697
2,295,5,1.9149413435485747
2,296,5,1.694083942816024
2,297,5,1.7067375254499093
2,298,5,1.7218590643776697
2,299,5,1.55107986635036
2,300,5,1.7475517158527687
2,301,5,1.6302125806882781
2,302,5,1.6429792836934265
2,303,5,1.5068735496655128
2,304,5,1.5615676275693477
2,305,5,1.5506773783446661
2,306,5,1.4998388011092048
2,307,5,1.808492158627526
2,308,5,1.7569249054415517
2,309,5,1.6325989751993695
2,310,6,1.617764721535612
2,311,5,1.733667705650141
2,312,5,1.6198890300110573
2,313,6,1.6130944938179788
2,314,5,1.5115226441293919
2,315,5,1.4864455644384655
2,316,5,1.4984925936478644
2,317,5,1.4536476291175724
2,318,5,1.4740673140417826
2,319,5,1.6170872408205472
2,320,5,1.5938345378924241
2,321,5,1.7413730720759704
2,322,5,1.7277083442944532
2,323,5,1.7356730562260028
2,324,5,1.7106814623423947
2,325,5,1.6954427180198817
2,326,5,1.6845438537026047
2,327,5,1.7978130413386966
2,328,5,1.6704818363825646
2,329,5,1.7186547602361362
2,330,5,1.6845997452539665
2,331,5,1.7794023241579118
2,332,6,1.7551467113537425
2,333,6,1.7793152002613604
2,334,6,1.7798894631481184
2,335,5,1.6234182514363158
2,336,5,1.6900703558281265
2,337,5,1.6342487817897289
2,338,5,1.8322182785822374
2,339,6,1.8672554021928955
2,340,6,1.673227883928452
2,341,6,1.7667949609973905
2,342,5,1.564680335854062
2,343,5,1.8041592267810374
2,344,5,1.7864398489514737
2,345,5,1.7274208276112941
2,346,5,1.373897438357734
2,347,5,1.3631934823721417
2,348,5,1.2976362503042562
2,349,6,1.5197837146172302
2,350,5,1.7533263292754167
2,351,5,1.5102973188213835
2,352,5,1.6241767487071703
2,353,5,1.6763206213932493
2,354,5,1.7158835278512603
2,355,5,1.858808316083783
2,356,5,1.851186668195476
2,357,5,1.9259932605816936
2,358,5,1.539280045809794
2,359,5,1.5193345552628106
2,360,5,1.467101470439368
2,361,5,1.433543965586911
2,362,5,1.7311787883926106
2,363,6,1.6056585098435026
2,364,5,1.7254838104960628
2,365,6,1.6784317330505214
2,366,6,1.426229759948634
2,367,6,1.2845183348970761
2,368,5,1.5502403222664216
2,369,5,1.6562525862486934
2,370,5,1.5277113120779173
2,371,5,1.3403693019193623
2,372,5,1.382537696611033
2,373,5,1.4244072239525623
2,374,5,1.6673553612486356
2,375,5,1.5167633351521466
2,376,5,1.3114903036923486
2,377,5,1.5201669400185711
2,378,5,1.47061457360837
2,379,5,1.3130471781980568
2,380,5,1.6084977445343287
2,381,5,1.6960006294992658
2,382,5,1.5543668133377935
2,383,5,1.542572538631351
2,384,5,1.446177753503544
2,385,5,1.4470605245644554
2,386,5,1.4773825853968057
2,387,5,1.4434827674002264
2,388,5,1.5089148777090626
2,389,5,1.4614092967688044
2,390,5,1.3931825762317986
2,391,5,1.3379499387696372
2,392,5,1.4286548767888574
2,393,5,1.4269993768919713
2,394,5,1.6349104508471815
2,395,5,1.5728245806773598
2,396,5,1.5684966080137657
2,397,5,1.374426623369427
2,398,6,1.5201770814685633
2,399,5,1.6124572807375963
2,400,5,1.5105469836189642
2,401,5,1.5150802985980385
2,402,6,1.5277959728861603
2,403,5,1.5008867805332011
2,404,5,1.5316316839979538
2,405,5,1.5253952079231858
2,406,5,1.3307781352201502
2,407,5,1.4042341999887955
2,408,6,1.1766025154805861
2,409,5,1.2793665085022732
2,410,5,1.5430872781145335
2,411,5,1.6633080908985654
2,412,5,1.6761568352754712
2,413,5,1.4229260637524193
2,414,7,1.6032616032470903
2,415,6,1.474502289516562
2,416,6,1.6708259211276824
2,417,6,1.537523142183964
2,418,6,1.6673314191655315
2,419,6,1.675134286767873
2,420,6,1.854540360963557
2,421,6,1.712363702985837
2,422,6,1.7741839289044377
2,423,6,1.689795700941617
2,424,6,1.6718074623445602
2,425,6,1.600204891917516
2,426,6,1.5351444182433878
2,427,6,1.7395619184507782
2,428,6,1.79799819483776
2,429,6,1.710608063633857
2,430,6,1.4868705892856666
2,431,6,1.0864588393521517
2,432,6,1.3092473775219782
2,433,6,1.2890293015895007
2,434,6,1.4525603505184894
2,435,6,1.6846588864536964
2,436,6,1.4407936455087826
2,437,6,1.4368186770716571
2,438,6,1.6109578691057487
2,439,6,1.46037975485982
2,440,6,1.6494226154326244
2,441,7,1.933355780471946
2,442,5,1.5978652191442118
2,443,5,1.534410987502123
2,444,6,1.663341725349102
2,445,6,1.5755142422693886
2,446,5,1.3418078485355704
2,447,5,1.3945792127289094
2,448,5,1.1766303684257897
2,449,5,1.336648076864647
2,450,5,1.439550946663679
2,451,5,1.4292988540020155
2,452,5,1.2672760869228927
2,453,5,1.1778905699120603
2,454,5,1.2710473560603948
2,455,5,1.2877792676187303
2,456,5,1.389589398669718
2,457,5,1.3161805792799766
2,458,5,1.3272539904405467
2,459,5,1.1632422089685024
2,460,5,1.214859394373712
2,461,5,1.4004568896802372
2,462,5,1.489658845428603
2,463,6,1.4279716673910654
2,464,6,1.410240596042096
2,465,5,1.6724298910543536
2,466,5,1.5844413487965339
2,467,5,1.4327035759321598
2,468,5,1.6719444254092255
2,469,5,1.7379372573720802
2,470,5,1.6259527143983616
2,471,5,1.6013690469202477
2,472,5,1.3095628011403413
2,473,5,1.481986221256737
2,474,5,1.4425350645742139
2,475,5,1.2697043867724886
2,476,5,1.285059641889526
2,477,5,1.4970478982523652
2,478,6,1.582473452184888
2,479,6,1.514384709441749
2,480,6,1.5037899170488784
2,481,6,1.6762435380877143
2,482,7,1.6367569195197351
2,483,5,1.6149615065999394
2,484,5,1.7030340124140269
2,485,6,1.8770054289698166
2,486,6,1.667098169479797
2,487,6,1.6460521985524137
2,488,5,1.6939199304471253
2,489,6,1.424841824247662
2,490,5,1.3149469523177122
2,491,5,1.4630168974419049
2,492,5,1.452656410226456
2,493,5,1.315328224552736
2,494,5,1.5068062528366704
2,495,5,1.3944369473617972
2,496,5,1.3719136372531637
2,497,5,1.1776021215603407
2,498,5,1.4753361147665354
2,499,5,1.3460494552951214
2,500,5,1.4678269740670533
2,501,5,1.5296087980849649
2,502,5,1.5281464517920367
2,503,6,1.5932093663937748
2,504,5,1.5857040739329724
2,505,5,1.6997434243810776
2,506,5,1.5568966287652533
2,507,5,1.6405787348702745
2,508,5,1.5145184285378055
2,509,5,1.3596908942054187
2,510,5,1.420960991712131
2,511,5,1.377070039881326
2,512,5,1.4961268508149872
2,513,5,1.380946651978336
2,514,5,1.3407574038874026
2,515,5,1.509518653304239
2,516,5,1.3939006990226552
2,517,5,1.419166575445725
2,518,6,1.4396027140571532
2,519,6,1.8218174314553957
2,520,6,1.693119888031033
2,521,6,1.4540316201743804
2,522,7,1.7109399273830252
2,523,7,1.5712540298618638
2,524,7,1.7174366456573797
2,525,7,1.7414149320179932
2,526,6,1.4676881917935085
2,527,7,1.56543305692544
2,528,7,1.4322280208927456
2,529,8,1.5710691887016375
2,530,7,1.4226873987243431
2,531,7,1.6642781568716507
2,532,7,1.6137009961339963
2,533,7,1.8017821212250773
2,534,7,1.6509369921378392
2,535,7,1.4155221744182507
2,536,7,1.604990615664323
2,537,6,1.506864208343338
2,538,6,1.5192015379959702
2,539,6,1.6951986504436367
2,540,6,1.7325185240846963
2,541,6,1.549900655308588
2,542,6,1.5930850900648679
2,543,8,1.5513410521589948
2,544,8,1.7380165931587745
2,545,9,2.0009120468643924
2,546,8,1.9589717081446523
2,547,8,2.185828122474434
2,548,7,1.9307748779604514
2,549,6,2.0071621925494543
2,550,8,1.8858565477261906
2,551,5,1.7708723204414771
2,552,6,1.765486358312768
2,553,7,1.759545076761916
2,554,7,1.9337923522450735
2,555,8,1.960878415446499
2,556,9,1.8055624775824901
2,557,8,2.0144272771123366
2,558,8,1.8475242166432153
2,559,8,1.8836776226940661
2,560,8,1.9830308287753202
2,561,8,1.9566087419577713
2,562,8,1.6082067078447428
2,563,8,1.9527495440455516
2,564,8,1.9473138075098682
2,565,8,2.018846448691802
2,566,7,1.9930182486508077
2,567,8,1.7617582817719266
2,568,7,1.6660459504944138
2,569,6,1.6605273467767727
2,570,6,1.7394708243756196
2,571,6,1.8305115310871667
2,572,6,1.7836198938891261
2,573,6,1.6925967824018966
2,574,5,1.6175915385197506
2,575,5,1.5890089117880493
2,576,5,1.6000557116218808
2,577,5,1.5427745750667832
2,578,5,1.8009465253208359
2,579,6,2.0222475408519984
2,580,6,1.7051123012494616
2,581,6,1.5084448587537116
2,582,7,1.4675336826122476
2,583,7,1.725627204533816
2,584,7,1.7431898792868847
2,585,6,1.5506878817072778
2,586,6,1.5957732434603362
2,587,6,1.6982227518013753
2,588,7,1.756949930358454
2,589,5,1.3404719210346343
2,590,6,1.2274334881473066
2,591,6,1.285106826523939
2,592,5,1.2461043584359146
2,593,5,1.3949884861293889
2,594,6,1.732309554695537
2,595,5,1.7287315063683186
2,596,6,1.8438232964814478
2,597,6,1.6047095526278206
2,598,5,1.424481074606565
2,599,5,1.6717392603396775
2,600,5,1.8390924900209726
2,601,5,1.656679565940812
2,602,5,1.4884887477272501
2,603,5,1.2402335352270821
2,604,5,1.2185754386931782
2,605,5,1.325419038243651
2,606,5,1.2402335352270821
2,607,5,1.0926316691147262
2,608,5,1.4012645838236755
2,609,5,1.2946419858052964
2,610,6,1.3546349041422836
2,611,6,1.5013152503242022
2,612,6,1.327067860690506
2,613,5,1.320705614016902
2,614,5,1.4599892351793224
2,615,5,1.5117502599300772
2,616,5,1.3908406931863744
2,617,5,1.4099067790683186
2,618,5,1.7646470127085476
2,619,5,1.337277383356314
2,620,5,1.5330739570719487
2,621,5,1.432888492754374
2,622,5,1.8138980233591933
2,623,5,1.597704334389289
2,624,5,1.1534698091642088
2,625,5,1.2699483271043674
2,626,6,1.3702883756260107
2,627,7,1.3173668227427862
2,628,6,1.2154112102670092
2,629,5,1.3134217931932226
2,630,5,1.6102242064532541
2,631,5,1.6010562289972445
2,632,6,1.5463565013831984
2,633,6,1.648360546805132
2,634,7,1.8718455832169698
2,635,9,2.0455210043117047
2,636,7,1.904916410687452
2,637,7,1.547942525932783
2,638,6,1.6511410032699345
2,639,6,1.535712163169721
2,640,6,1.4430078004024476
2,641,6,1.7102404464681031
2,642,6,1.6256590379889273
2,643,6,1.3352114392010526
2,644,6,1.3327637104710228
2,645,6,1.247234743431378
2,646,6,1.5659808671992774
2,647,6,1.3455070967272933
2,648,5,1.2395499214009518
2,649,5,1.3888127994639752
2,650,6,1.648514823293728
2,651,7,1.5530442710213404
2,652,6,1.4689004270087436
2,653,6,1.5186667426933704
2,654,7,1.8263703494493746
2,655,7,1.5770502101862052
2,656,8,1.622141935894537
2,657,7,1.5310838708576435
2,658,6,1.4149669379617498
2,659,6,1.821114799002698
2,660,6,1.8190305548960382
2,661,6,1.6770008477447758
2,662,6,1.7042747451824178
2,663,6,1.9038557097236342
2,664,6,1.4802356433358832
2,665,5,1.260836796028597
2,666,5,1.3037058670045898
2,667,5,1.4140378471822759
2,668,5,1.1901011677508473
2,669,5,1.4509497405289489
2,670,5,1.2338379686524394
2,671,5,1.2054375558247998
2,672,5,1.3565201500344646
2,673,5,1.2638670219066714
2,674,5,1.2056379670684354
2,675,5,1.1876985292377684
2,676,5,1.2007007245383603
2,677,5,1.091015174013541
2,678,5,1.5257462385181069
2,679,6,1.5015977862082903
2,680,7,1.7959794905893887
2,681,7,1.5771042091628136
2,682,7,1.571300494682415
2,683,7,1.6348653889747693
2,684,7,1.58714772461125
2,685,8,1.5626630897619593
2,686,7,1.534063839877815
2,687,7,1.5622835559638828
2,688,6,1.5079242079340323
2,689,8,1.6055513789660427
2,690,6,1.5915105925262139
2,691,7,1.44191224160386
2,692,7,1.618668035768955
2,693,6,1.6416835473832565
2,694,6,1.4487412134580322
2,695,6,1.314449212907828
2,696,7,1.5023690583922638
2,697,6,1.2502301981952613
2,698,6,1.5390525705897526
2,699,6,1.5083467976809595
2,700,7,1.687134298923083
2,701,6,1.479655791607784
2,702,5,1.5338100099954652
2,703,5,1.3712900505075987
2,704,5,1.3174820430977805
2,705,5,1.371944477203046
2,706,5,1.3171986266662126
2,707,5,1.4966862180930711
2,708,5,1.2424408146054962
2,709,5,1.4149237249191082
2,710,6,1.4108318252970666
2,711,7,1.523283272044964
2,712,5,1.4490248020275471
2,713,5,1.4232222876135987
2,714,5,1.2573693689347039
2,715,5,1.1338027749588724
2,716,6,1.2494724214905988
2,717,5,1.3046920058302196
2,718,5,1.3495210996246891
2,719,5,1.482055248744516
2,720,5,1.3808392096420774
2,721,5,1.2475090120090453
2,722,5,1.4698182442761762
2,723,5,1.550426261064752
2,724,5,1.569936073933385
2,725,5,1.5541342656764972
2,726,5,1.3230262077259698
2,727,5,1.3654652052293539
2,728,6,1.444015870057366
2,729,7,1.5000897385193888
2,730,8,1.6621142537029439
2,731,6,1.4872772270436787
2,732,6,1.4038264574824741
2,733,6,1.3627527603181901
2,734,6,1.2802961090590794
2,735,7,1.2831320188182325
2,736,7,1.2742408089544748
2,737,8,1.1625596079512843
2,738,7,1.3668019111354996
2,739,7,1.4467064714972846
2,740,8,1.5984151755446865
2,741,8,1.503024595289999
2,742,9,1.6094516687060083
2,743,7,1.5528052217114396
2,744,7,1.4898875119611876
2,745,6,1.4553134684025744
2,746,6,1.2067527648493463
2,747,5,1.1465684334318476
2,748,5,1.3719234473435833
2,749,5,1.1995585559320157
2,750,5,1.3302515354923568
2,751,5,1.3773532954211696
2,752,5,1.3669111510865735
2,753,5,1.1974859259071806
2,754,5,1.0199992104393578
2,755,5,1.4759083951311713
2,756,5,1.3366606843044848
2,757,6,1.3263141907623122
2,758,6,1.6236574137922908
2,759,6,1.329274285045463
2,760,6,1.558825818299535
2,761,6,1.677581782721563
2,762,7,1.515755865872186
2,763,6,1.571677168223141
2,764,6,1.5186933507017049
2,765,6,1.6065782644762718
2,766,5,1.4611130632746114
2,767,5,1.5539894434253716
2,768,5,1.348657608462711
2,769,6,1.5722543310581756
2,770,6,1.551038834569301
2,771,7,1.5445865885198753
2,772,6,1.6021347658128748
2,773,6,1.6236365160767554
2,774,7,1.8925365473145863
2,775,8,1.8098143937948628
2,776,8,1.8606672351449207
2,777,7,1.4219761126975712
2,778,9,1.7794671411907212
2,779,8,1.7861500433922002
2,780,7,1.695900013202797
2,781,6,1.5065783148343037
2,782,6,1.6109213246460863
2,783,7,1.4604782219748662
2,784,7,1.561511598725298
2,785,6,1.4232774087298132
2,786,6,1.4427455563989717
2,787,5,1.4091131884559163
2,788,5,1.2809317475911404
2,789,5,1.3819111231114642
2,790,6,1.2232527922859808
2,791,6,1.2558928057211243
2,792,8,1.4206877318519022
2,793,6,1.3910210527116291
2,794,6,1.5412737740890239
2,795,5,1.4949923269757721
2,796,5,1.5588265642091965
2,797,6,1.7481556973646626
2,798,6,1.2139251285349832
2,799,6,1.531075010772366
2,800,6,1.1379329491057968
2,801,5,1.2089356589805003
2,802,5,1.0429205536262387
2,803,5,1.2085813004435675
2,804,5,1.2085813004435675
2,805,5,1.3905859129975084
2,806,5,1.2474042791117417
2,807,5,1.071199577661547
2,808,5,1.0536420682210044
2,809,5,1.1792082500459578
2,810,5,1.2941103069884958
2,811,6,1.71618658491927
2,812,5,1.361725223015386
2,813,5,1.5371875834638749
2,814,5,1.5590811246922005
2,815,5,1.3604473986471346
2,816,5,1.3925706947390983
2,817,5,1.305747898057457
2,818,5,1.4312945334595386
2,819,5,1.4557157545018011
2,820,5,1.4464024846753185
2,821,5,1.3149973529943315
2,822,6,1.4407609696722803
2,823,6,1.8420011508203147
2,824,6,1.6884640650533322
2,825,6,1.6991038811402275
2,826,6,1.6047460234534205
2,827,5,1.5740786054610707
2,828,6,1.4908492749571254
2,829,6,1.3575532878028804
2,830,6,1.6130313319525076
2,831,5,1.3446798825416475
2,832,5,1.3446798825416475
2,833,6,1.42817045821081
2,834,5,1.265238543790764
2,835,5,1.367642496119871
2,836,5,1.281610089654702
2,837,5,1.1755419680987047
2,838,5,1.3308662383310583
2,839,5,1.3473732018097953
2,840,5,1.407825887036211
2,841,5,1.431827779984896
2,842,5,1.594318958497758
2,843,5,1.5385161239015543
2,844,5,1.4911670176510512
2,845,5,1.6424091051424794
2,846,5,1.5671861938288187
2,847,5,1.6948964865858125
2,848,6,1.7886131133451837
2,849,6,1.70864594341585
2,850,5,1.5144379450254788
2,851,5,1.5267265547132323
2,852,5,1.342897917140379
2,853,5,1.3350407498863506
2,854,5,1.4222693164854254
2,855,5,1.4777961749568793
2,856,5,1.2571463731117878
2,857,5,1.4431596321790878
2,858,5,1.3312969573101272
2,859,5,1.3017326403396723
2,860,5,1.4299245589955274
2,861,7,1.5480622145471186
2,862,7,1.5138616095185058
2,863,8,1.5587233143448675
2,864,9,1.6315107771069606
2,865,7,1.5282443354656858
2,866,7,1.6310165122409654
2,867,7,1.5628358981341042
2,868,7,1.627301845353017
2,869,7,1.7200185940284864
2,870,7,1.711450393005233
2,871,7,1.6198109068381288
2,872,7,1.7086007744959213
2,873,7,1.5043765825994724
2,874,7,1.4504831986753244
2,875,7,1.759784648412781
2,876,8,1.8060727348161887
2,877,8,1.5922925169414692
2,878,8,1.4482824643011982
2,879,7,1.6944511357875123
2,880,7,1.6641822447495374
2,881,7,1.699213594452035
2,882,5,1.2040483529758106
2,883,5,1.3976345600425994
2,884,5,1.6408047993348385
2,885,5,1.368786632250809
2,886,6,1.461885755299284
2,887,5,1.422125226720893
2,888,5,1.5057281698377363
2,889,5,1.4047238490482363
2,890,5,1.2799750111096424
2,891,5,1.3511968360081568
2,892,5,1.2158030574573724
2,893,5,1.2601329279651416
2,894,5,1.3050400717083561
2,895,5,1.1890745819364525
2,896,5,1.3186018297321147
2,897,5,1.3309048048344612
2,898,5,1.320190200477887
2,899,5,1.3097422365703544
2,900,5,1.3159248617224542
2,901,5,1.3929258520206034
2,902,5,1.1745568800472075
2,903,5,1.256732048720186
2,904,5,1.068066426996015
2,905,5,1.203504782526244
2,906,5,1.2495512881289232
2,907,5,1.436710227945242
2,908,5,1.4881523358503186
2,909,5,1.4516475899673518
2,910,5,1.2428803392047616
2,911,5,1.3023960930581877
2,912,5,1.4896519897061657
2,913,5,1.548405717920211
2,914,6,1.440562475034838
2,915,7,1.3638616483894261
2,916,5,1.2097608691321255
2,917,5,1.1888610923482474
2,918,5,1.4117347024702673
2,919,5,1.4748305983347545
2,920,5,1.5305925983988562
2,921,5,1.555775991397045
2,922,5,1.3995887067693036
2,923,5,1.374194848520693
2,924,5,1.3355020328187335
2,925,5,1.5595824059728578
2,926,6,1.8100553766843857
2,927,7,1.738049674829226
2,928,7,2.0701742915280295
2,929,7,1.6577957603564935
2,930,8,1.655987428853268
2,931,7,1.933167953066918
2,932,8,1.867309074994885
2,933,7,1.9006488085849078
2,934,6,1.6600892266461837
2,935,6,1.6279972436653605
2,936,6,1.6225105131858992
2,937,8,1.4067201938341705
2,938,8,1.4215314783104267
2,939,7,1.576119431519638
2,940,7,1.6484415654986466
2,941,7,1.6390699581686636
2,942,7,1.6063713952878218
2,943,8,1.6770954232389017
2,944,7,1.650443292363717
2,945,8,1.8750746321826623
2,946,7,1.8697542252073815
2,947,6,1.5574621431223745
2,948,5,1.6010619806666653
2,949,5,1.0972392857550943
2,950,5,1.3842583008322844
2,951,6,1.5125555109700488
2,952,5,1.360127546766166
2,953,5,1.3762839389976622
2,954,6,1.4105149085467694
2,955,6,1.6829430793445814
2,956,6,1.3323103011366122
2,957,5,1.481563308041404
2,958,6,1.7225013156124072
2,959,6,1.7587268906714
2,960,6,1.5854446015725339
2,961,5,1.5639682884239292
2,962,6,1.7601512370167898
2,963,5,1.672414016565126
2,964,5,1.6113794548934268
2,965,6,1.5189076528178904
2,966,6,1.644078775456331
2,967,6,1.568859128208771
2,968,7,1.679261225887569
2,969,7,1.7424847355248194
2,970,7,1.783093815570664
2,971,8,1.5882171908176383
2,972,10,1.8621316736396034
2,973,7,1.7401888913350794
2,974,6,1.6089771016220795
2,975,6,1.65893895248011
2,976,7,1.760262518498263
2,977,7,1.8809261672819435
2,978,7,1.9250964140766964
2,979,7,1.928902422453537
2,980,6,1.7854275569878442
2,981,6,1.7535714816681462
2,982,6,1.7339864659316602
2,983,5,1.7062017923772412
2,984,6,1.7947186715707608
2,985,6,1.730612744726281
2,986,6,1.7275670146218909
2,987,6,1.6306876560089316
2,988,6,1.8232136442894245
2,989,7,1.7546702895415058
2,990,6,1.6154390580519054
2,991,5,1.6794991701119684
2,992,5,1.7767506447904466
2,993,5,1.4977058476817184
2,994,5,1.6022176248484952
2,995,5,1.6025828386185688
2,996,6,1.641169097970542
2,997,6,1.7924596498995884
2,998,6,1.7802471472616395
2,999,6,1.5341115401226295
2,1000,6,1.6823806833996264
2,1001,6,1.7659655130178593
2,1002,6,1.7045115710856904
2,1003,6,1.565418763375508
2,1004,6,1.4441793777732017
2,1005,6,1.5073619950130204
2,1006,6,1.409943481197034
2,1007,5,1.3092554490080457
2,1008,5,1.2411297923205717
2,1009,5,1.2229823970905942
2,1010,5,1.3548316540776568
2,1011,5,1.3251741390178813
2,1012,5,1.2078852594733474
2,1013,5,1.2539238364824032
2,1014,5,1.3851987102182624
2,1015,5,1.4161890239305999
2,1016,5,1.483625971150079
2,1017,5,1.3402819317135841
2,1018,5,1.1378864326263516
2,1019,5,1.084826024758204
2,1020,5,1.0746623651401017
2,1021,5,1.198628715280881
2,1022,5,1.3732321476036806
2,1023,5,1.4167601135637238
2,1024,5,1.1805383040538118
2,1025,5,1.494830931458437
2,1026,5,1.2380030143654146
2,1027,5,1.3839300657485056
2,1028,5,1.3131696547614418
2,1029,5,1.34848118542459
2,1030,5,1.3683560805926378
2,1031,6,1.4113049388998826
2,1032,6,1.4747063205586501
2,1033,6,1.3153239926238864
2,1034,5,1.3309023890477332
2,1035,5,1.292978264629702
2,1036,5,1.2883254198709775
2,1037,5,1.3547135879425247
2,1038,6,1.4824639904292383
2,1039,5,1.506887537283406
2,1040,5,1.4665204963115914
2,1041,5,1.3373004322501227
2,1042,5,1.2109826985364225
2,1043,6,1.3577470973826782
2,1044,5,1.2531763753281546
2,1045,5,1.215670416709861
2,1046,5,1.3880914614181865
2,1047,5,1.089588496252456
2,1048,5,1.2857309660544347
2,1049,5,1.2564359481966703
2,1050,5,1.3258460704181383
2,1051,5,1.2664226706431756
2,1052,6,1.267045719349924
2,1053,6,1.5117442912751002
2,1054,6,1.4466221664889023
2,1055,5,1.2550848726278518
2,1056,5,1.3669804850805
2,1057,5,1.5062458279628803
2,1058,5,1.6833755845344873
2,1059,5,1.532670774334398
2,1060,5,1.5748303078567254
2,1061,5,1.5369792445524415
2,1062,5,1.6045041060459595
2,1063,7,1.65008585805696
2,1064,7,1.570631240563726
2,1065,6,1.501829328627974
2,1066,6,1.414491939528729
2,1067,7,1.8609908190160462
2,1068,8,1.7265836030562252
2,1069,7,1.7466147488367825
2,1070,7,2.080817867450605
2,1071,7,1.9100678107893754
2,1072,7,2.1316931314404886
2,1073,7,1.657879941066588
2,1074,6,1.5972042564468207
2,1075,6,1.585187913219543
2,1076,5,1.3371439003892274
2,1077,5,1.378800887852646
2,1078,5,1.4855153983237352
2,1079,5,1.5350127768962931
2,1080,5,1.3283098749696163
2,1081,5,1.1970482286505186
2,1082,5,1.1161783216446501
2,1083,6,1.2350657549171253
2,1084,6,1.3723022182092008
2,1085,5,1.1454919141458078
2,1086,5,1.0252259766129668
2,1087,6,1.0077604661157067
2,1088,6,1.1887447030208231
2,1089,6,1.2050272841991103
2,1090,5,0.9418299374122672
2,1091,5,1.1509849083132173
2,1092,5,1.1612737197070335
2,1093,6,1.5449214438323766
2,1094,6,1.3698985341979295
2,1095,6,1.4116913012216612
2,1096,5,1.4732260605673702
2,1097,6,1.3969409094336096
2,1098,5,1.404831991733836
2,1099,5,1.4660386697926437
2,1100,5,1.7128536600546242
2,1101,5,1.640826003340766
2,1102,5,1.5423611785794398
2,1103,5,1.7336001713643574
2,1104,6,1.685873776705828
2,1105,5,1.8961534588233206
2,1106,5,1.7165135568173993
2,1107,5,1.5985854868926657
2,1108,6,1.5966673022123476
2,1109,6,1.8935543493233236
2,1110,7,1.5942864358467412
2,1111,6,1.5936169576188135
2,1112,5,1.4471803569431643
2,1113,5,1.3359507166258133
2,1114,5,1.398144674193904
2,1115,5,1.1903142802093876
2,1116,6,1.2986870450263401
2,1117,6,1.3509944324768268
2,1118,7,1.6816062024895393
2,1119,8,1.7332670503527186
2,1120,7,1.4396524700743716
2,1121,7,1.6909008559767318
2,1122,7,1.5718328060541369
2,1123,8,1.5980097510796494
2,1124,7,1.3236841327527689
2,1125,6,1.3764854586049955
2,1126,6,1.4484811168279208
2,1127,6,1.3924306351125368
2,1128,6,1.5033033261066695
2,1129,6,1.264168521761082
2,1130,6,1.4067712497581066
2,1131,5,1.548773592999963
2,1132,5,1.3289024652950299
2,1133,5,1.4920423116752075
2,1134,5,1.5695773249618599
2,1135,5,1.66964406357725
2,1136,5,1.5365104477623852
2,1137,6,1.881441783446049
2,1138,6,1.8898459221798776
2,1139,6,1.9241571299805154
2,1140,6,1.8064476347531295
2,1141,6,1.6036748441825899
2,1142,6,1.7954007198314477
2,1143,6,1.9095858031885489
2,1144,6,1.4343796980444283
2,1145,6,1.5135693000544301
2,1146,6,1.6806454336184928
2,1147,6,1.547504598621242
2,1148,6,1.687518811173521
2,1149,5,1.4351819038156246
2,1150,5,1.5169612586751953
2,1151,5,1.514427918147892
2,1152,5,1.47720668796579
2,1153,6,1.576159681565759
2,1154,5,1.3717464844879594
2,1155,6,1.686616018057049
2,1156,5,1.648336573535735
2,1157,5,1.5578421445354467
2,1158,5,1.5526319907707515
2,1159,5,1.6592789459610877
2,1160,5,1.6494270329786582
2,1161,7,1.7655724855669757
2,1162,7,2.022117595399176
2,1163,7,1.821082809652681
2,1164,8,1.6375524771125676
2,1165,7,1.498047892412476
2,1166,5,1.5902515263504506
2,1167,5,1.732075880204651
2,1168,5,1.2508167796828782
2,1169,5,1.3974128294802264
2,1170,5,1.3810632990190639
2,1171,5,1.6809782267392293
2,1172,5,1.4800403148811903
2,1173,5,1.5375574367893345
2,1174,5,1.2473104033223175
2,1175,5,1.5598895374315962
2,1176,5,1.3920233632511554
2,1177,5,1.344599751939052
2,1178,5,1.5887652637274035
2,1179,5,1.3514310560677614
2,1180,5,1.3522462243362057
2,1181,5,1.3555972516887147
2,1182,5,1.3552052417367255
2,1183,5,1.3897744839537678
2,1184,5,1.366514254082987
2,1185,5,1.2227797467631327
2,1186,5,1.1181698112521334
2,1187,5,1.2809274508455162
2,1188,5,0.909549960929434
2,1189,5,1.0017081304650226
2,1190,5,0.9717245770327212
2,1191,5,1.0170189186999332
2,1192,5,1.0581281193494458
2,1193,5,0.8539940394946512
2,1194,5,1.073427609808454
2,1195,5,1.1597371416729785
2,1196,5,1.316385483761771
2,1197,5,1.2796596845303005
2,1198,6,1.484961744687742
2,1199,6,1.4083889872497912
2,1200,6,1.5282139395785963
2,1201,6,1.5791964308948412
2,1202,6,1.3930136026529603
2,1203,6,1.5052869134402362
2,1204,6,1.6049097957482803
2,1205,6,1.5449631395688317
2,1206,6,1.489860691369795
2,1207,6,1.5477184233102843
2,1208,6,1.4616240327473853
2,1209,6,1.514933962197878
2,1210,6,1.689599350653077
2,1211,6,1.631990541432236
2,1212,5,1.3742597429372165
2,1213,5,1.4939862577156555
2,1214,5,1.411872070213061
2,1215,5,1.212767542594749
2,1216,5,1.1179990943859113
2,1217,5,1.2649168807278537
2,1218,5,1.1542422249143884
2,1219,5,1.2076466859872106
2,1220,5,1.1076902460810905
2,1221,5,1.1645924009431798
2,1222,5,1.1632076766970414
2,1223,5,1.3826323259501385
2,1224,5,1.2827516426416774
2,1225,5,1.6127501909057855
2,1226,5,1.5783444174384185
2,1227,5,1.423452537573775
2,1228,5,1.5430304090169549
2,1229,5,1.3684614403749218
2,1230,5,1.3483144779422203
2,1231,6,1.3021616024180012
2,1232,6,1.3272262087644204
2,1233,5,1.359796400933745
2,1234,5,1.3579267657557255
2,1235,5,1.4132341177852399
2,1236,5,1.5279096787186441
2,1237,5,1.6093467581762777
2,1238,5,1.4931044537655511
2,1239,6,1.6540252801596722
2,1240,5,1.6664448344303868
2,1241,5,1.3790158970484505
2,1242,5,1.3848679971741413
2,1243,5,1.503969948259578
2,1244,5,1.6542880301296417
2,1245,5,1.4915587407784727
2,1246,6,1.7142728357951689
2,1247,6,1.7854324245310615
2,1248,6,1.5952207040757704
2,1249,6,1.6901338103382613
2,1250,6,1.5735054902732633
2,1251,6,1.7215867982053101
2,1252,6,1.669694097201611
2,1253,6,1.5352054151614194
2,1254,5,1.6549344624646003
2,1255,6,1.7748269800552143
2,1256,7,1.877983765342469
2,1257,6,1.804735219036135
2,1258,6,1.5088517988751287
2,1259,6,1.385099545408064
2,1260,6,1.547999942255791
2,1261,5,1.4276790016535945
2,1262,5,1.4715674805492673
2,1263,5,1.353816572402693
2,1264,5,1.5416970959388965
2,1265,5,1.4690433735453272
2,1266,5,1.5464048908613952
2,1267,5,1.524371139636418
2,1268,5,1.4533447386934606
2,1269,5,1.4405482074275588
2,1270,5,1.2998057375325862
2,1271,5,1.5182468002918106
2,1272,5,1.2819383000309914
2,1273,5,1.376213803399907
2,1274,5,1.2392953542379184
2,1275,5,1.3624417298034053
2,1276,5,1.234474663764015
2,1277,5,1.0161655446330404
2,1278,5,1.3073735694519502
2,1279,5,1.0671440752517367
2,1280,5,1.2003308415340217
2,1281,5,1.320306009186604
2,1282,5,1.4673053428702492
2,1283,5,1.6459430538877498
2,1284,5,1.525828247788231
2,1285,5,1.4144538121435768
2,1286,5,1.4431698148027845
2,1287,5,1.4208930260845487
2,1288,5,1.4329014400048625
2,1289,5,1.4364293057776103
2,1290,5,1.4442625692041746
2,1291,5,1.4194446867451775
2,1292,5,1.3621429666184972
2,1293,5,1.5628353465508487
2,1294,5,1.2758072843223656
2,1295,5,1.138268914741504
2,1296,5,1.0509333539321006
2,1297,5,1.2693340473139472
2,1298,5,1.1611423719141825
2,1299,5,0.9479912813112414
2,1300,6,1.0930620804271065
2,1301,7,1.3629830565546897
2,1302,6,1.6572021062856672
2,1303,6,1.4900824022362436
2,1304,6,1.4507958718243126
2,1305,6,1.4148640421343783
2,1306,6,1.5581179590909793
2,1307,7,1.2436851499206387
2,1308,7,1.4304538630868313
2,1309,6,1.355818804020319
2,1310,7,1.3607795279473787
2,1311,6,1.3053885784039174
2,1312,6,1.2452033675696246
2,1313,6,1.3114780052948962
2,1314,7,1.2465207667121927
2,1315,7,1.441545342223808
2,1316,9,1.5372232010105553
2,1317,8,1.2041169559741856
2,1318,7,1.2186417145275406
2,1319,6,1.1088817156167567
2,1320,6,0.9817908734674927
2,1321,6,1.022295702388174
2,1322,5,1.279622488408645
2,1323,5,1.1949820927287607
2,1324,5,1.6119836509304437
2,1325,5,1.6744196289894102
2,1326,5,1.1620225365844221
2,1327,5,1.2765102946951812
2,1328,5,1.4023599153124806
2,1329,5,1.6617174921490352
2,1330,5,1.4325422223182303
2,1331,5,1.4591583452439254
2,1332,5,1.46888051779184
2,1333,5,1.3835346785678357
2,1334,5,1.4525075108142524
2,1335,5,1.3774227260389291
2,1336,5,1.2832793438170054
2,1337,6,1.2296465354176767
2,1338,7,1.3805086461583782
2,1339,7,0.9947826858099766
2,1340,6,1.1654223484976098
2,1341,5,1.2779903637425352
2,1342,7,1.195221149844623
2,1343,5,1.2312893322462939
2,1344,5,1.288119327559519
2,1345,5,1.3583399986712332
2,1346,5,1.689543984447384
2,1347,6,1.6393193996023916
2,1348,5,1.2061407348434066
2,1349,5,1.3941433418426188
2,1350,5,1.2287037859018435
2,1351,5,1.2210036023895539
2,1352,6,1.658485187030311
2,1353,6,1.7672068224403223
2,1354,6,1.7801824560176054
2,1355,6,1.654666050311874
2,1356,6,1.5129989341719394
2,1357,6,1.4318068037496028
2,1358,7,1.4632484636074539
2,1359,7,1.6410645857907182
2,1360,8,1.8739066736632424
2,1361,7,1.67036342087628
2,1362,8,1.4568233613384578
2,1363,8,1.6392411760035608
2,1364,8,1.433394241026488
2,1365,7,1.6000532699496421
2,1366,8,1.5543503690960918
2,1367,9,1.644698012395581
2,1368,7,1.7582760595567382
2,1369,7,1.3870680382596139
2,1370,7,1.4880835254375113
2,1371,6,1.5279775784420475
2,1372,5,1.360417914289457
2,1373,5,1.2042673199857639
2,1374,6,1.4308506370613787
2,1375,6,1.3681071557315025
2,1376,6,1.3988908319945534
2,1377,5,1.1355344699904948
2,1378,5,1.3499384051869705
2,1379,5,1.5237642154977675
2,1380,5,1.2663682718211384
2,1381,6,1.4315997743762643
2,1382,5,1.5988076994945035
2,1383,5,1.3042350173777688
2,1384,5,1.2064163182486696
2,1385,5,1.2737405179945007
2,1386,5,1.2560527976330897
2,1387,5,1.1667011546787132
2,1388,5,1.0992669914276316
2,1389,5,1.0406343866404817
2,1390,5,1.1471168847034034
2,1391,5,1.1938308552976387
2,1392,5,1.1557356172024011
2,1393,5,1.301412859477169
2,1394,6,1.5423658087412067
2,1395,7,1.4953222417532328
2,1396,6,1.3322295610771064
2,1397,6,1.3129267336889514
2,1398,6,1.506982533667459
2,1399,7,1.5679943114880226
2,1400,7,1.6123849490736193
2,1401,7,1.725842305981939
2,1402,7,1.629730708321809
2,1403,8,1.6115748843759636
2,1404,8,1.3554864672059281
2,1405,8,1.648271992735384
2,1406,7,0.9930559135515207
2,1407,8,1.4378535132626893
2,1408,6,1.3926639957255444
2,1409,6,1.060118553007693
2,1410,6,1.2546879242497675
2,1411,8,1.6231954573220575
2,1412,7,1.4270447858993345
2,1413,7,1.6799648239474037
2,1414,7,1.5194346471648577
2,1415,7,1.4129845669094272
2,1416,6,1.2250582782250312
2,1417,5,1.4305614608623607
2,1418,6,1.4741277208830712
2,1419,5,1.2736519427948902
2,1420,5,1.2982259585750722
2,1421,6,1.3565331324617267
2,1422,6,1.2606899280933814
2,1423,5,1.3148326367853418
2,1424,5,1.4128612069083317
2,1425,5,1.2685508371341432
2,1426,6,1.445368289609715
2,1427,5,1.2204372399904608
2,1428,5,1.1531344691896361
2,1429,5,0.9685893896656008
2,1430,5,1.114579771892588
2,1431,5,0.5726585497321288
2,1432,5,1.023547048977567
2,1433,5,0.9123717084254945
2,1434,5,1.0757551977335624
2,1435,5,1.214358373986891
2,1436,6,1.1393850186232273
2,1437,7,1.3364615643375526
2,1438,6,1.3614242853935492
2,1439,7,1.5219411646563814
2,1440,7,1.445212567869683
2,1441,6,1.268052455307536
2,1442,6,1.398597631223836
2,1443,5,1.3392612386422367
2,1444,5,1.087607486537375
2,1445,5,1.1598630824029064
2,1446,5,1.1992673851532993
2,1447,5,1.3064579152740938
2,1448,5,1.0496563475382943
2,1449,6,1.1569693680464495
2,1450,6,1.3126228408200493
2,1451,6,1.54466086998461
2,1452,7,1.3277447980234092
2,1453,7,1.449968244409947
2,1454,7,1.4721410752749118
2,1455,9,1.8340364878386555
2,1456,8,1.6184591819476122
2,1457,8,1.5586244236877866
2,1458,7,1.595873332725743
2,1459,7,1.4574951871614115
2,1460,7,1.7025669904108058
2,1461,5,1.1461893542177792
2,1462,6,1.3802819604034404
2,1463,7,1.3769120772719106
2,1464,9,1.305763976794053
2,1465,8,1.463818693668153
2,1466,7,1.5134925814694462
2,1467,7,1.4916945211899728
2,1468,7,1.4954434398512495
2,1469,7,1.2873057574851234
2,1470,5,1.112861184465638
2,1471,5,1.2371390522493484
2,1472,5,1.30385568316031
2,1473,5,1.0525699953931626
2,1474,5,1.3031871980569587
2,1475,6,1.4598612485756508
2,1476,6,1.4888938255654671
2,1477,6,1.3392469652184138
2,1478,6,1.424523153916657
2,1479,7,1.5893856578812735
2,1480,6,1.6689434320813819
2,1481,6,1.4340682232378872
2,1482,6,1.7435123270836161
2,1483,6,1.4778622059377926
2,1484,6,1.359744711493994
2,1485,7,1.3478277371221399
2,1486,7,1.2301332567851833
2,1487,7,1.132697028527284
2,1488,7,1.1789338661565245
2,1489,5,0.7989553158362082
2,1490,5,0.9805831026647218
2,1491,5,1.290275796884511
2,1492,5,1.15780908799769
2,1493,5,0.8603701871212261
2,1494,5,1.1027972091985867
2,1495,5,1.0906443881632333
2,1496,5,1.159478255103589
2,1497,5,1.1592601752159837
2,1498,6,1.271015510408823
2,1499,6,1.4831760043194442
2,1500,6,1.459680191919468
2,1501,6,1.3311903946124506
2,1502,6,1.4141204478040912
2,1503,7,1.2179407102881665
2,1504,6,1.3336868337953907
2,1505,6,1.3607857986161687
2,1506,6,1.3995116576659474
2,1507,6,1.3165958908859237
2,1508,6,1.334931103098115
2,1509,6,1.22347124164967
2,1510,7,1.51020006566928
2,1511,5,1.2903274634889086
2,1512,5,1.201098667500509
2,1513,5,1.3448559427726412
2,1514,6,1.277047160008657
2,1515,6,0.9693326839844563
2,1516,6,1.1257788897496441
2,1517,6,1.2477035227167175
2,1518,7,1.2781685368699662
2,1519,7,1.3039847530885682
2,1520,6,1.3259486523863604
2,1521,7,1.5483516437644678
2,1522,9,1.6462570599960635
2,1523,8,1.6989410665043807
2,1524,8,1.4930110949191793
2,1525,7,1.5378513761430908
2,1526,7,1.7032873446089143
2,1527,6,1.5177920632795594
2,1528,6,1.4011666342405755
2,1529,6,1.5976679281696882
2,1530,6,1.5748464781490963
2,1531,6,1.4022034506914371
2,1532,6,1.3618448572332875
2,1533,8,1.2859412194181141
2,1534,7,1.5790723763193646
2,1535,7,1.3991034084657628
2,1536,7,1.5303027266182
2,1537,6,1.2911847192096229
2,1538,5,1.2555580470138423
2,1539,5,1.2792830089331506
2,1540,6,1.3696100591205855
2,1541,6,1.4402316548301548
2,1542,6,1.5904756445730448
2,1543,6,1.312700419342535
2,1544,6,1.314348562119429
2,1545,6,1.4665840528971286
2,1546,6,1.4754930419093824
2,1547,5,1.3607800952182272
2,1548,5,1.3528471276403828
2,1549,5,1.4279774139856585
2,1550,5,1.3171436107408163
2,1551,5,1.459674302457981
2,1552,5,1.4313430865750387
2,1553,5,1.5175720430304107
2,1554,5,1.5876896832010798
2,1555,5,1.4303997883938715
2,1556,5,1.5101332901716154
2,1557,5,1.472143513018283
2,1558,5,1.7394176296940493
2,1559,5,1.8115202470660714
2,1560,5,1.5994336936694635
2,1561,5,1.5586758553437763
2,1562,5,1.6553668807162625
2,1563,5,1.5329497579110885
2,1564,5,1.5987024975520185
2,1565,5,1.4937515944095248
2,1566,5,1.5078776712441648
2,1567,5,1.527425846511746
2,1568,5,1.4192604635479502
2,1569,5,1.5624586709537014
2,1570,5,1.4825679891846528
2,1571,5,1.6411166202923093
2,1572,6,1.7115440051973536
2,1573,5,1.330809083290001
2,1574,5,1.206312802330297
2,1575,5,1.339748966528691
2,1576,5,1.458824721609333
2,1577,5,1.3640857304495824
2,1578,5,1.5769845752142855
2,1579,5,1.6742777925541614
2,1580,6,1.8017693742782805
2,1581,6,1.9877514411859192
2,1582,6,1.6295539971696904
2,1583,7,1.5449198687112746
2,1584,7,1.612667849894784
2,1585,8,1.7993286681615204
2,1586,9,1.9276137037536576
2,1587,11,1.9588903412485426
2,1588,10,1.808834061607834
2,1589,9,1.5551191608545847
2,1590,7,1.3746017119131189
2,1591,8,1.3714783831031534
2,1592,7,1.3029918736602575
2,1593,7,1.623753129668048
2,1594,7,1.8446502186094218
2,1595,8,1.856817040535815
2,1596,7,1.728900929098372
2,1597,7,1.7618188357959745
2,1598,7,1.6889696807277286
2,1599,9,1.5386316121607444
2,1600,8,1.756796121678966
2,1601,8,1.728931032785769
2,1602,8,1.850955651484787
2,1603,7,1.5877532782483699
2,1604,8,1.5620593126393234
2,1605,7,1.5957812100160842
2,1606,6,1.432345574111097
2,1607,7,1.4602863904030405
2,1608,7,1.5498688595005352
2,1609,7,1.5228692345147747
2,1610,7,1.6710272912597257
2,1611,6,1.515908585072098
2,1612,7,1.3709466408230275
2,1613,6,1.5771662200616459
2,1614,6,1.5020830281261208
2,1615,6,1.5730117598689994
2,1616,5,1.4656599598594604
2,1617,5,1.4722138713925732
2,1618,5,1.4756222554539953
2,1619,5,1.3133324258143242
2,1620,5,1.435316004674211
2,1621,5,1.1865190210322036
2,1622,5,1.2363180899285235
2,1623,5,1.2954925216961177
2,1624,5,1.426278616373628
2,1625,5,1.1523248720465071
2,1626,5,1.2097875433214718
2,1627,5,1.4708221963828758
2,1628,5,1.4139701618867724
2,1629,5,1.2327082693489029
2,1630,5,1.2880912880999036
2,1631,5,1.02135863724699
2,1632,5,1.22008921932676
2,1633,5,1.1488288671320217
2,1634,5,1.2782409203965335
2,1635,5,1.1417617147211656
2,1636,5,0.791324249019774
2,1637,5,0.9345402155102414
2,1638,5,1.094959384765624
2,1639,5,1.0275711704334607
2,1640,5,1.179551156246725
2,1641,5,1.301110036867768
2,1642,5,1.2682893818633705
2,1643,5,1.2640910269697554
2,1644,5,0.9342431386780188
2,1645,5,0.9893940392830958
2,1646,5,0.991565247804691
2,1647,6,1.1488052069771442
2,1648,6,1.078691718962555
2,1649,7,1.1436913392819137
2,1650,8,1.2848263029792117
2,1651,6,0.9785924256328031
2,1652,6,0.9777645664680339
2,1653,6,1.1923893489465298
2,1654,6,1.2516407190411702
2,1655,6,1.0506501538355506
2,1656,6,1.3650351286461007
2,1657,6,1.2258825147209809
2,1658,5,1.2629597491175542
2,1659,5,1.3235490795874911
2,1660,5,1.3751904474393473
2,1661,5,1.209373107977949
2,1662,5,1.3385199928642901
2,1663,5,1.0906690592799348
2,1664,5,1.0350061017787127
2,1665,5,1.035373463978913
2,1666,5,1.2395967213285575
2,1667,5,1.296334803011618
2,1668,5,1.28082877451657
2,1669,5,1.3039765393346965
2,1670,5,1.2620212087816718
2,1671,5,1.4664647019809864
2,1672,5,1.3694123783020697
2,1673,5,1.5125789516643158
2,1674,5,1.5510038012232497
2,1675,5,1.3978714016322247
2,1676,6,1.3656441432233715
2,1677,5,1.272502344795825
2,1678,5,1.6110916951306185
2,1679,5,1.5748736802762489
2,1680,6,1.6754361001432558
2,1681,6,1.7443569940828647
2,1682,6,1.528985713347883
2,1683,5,1.3496015307925049
2,1684,5,1.4241368977901168
2,1685,5,1.7654422507372578
2,1686,6,1.7270804784663922
2,1687,6,1.4973211985198693
2,1688,6,1.2410962337373501
2,1689,6,1.1878320418532096
2,1690,6,1.3293474029425498
2,1691,6,1.2157907970441415
2,1692,7,1.4950734358035773
2,1693,7,1.636051254298779
2,1694,7,1.589769517895896
2,1695,7,1.6848450328038114
2,1696,7,1.6819013232083155
2,1697,7,1.469960361587467
2,1698,6,1.1835045363954548
2,1699,5,1.2192967709968046
2,1700,5,1.2221492224190809
2,1701,5,1.4438521284581185
2,1702,5,1.5833365442496108
2,1703,6,1.3779775725811048
2,1704,5,1.3596046809534879
2,1705,6,1.4787569469337591
2,1706,6,1.4089887535421122
2,1707,6,1.6472249480915124
2,1708,6,1.2951839933747915
2,1709,6,1.5905301620525587
2,1710,6,1.7075361813747332
2,1711,5,1.200316012943532
2,1712,5,1.0557435784759095
2,1713,6,1.2276651512676873
2,1714,5,1.360875654100111
2,1715,5,1.1960606430879541
2,1716,5,1.2107895423534716
2,1717,5,1.0862524837032446
2,1718,5,1.2514932746151048
2,1719,5,1.3735374341318973
2,1720,6,1.4604803260303192
2,1721,5,1.1437388276205103
2,1722,5,1.2347565871736235
2,1723,5,1.2347565871736235
2,1724,7,1.529040932251501
2,1725,10,1.6771995863630451
2,1726,8,1.725633956881392
2,1727,8,1.6067511042836555
2,1728,7,1.6777581491917477
2,1729,6,1.4399858751210877
2,1730,6,1.677338681491602
2,1731,6,1.437495545183903
2,1732,6,1.3480971682574943
2,1733,6,1.6363662121111036
2,1734,6,1.7186836410206228
2,1735,5,1.3020310127631944
2,1736,5,1.1863162687181883
2,1737,5,1.3441908825384274
2,1738,5,1.4744927708183377
2,1739,5,1.1265306961493469
2,1740,5,1.1863162687181883
2,1741,6,1.2786064986774357
2,1742,6,1.3554416221495522
2,1743,6,1.166951025962939
2,1744,5,1.714136709260043
2,1745,5,1.4651517064582213
2,1746,5,1.3103213552820292
2,1747,5,1.6315328228380626
2,1748,6,1.7150971535781165
2,1749,7,1.6649735372742973
2,1750,7,1.5492815026356377
2,1751,6,1.4898541335179787
2,1752,5,1.6691398223607568
2,1753,5,1.368629878037523
2,1754,5,1.3353170733235258
2,1755,5,1.2342732679776756
2,1756,5,1.3213745819122433
2,1757,6,1.1250278893707506
2,1758,6,1.2274594312045832
2,1759,6,1.5165970820020238
2,1760,6,1.6762305290800956
2,1761,6,1.683568344832961
2,1762,6,1.6572201131435902
2,1763,5,1.5237741825728413
2,1764,6,1.4002365731951518
2,1765,6,1.4665432170912518
2,1766,6,1.3872879919551528
2,1767,6,1.4561316043439905
2,1768,7,1.5972088026275406
2,1769,6,1.6908980053310634
2,1770,6,1.4834660494421321
2,1771,6,1.3836701043237718
2,1772,6,1.522399192616596
2,1773,6,1.6101869544924887
2,1774,6,1.5371450273523002
2,1775,6,1.386438664332895
2,1776,6,1.5415389717147177
2,1777,6,1.422249351199965
2,1778,6,1.425776006538169
2,1779,6,1.3501651145231026
2,1780,6,1.2200177823979081
2,1781,7,1.4979683082668593
2,1782,6,1.3826772175700484
2,1783,6,1.3678104382254248
2,1784,7,1.6649139795907804
2,1785,7,1.470219442777513
2,1786,6,1.5870881969219788
2,1787,6,1.5427706878387535
2,1788,6,1.4440405916870298
2,1789,6,1.3283439359571352
2,1790,6,1.7860677850457787
2,1791,6,1.5218415632597453
2,1792,6,1.3674059232856255
2,1793,6,1.3972852004696854
2,1794,6,1.3677208686866464
2,1795,6,1.3979946220647346
2,1796,5,1.2872576910261384
2,1797,5,1.3050025706133175
2,1798,5,1.5333469266453568
2,1799,5,1.4982425364159186
2,1800,5,1.5257758921084594
2,1801,5,1.3366341154056696
2,1802,5,1.3702517985999028
2,1803,5,1.215647819395972
2,1804,6,1.468226425881987
2,1805,6,1.2563442581099102
2,1806,6,1.3564291912574244
2,1807,6,1.5279328774819225
2,1808,7,1.5059744548238756
2,1809,8,1.5868552419870072
2,1810,8,1.7642052135004018
2,1811,7,1.4821848179665507
2,1812,7,1.8039747988980932
2,1813,6,1.566271188461649
2,1814,6,1.730817393681317
2,1815,5,1.6616057050981228
2,1816,5,1.7741398663386052
2,1817,5,1.6218129697219092
2,1818,5,1.269846546970335
2,1819,5,1.4102348551675337
2,1820,5,1.3753565741341607
2,1821,5,1.3462704603092415
2,1822,5,1.2446383195128847
2,1823,5,1.404677991871722
2,1824,5,1.4029339960137834
2,1825,5,1.577888012649379
2,1826,5,1.4917830810005088
2,1827,5,1.507723386377191
2,1828,5,1.5517712887893307
2,1829,5,1.6206507458848654
2,1830,5,1.641148512724059
2,1831,5,1.7473947133760444
2,1832,5,1.5259217490284303
2,1833,5,1.3810828955658998
2,1834,5,1.360628336559476
2,1835,5,1.5174787939693588
2,1836,5,1.5178108160726618
2,1837,5,1.2317875578157502
2,1838,5,1.5064565508026302
2,1839,5,1.5970054218861494
2,1840,5,1.5680969023996605
2,1841,5,1.4167850309810737
2,1842,6,1.551568360553488
2,1843,6,1.7806538389526332
2,1844,6,1.9598124979347626
2,1845,6,1.8013413037850015
2,1846,6,1.4694353207647683
2,1847,6,1.733069413525142
2,1848,6,1.677372823938616
2,1849,5,1.6525397495723606
2,1850,5,1.759495862610375
2,1851,5,1.6031255532697433
2,1852,5,1.9205657818123694
2,1853,5,1.9795327779301415
2,1854,5,1.9025835056823786
2,1855,5,1.8616049878404097
2,1856,5,1.8330875406427323
2,1857,5,1.6241287952368797
2,1858,5,1.5160303928541183
2,1859,5,1.8615547138698036
2,1860,6,1.8064055769864042
2,1861,6,1.8733361572731901
2,1862,6,1.8114387010375523
2,1863,7,1.9322663539340583
2,1864,6,1.898737206914237
2,1865,6,1.7731540586620649
2,1866,7,1.8341212771303823
2,1867,6,1.6963428865950796
2,1868,6,1.7033899000076738
2,1869,6,1.8228349935925063
2,1870,6,1.9241863647077975
2,1871,6,1.7194742625023767
2,1872,6,1.6935452860948086
2,1873,6,1.870125610335101
2,1874,6,1.4722239718900854
2,1875,8,1.536051367998338
2,1876,8,1.8014457478338755
2,1877,8,1.7655135371118513
2,1878,8,1.715335603424153
2,1879,7,1.8634524522057623
2,1880,7,1.7293335252087574
2,1881,7,1.6140940068418974
2,1882,6,1.6674679201498894
2,1883,6,1.4986743615189937
2,1884,6,1.475662526464732
2,1885,6,1.3967066673627295
2,1886,6,1.321840017046997
2,1887,6,1.3361081672371071
2,1888,6,1.5602054520808002
2,1889,6,1.4393352492985096
2,1890,6,1.5318581264628808
2,1891,6,1.509349799388212
2,1892,6,1.6491625923650766
2,1893,6,1.7347465823905197
2,1894,7,1.7932236502209067
2,1895,7,1.8146747056305568
2,1896,6,1.7949102586173038
2,1897,7,1.58129609947939
2,1898,7,1.480580457405841
2,1899,6,1.559406884447049
2,1900,5,1.4754846948091744
2,1901,5,1.5461705426259145
2,1902,5,1.5145549137511813
2,1903,5,1.4799369482309417
2,1904,6,1.5811445880402655
2,1905,7,1.4528337669218376
2,1906,7,1.5931138243044876
2,1907,6,1.5870557237405087
2,1908,6,1.7076153275207697
2,1909,6,1.547097301861288
2,1910,6,1.6131117938464978
2,1911,6,1.5836919739435196
2,1912,7,1.4220957613782863
2,1913,6,1.6537865466999992
2,1914,6,1.4164289485229373
2,1915,7,1.2971073885839788
2,1916,7,1.4688419719016421
2,1917,7,1.34696602498291
2,1918,6,1.400228904036915
2,1919,6,1.6212496456383252
2,1920,5,1.3987297495224622
2,1921,5,1.4308836554952222
2,1922,5,1.401472776018394
2,1923,6,1.4305053628273021
2,1924,6,1.4541954966845796
2,1925,6,1.225270543403835
2,1926,5,1.280846365799838
2,1927,5,1.3484439852595465
2,1928,5,1.3160787941208976
2,1929,5,1.2664471472325376
2,1930,5,1.5159026873886328
2,1931,5,1.4700587553393736
2,1932,7,1.6235849250256118
2,1933,6,1.464880204326687
2,1934,6,1.2006740244909229
2,1935,6,1.2707327076262254
2,1936,7,1.5149155479805305
2,1937,7,1.550984429849866
2,1938,7,1.7150520434648864
2,1939,7,1.8093217230126761
2,1940,7,1.6829303437157734
2,1941,9,1.8031431618138232
2,1942,8,1.940749447992661
2,1943,8,1.8671551471536962
2,1944,7,1.7138099292831965
2,1945,8,1.6047265131889898
2,1946,7,1.6079357605288855
2,1947,7,1.5942818588451142
2,1948,6,1.6258771195762898
2,1949,6,1.4316494359238385
2,1950,6,1.335228476945272
2,1951,6,1.3544974728978203
2,1952,5,1.0342780245197898
2,1953,5,1.2518991257062133
2,1954,5,1.2046946373523153
2,1955,5,1.4169155835628655
2,1956,5,1.554775920418657
2,1957,5,1.3084891165535142
2,1958,5,1.1991362847462868
2,1959,5,1.3708670703587895
2,1960,5,1.1791037880145883
2,1961,5,1.2803804368788891
2,1962,5,1.138667052660841
2,1963,5,1.3866550487440898
2,1964,5,1.223142028981838
2,1965,5,1.1887070633386694
2,1966,5,1.4322697168235226
2,1967,5,1.3234428519977834
2,1968,5,1.091491716742445
2,1969,5,1.1881581985284901
2,1970,5,1.225727516182789
2,1971,5,1.3119017595264157
2,1972,5,1.3116470556617177
2,1973,5,1.2447036306212538
2,1974,6,1.2615950214347569
2,1975,6,1.3044938784766718
2,1976,5,1.5084253730525323
2,1977,5,1.3986924610819833
2,1978,7,1.603295417618258
2,1979,7,1.5963496213707686
2,1980,9,1.4940406651089218
2,1981,6,1.2482661550758163
2,1982,7,1.3079253453110646
2,1983,6,1.517952711218813
2,1984,6,1.4576589015388643
2,1985,6,1.3989311894668282
2,1986,6,1.563341600149811
2,1987,6,1.6837138123884068
2,1988,6,1.5222513293367994
2,1989,6,1.6078298095869679
2,1990,6,1.729667993134996
2,1991,6,1.4834939725523433
2,1992,7,1.676596857218283
2,1993,7,1.6478256788229584
2,1994,6,1.698879691116431
2,1995,5,1.6482959996391586
2,1996,5,1.4277476952856394
2,1997,6,1.4061962395140242
2,1998,5,1.1821664075830145
2,1999,5,1.4425621594746874
2,2000,5,1.497989410287515
2,2001,5,1.590481382874763
2,2002,5,1.5796628039631728
2,2003,6,1.5631165341355433
2,2004,6,1.4835728395502334
2,2005,5,1.1480959394803611
2,2006,5,1.204454350804037
2,2007,6,1.3984467618651202
2,2008,6,1.316075625316934
2,2009,6,0.975065649187064
2,2010,6,1.2566838049425137
2,2011,6,1.468807546454916
2,2012,6,1.2597659167644357
2,2013,5,1.140088788456037
2,2014,5,1.2654074195466345
2,2015,5,1.4071746757158565
2,2016,5,1.303675346747307
2,2017,5,1.3890625209279275
2,2018,5,1.3816632472295058
2,2019,5,1.3478731004041116
2,2020,5,1.388941743942803
2,2021,5,1.5231817624932615
2,2022,5,1.53562399032759
2,2023,6,1.4792844440767219
2,2024,5,1.6422774582260504
2,2025,5,1.5010891522283822
2,2026,7,1.5587120247368635
2,2027,8,1.6582490690014957
2,2028,7,1.5491439842971495
2,2029,6,1.5037078625700722
2,2030,5,1.4118700788731813
2,2031,5,1.5307485087576551
2,2032,5,1.5360836313931272
2,2033,5,1.5840446637937378
2,2034,5,1.5684847738405492
2,2035,5,1.603329705865507
2,2036,5,1.453244606620653
2,2037,5,1.6318649426925695
2,2038,5,1.346393650673511
2,2039,6,1.3983543366055606
2,2040,5,1.2088457847907659
2,2041,5,1.1037935468731686
2,2042,5,1.102586030233673
2,2043,5,1.1961221772892543
2,2044,5,1.4500986728432173
2,2045,5,1.5762318430990336
2,2046,5,1.6336359373273983
2,2047,5,1.54916811367955
2,2048,5,1.5515722959146894
2,2049,5,1.325573075563824
2,2050,5,1.4473191783094888
2,2051,6,1.7309198744459713
2,2052,5,1.657223357050324
2,2053,5,1.480107615701792
2,2054,5,1.4460962150624184
2,2055,5,1.4626111139405347
2,2056,5,1.4794769140106148
2,2057,6,1.6453785875348141
2,2058,6,1.652518486179651
2,2059,5,1.8871106047918174
2,2060,5,1.8079885564037785
2,2061,5,1.5615575213454242
2,2062,5,1.4737599806947275
2,2063,5,1.2669142032552023
2,2064,6,1.5206223058618389
2,2065,5,1.2122905447156076
2,2066,5,1.2415231431853089
2,2067,5,1.3601069718891385
2,2068,6,1.3345686811074406
2,2069,6,1.215731095008695
2,2070,6,1.3183768697471452
2,2071,5,1.339944852944404
2,2072,5,1.3354580567025565
2,2073,5,1.3541889773351947
2,2074,6,1.3404870215276579
2,2075,6,1.1780921463585017
2,2076,6,1.432768421475572
2,2077,6,1.1677738087255825
2,2078,6,1.2896769337488205
2,2079,7,1.4990019899481544
2,2080,6,1.1254612087643143
2,2081,6,1.1407903677057387
2,2082,6,1.4065590288435197
2,2083,6,1.524110721306728
2,2084,6,1.5125031300047347
2,2085,5,1.2622175978789123
2,2086,5,1.1639049759735398
2,2087,5,0.977465601730326
2,2088,5,1.2895085938788409
2,2089,5,1.3696283926286004
2,2090,5,1.3840793052425688
2,2091,5,1.2439048162104909
2,2092,6,1.3976622855574705
2,2093,6,1.3257478500149311
2,2094,6,1.2797870142727668
2,2095,6,1.1502050767022847
2,2096,6,1.7790556389719865
2,2097,6,1.3708160676936556
2,2098,6,1.3235607300786816
2,2099,6,1.2498910266065115
2,2100,7,1.4773738455034593
2,2101,7,1.5818179369388612
2,2102,7,1.623693677748662
2,2103,5,1.5096412069356906
2,2104,6,1.4771884355685834
2,2105,5,1.4318733437737472
2,2106,5,1.6336250780561414
2,2107,5,1.500024747669384
2,2108,5,1.2679804409284796
2,2109,5,1.2970823543124683
2,2110,5,1.4858752432200464
2,2111,5,1.4773697566315445
2,2112,5,1.2259952578039468
2,2113,5,1.3265734252992982
2,2114,5,1.179876883262882
2,2115,5,1.4279681179644839
2,2116,5,1.3051621508819542
2,2117,6,1.2385857773785047
2,2118,7,1.6208538674958035
2,2119,7,1.7161167014416168
2,2120,7,1.4600528338731436
2,2121,8,1.7725418363889496
2,2122,7,1.5991286196001
2,2123,7,1.5342180168512005
2,2124,7,1.7740573014437495
2,2125,6,1.5673426124726046
2,2126,5,1.5177907116834994
2,2127,5,1.3940493022283502
2,2128,6,1.5943019565037302
2,2129,5,1.5883344983292949
2,2130,5,1.5966570491074026
2,2131,5,1.3730290383866026
2,2132,5,1.1751030503821278
2,2133,5,1.2791423011929153
2,2134,5,1.4008465801783951
2,2135,6,1.188640043069444
2,2136,6,1.25673152431753
2,2137,6,1.44552868941396
2,2138,5,0.9898731283874982
2,2139,5,1.0428237592057332
2,2140,5,1.1880790656245317
2,2141,5,1.446833502665955
2,2142,6,1.369588325029746
2,2143,6,1.564906011795122
2,2144,5,1.4306752331752168
2,2145,5,1.5585766950029463
2,2146,6,1.7174088730189152
2,2147,6,1.7695246955482746
2,2148,6,1.8603340944031186
2,2149,6,1.596424310013692
2,2150,6,1.7213544354385184
2,2151,6,1.6925501013721571
2,2152,8,1.430268971671591
2,2153,8,1.8666493547613934
2,2154,8,1.8139128931743689
2,2155,8,1.6560561195622348
2,2156,8,1.7845620674490092
2,2157,8,1.9018406089767366
2,2158,10,1.8069808778902696
2,2159,8,1.5586819984313216
2,2160,7,1.636046814456117
2,2161,7,1.7426567109536002
2,2162,7,1.834832146063147
2,2163,7,1.9115176071507456
2,2164,8,1.6641843180146658
2,2165,6,1.5521307395613504
2,2166,6,1.516941717765687
2,2167,6,1.3249951928480295
2,2168,6,1.2009688177758284
2,2169,7,1.3395430075670034
2,2170,6,1.0686804846648066
2,2171,7,1.2147507290311284
2,2172,5,1.3019470560381166
2,2173,5,1.4843180871875457
2,2174,5,1.5738830072411076
2,2175,5,1.4684530856801534
2,2176,5,1.196138267070591
2,2177,5,1.4131648155328138
2,2178,6,1.30587178423206
2,2179,7,1.3825880857489121
2,2180,7,1.4903456138836342
2,2181,6,1.7665681521079306
2,2182,5,1.2037385343857605
2,2183,5,1.5198031729835089
2,2184,5,1.1806844949353006
2,2185,6,1.5561774153870434
2,2186,6,1.7217810645484848
2,2187,6,1.3949467199457168
2,2188,6,1.4709073628322988
2,2189,5,1.3685559788282635
2,2190,5,1.40247998136425
2,2191,5,1.2310963320440576
2,2192,5,1.1724823314718096
2,2193,6,1.4997623928637518
2,2194,5,1.66663737289218
2,2195,5,1.2637357546204941
2,2196,5,1.4078197700078698
2,2197,5,1.171576031510532
2,2198,5,1.1470194394447528
2,2199,5,1.16037091846287
2,2200,6,1.4299360006754265
2,2201,6,1.3280489936428759
2,2202,6,1.4806825581890966
2,2203,6,1.3516916719931897
2,2204,5,1.2138689569751975
2,2205,5,1.2909497185579846
2,2206,5,1.4614815659938891
2,2207,5,1.5015101750818074
2,2208,5,1.3059715727481729
2,2209,5,1.5077464938615153
2,2210,5,1.5126851334546463
2,2211,5,1.3145315543918974
2,2212,5,1.334740618455378
2,2213,5,1.4442573753525534
2,2214,5,1.4051277451420443
2,2215,5,1.4051277451420443
2,2216,5,1.4295636275548524
2,2217,5,1.2849886933204129
2,2218,5,1.205537801789534
2,2219,5,1.1967443394731996
2,2220,5,1.4912097350203632
2,2221,6,1.4607142987789938
2,2222,5,1.4728429470484077
2,2223,5,1.1438580316222606
2,2224,5,1.213604360621241
2,2225,5,1.4716745593378957
2,2226,5,1.3205754554957947
2,2227,6,1.502586679546682
2,2228,5,1.6377696175458825
2,2229,5,1.644585619069427
2,2230,5,1.5266269564973998
2,2231,5,1.5298314760581082
2,2232,5,1.5206071175650635
2,2233,5,1.6896981096023183
2,2234,5,1.5933428710125725
2,2235,6,1.3519254111254093
2,2236,5,1.3013704467267138
2,2237,5,1.3954698477941867
2,2238,5,1.1833108502982208
2,2239,5,1.1633355927266962
2,2240,6,1.3652321126868547
2,2241,6,1.2784134959914066
2,2242,6,1.2934663062736247
2,2243,6,1.1560806002252209
2,2244,6,1.350472478395472
2,2245,7,1.3599529430366362
2,2246,6,1.6167450003796162
2,2247,6,1.3278818455291734
2,2248,6,1.2732698367911697
2,2249,6,1.3191598781392173
2,2250,6,1.3201467585957594
2,2251,6,1.3310022104389905
2,2252,6,1.3593222945532784
2,2253,6,1.3838591786858894
2,2254,6,1.4782037121501004
2,2255,6,1.90472529286719
2,2256,6,1.5558109189933496
2,2257,6,1.6487241448341416
2,2258,6,1.6058306410097156
2,2259,6,1.4974617430174897
2,2260,6,1.6646817051073608
2,2261,7,1.6490986566257027
2,2262,7,1.6701379024637788
2,2263,9,1.6299743129648303
2,2264,6,1.3365180749560484
2,2265,6,1.3820773505322395
2,2266,6,1.3713984934206245
2,2267,6,1.600236605937904
2,2268,6,1.5987291663149072
2,2269,6,1.681426571292402
2,2270,6,1.5853481550098762
2,2271,7,1.5632763712707005
2,2272,6,1.6530046882456428
2,2273,6,1.8313632618228728
2,2274,6,1.7392857348054869
2,2275,5,1.5633738654595764
2,2276,5,1.5069127939764924
2,2277,5,1.611515400192546
2,2278,5,1.5794002097786275
2,2279,5,1.5078244115929547
2,2280,7,1.43444251014244
2,2281,6,1.6798788896359635
2,2282,6,1.6277668528864604
2,2283,6,1.6877433538502773
2,2284,5,1.618479105205461
2,2285,5,1.6285589891150547
2,2286,5,1.716246431817313
2,2287,5,1.6722382441199608
2,2288,6,1.9564623539180528
2,2289,8,2.106531156527854
2,2290,7,1.9674869952621008
2,2291,8,1.9576557746102385
2,2292,8,2.1060290188390995
2,2293,6,1.8946282631200417
2,2294,6,1.7463270171841447
2,2295,6,1.7233451095370982
2,2296,6,1.8883579758704343
2,2297,7,1.9318469313295203
2,2298,6,1.8242280097124506
2,2299,6,1.6529864564739247
2,2300,6,1.8580801652900436
2,2301,6,1.9497101624806779
2,2302,6,1.9381514516736402
2,2303,6,1.870440976665153
2,2304,7,1.5770314993987604
2,2305,6,1.7473427125787473
2,2306,6,1.7141285091378924
2,2307,6,1.7007140490885977
2,2308,6,1.8212365599382032
2,2309,6,1.7585358851574044
2,2310,7,1.7325723779973092
2,2311,6,1.7658041763600236
2,2312,6,1.7641422855668525
2,2313,6,1.8138062208639818
2,2314,5,1.8592806888659439
2,2315,5,1.65876970999477
2,2316,5,1.6796810051365574
2,2317,5,1.6898119703417303
2,2318,5,1.6161462733241336
2,2319,5,1.595858686737575
2,2320,5,1.5173403979989022
2,2321,5,1.5637428844202796
2,2322,5,1.2459112055995374
2,2323,6,1.7849607656355109
2,2324,6,1.729768356468047
2,2325,6,1.6639780067872385
2,2326,6,1.9357147403282315
2,2327,7,1.7303973817691563
2,2328,6,1.932279837766857
2,2329,6,1.8110641199047368
2,2330,6,1.989375601340079
2,2331,6,2.032326619669152
2,2332,6,1.6774952353267532
2,2333,6,1.53209024691866
2,2334,6,1.5866611295914046
2,2335,7,2.0092257117796115
2,2336,7,1.8451732341552494
2,2337,7,1.4873252445734133
2,2338,7,1.6060011292411502
2,2339,7,1.7972061938584596
2,2340,6,1.7158828107635706
2,2341,6,1.6353607381209465
2,2342,6,1.8446754293976255
2,2343,7,1.5386430085579232
2,2344,6,1.5189726257762168
2,2345,7,1.3914343617626597
2,2346,6,1.2902887507084717
2,2347,5,1.3004549415168034
2,2348,5,1.3167664663335579
2,2349,5,1.2441129889412785
2,2350,5,1.1579568701506275
2,2351,5,1.3075308238292012
2,2352,5,1.5328308583074173
2,2353,5,1.303359595228951
2,2354,5,1.3521360370797448
2,2355,5,1.3568601905738435
2,2356,5,1.574604069288537
2,2357,5,1.594170622595379
2,2358,5,1.6869368898714088
2,2359,5,1.4992455908927513
2,2360,5,1.6766828772982527
2,2361,5,1.4568666870393914
2,2362,5,1.3798807371902537
2,2363,5,1.4998779345251037
2,2364,5,1.6480673139496123
2,2365,5,1.603408824390029
2,2366,5,1.6246549547116538
2,2367,5,1.7049151519227408
2,2368,5,1.4616678618113292
2,2369,5,1.551138025245752
2,2370,5,1.566287438067663
2,2371,5,1.3877629630901165
2,2372,6,1.5391116159012599
2,2373,5,1.8038793628445307
2,2374,5,1.8178701825260295
2,2375,5,1.6445101730845368
2,2376,5,1.7699176422898244
2,2377,5,1.6439772179902987
2,2378,5,1.6051904776693786
2,2379,5,1.7179159697988293
2,2380,5,1.8187851685860323
2,2381,5,1.7749946127773946
2,2382,5,1.5939572363486918
2,2383,5,1.8225586886589795
2,2384,5,1.527071670669538
2,2385,5,1.724862407194792
2,2386,5,1.7295300624975098
2,2387,5,1.4510763865951488
2,2388,5,1.5806331550906032
2,2389,5,1.7293669539776069
2,2390,5,1.5300010957868464
2,2391,5,1.5756014166718355
2,2392,5,1.7635423070087475
2,2393,5,1.532462913871068
2,2394,5,1.4871184041103431
2,2395,5,1.5923774967175968
2,2396,5,1.759730715420647
2,2397,5,1.6212887786516141
2,2398,5,1.6801872823430246
2,2399,5,1.7771371515411634
2,2400,5,1.6386113692587636
2,2401,5,1.8834905318720447
2,2402,5,1.8063953904494374
2,2403,5,1.60834162335121
2,2404,5,1.3976393249744588
2,2405,5,1.5214913565649226
2,2406,5,1.4803446968938072
2,2407,5,1.489331027077983
2,2408,5,1.3147505612422599
2,2409,5,1.2781456341053188
2,2410,5,1.532462913871068
2,2411,5,1.5090678346461117
2,2412,5,1.4673447202428753
2,2413,5,1.5256807885352477
2,2414,5,1.5953758012611097
2,2415,5,1.518595212102952
2,2416,6,1.6607346048942935
2,2417,6,1.7355750585530045
2,2418,5,1.4428827308686953
2,2419,5,1.52746826006355
2,2420,5,1.6711378480891939
2,2421,5,1.6463701434348863
2,2422,5,1.5285202184980444
2,2423,5,1.354703678540278
2,2424,5,1.5403747033744768
2,2425,5,1.5944607845054968
2,2426,5,1.5065397727349321
2,2427,5,1.6200124135712306
2,2428,5,1.4190853072047025
2,2429,5,1.7855059078650721
2,2430,5,1.8474802899213767
2,2431,5,1.5303864322822425
2,2432,7,1.5234361911746266
2,2433,7,1.6613294490508506
2,2434,6,1.6056381196250635
2,2435,6,1.7218378751922638
2,2436,6,1.6691389438036053
2,2437,5,1.63237054343865
2,2438,5,1.735828648231696
2,2439,5,1.7884776323008844
2,2440,5,1.8621155489913375
2,2441,5,1.7042654647028015
2,2442,5,1.748499555921418
2,2443,5,1.6192987035027433
2,2444,6,2.0159643544788737
2,2445,8,2.0211513879227705
2,2446,7,2.0857193470558495
2,2447,8,2.1302231467753083
2,2448,7,2.089395594623051
2,2449,8,2.21984606058672
2,2450,7,1.9391037873116148
2,2451,7,2.3219517401641214
2,2452,7,2.241894805158332
2,2453,7,1.8830049160697717
2,2454,8,1.9230635872051733
2,2455,7,1.9811291780099896
2,2456,7,2.070649395173578
2,2457,7,1.9821138810767223
2,2458,7,1.9794966082854089
2,2459,7,2.178289068377396
2,2460,7,1.811453189680591
2,2461,5,1.6821343060745932
2,2462,5,1.7279780706010115
2,2463,5,1.7334263047752283
2,2464,5,1.896536588452014
2,2465,5,1.6745274068211722
2,2466,5,1.88215524756211
2,2467,5,1.7752184356184255
2,2468,6,2.0468209887119033
2,2469,6,1.9943289416917813
2,2470,6,2.0124843687305156
2,2471,6,1.9759290813757033
2,2472,5,1.7730178889916526
2,2473,5,1.9078537102652056
2,2474,5,1.8144605536788987
2,2475,5,1.8062437621875915
2,2476,5,1.687747869276719
2,2477,6,1.8431862822081877
2,2478,7,1.734307583356399
2,2479,5,1.55122308364657
2,2480,6,1.602227792057736
2,2481,6,1.3022285485794587
2,2482,5,1.1200432614719604
2,2483,6,1.4367403750561927
2,2484,6,1.4229016594270427
2,2485,6,1.3438049595857313
2,2486,6,1.426124751888572
2,2487,5,1.2992845838739164
2,2488,6,1.744828009377215
2,2489,6,1.6166035461348525
2,2490,6,1.7372736250830396
2,2491,6,1.7407150585715296
2,2492,5,1.8601263764338385
2,2493,5,1.7689207640548954
2,2494,5,1.799288035928459
2,2495,5,1.6760216031804478
2,2496,5,1.5935197288245675
2,2497,5,1.7513544871312012
2,2498,5,1.9895721732758695
2,2499,6,1.9420969430316708
2,2500,6,1.8791523310749811
2,2501,6,1.9788302835499256
2,2502,6,1.8080866468179115
2,2503,7,2.0958468111712936
2,2504,6,1.7867392095512384
2,2505,5,1.711250946772231
2,2506,6,1.9621121763281288
2,2507,6,2.021032986183847
2,2508,6,2.0908019012866794
2,2509,6,1.8192509543166269
2,2510,7,1.8276702512113054
2,2511,6,1.7713297228190141
2,2512,7,2.0817557593332223
2,2513,6,1.8605719582776725
2,2514,6,2.033847746890672
2,2515,6,1.9023498211336838
2,2516,6,2.0082943625171263
2,2517,6,1.9190509844011148
2,2518,6,1.9853610324674436
2,2519,6,2.0685849753758063
2,2520,6,1.7124653673881585
2,2521,6,1.8246366368814857
2,2522,6,1.9514752369433763
2,2523,6,1.8328790178167225
2,2524,6,1.7483147110840989
2,2525,6,1.4847116821147797
2,2526,6,1.6766813627598562
2,2527,6,1.7239319475774462
2,2528,6,1.6515470377790882
2,2529,6,1.8566177095126828
2,2530,6,1.743235201416308
2,2531,5,1.4598009190873538
2,2532,5,1.432520173705237
2,2533,5,1.3293461231882548
2,2534,5,1.2235439388975045
2,2535,5,1.297800700292116
2,2536,5,1.41099336441577
2,2537,6,1.855431047429426
2,2538,7,1.8289487542838643
2,2539,6,1.957466043022145
2,2540,6,1.8188539342698915
2,2541,6,1.799750810124888
2,2542,6,1.8517691922237165
2,2543,5,1.2848612545797975
2,2544,5,1.4131004094945738
2,2545,5,1.5296940432146435
2,2546,5,1.3908063382273976
2,2547,5,1.7625225910438465
2,2548,5,1.8277880448558284
2,2549,5,1.8805675326754132
2,2550,5,1.7654958003879133
2,2551,6,1.8921440081124952
2,2552,6,1.8394498141058353
2,2553,6,1.9257340289701101
2,2554,6,1.9049203408965312
2,2555,6,1.6369195266334566
2,2556,6,1.6986503684215113
2,2557,5,1.51680713086642
2,2558,5,1.6554216117434564
2,2559,5,1.6151714414871767
2,2560,5,1.6994392962397677
2,2561,5,1.6899687217941697
2,2562,5,1.6587484374065529
2,2563,5,1.8660868873379997
2,2564,5,1.6064687156328619
2,2565,5,1.8467716370098657
2,2566,5,1.723666143978428
2,2567,5,1.756414956713666
2,2568,5,1.7354365371236282
2,2569,5,1.7011026012755672
2,2570,5,1.6267492603775207
2,2571,5,1.663151856649903
2,2572,5,1.3315636697595687
2,2573,5,1.3877230800602747
2,2574,5,1.543323437196185
2,2575,5,1.6227915092029033
2,2576,6,1.648073372768554
2,2577,7,1.7902955243218863
2,2578,6,1.5381630094611278
2,2579,5,1.5491305702431624
2,2580,6,1.7534456497553172
2,2581,6,1.501329891087492
2,2582,6,1.6315334827580439
2,2583,6,1.6093180125488535
2,2584,6,1.7480546300992046
2,2585,6,1.6529353234245874
2,2586,6,1.5631103784833318
2,2587,6,1.7042964770781133
2,2588,6,1.8285037830596163
2,2589,6,1.8231426338411039
2,2590,6,1.6788921369687224
2,2591,6,1.353989464343592
2,2592,6,1.6067208270533975
2,2593,5,1.456082251289093
2,2594,5,1.4988449558501822
2,2595,5,1.3894451196451483
2,2596,6,1.6335744380152128
2,2597,7,1.5857873075341518
2,2598,6,1.588769180556957
2,2599,6,1.5819379756702205
2,2600,6,1.7783962834552787
2,2601,7,1.9063041337439297
2,2602,8,1.5872681759509004
2,2603,7,1.8014949934728803
2,2604,7,1.8195616978775986
2,2605,9,1.6740415895609724
2,2606,8,1.9780375539625616
2,2607,7,1.940346869787887
2,2608,8,1.9532084324640953
2,2609,8,1.982167315939214
2,2610,8,2.117592870892563
2,2611,9,2.16505396482086
2,2612,10,2.250927622460929
2,2613,9,2.095486715314432
2,2614,8,2.161976579538341
2,2615,9,2.200343849076769
2,2616,9,2.3693668019040053
2,2617,7,1.824212301248017
2,2618,6,1.7808889195095459
2,2619,6,1.756854533102738
2,2620,7,1.4909558660370754
2,2621,7,1.7583827579042426
2,2622,7,1.6483559298360388
2,2623,9,1.725692269620978
2,2624,8,1.8658941765377937
2,2625,8,1.7327193977817164
2,2626,8,1.9480089273188286
2,2627,6,1.7816319618279266
2,2628,6,1.7513246661753668
2,2629,6,1.9497831863888875
2,2630,6,1.77026969026796
2,2631,6,1.7147635315923004
2,2632,5,1.6550658303078576
2,2633,5,1.734725829979963
2,2634,5,1.6079195093740788
2,2635,5,1.5991589236783312
2,2636,5,1.2270079302226513
2,2637,5,1.2881541228468167
2,2638,5,1.349331520510015
2,2639,5,1.4479985337844177
2,2640,5,1.3194826693867312
2,2641,6,1.6614684375773314
2,2642,6,1.552053914581701
2,2643,6,1.751421162432809
2,2644,7,1.7582506350104077
2,2645,7,1.755215079833027
2,2646,7,1.720332382845676
2,2647,7,1.805498657870615
2,2648,7,1.7694878164386654
2,2649,7,1.7564310174110496
2,2650,6,1.5643071800528054
2,2651,6,1.628667412454193
2,2652,6,1.4921052183425765
2,2653,6,1.6597799672072786
2,2654,6,1.7619458626310593
2,2655,6,1.737893608358665
2,2656,5,1.5897595289324684
2,2657,5,1.547203603764466
2,2658,5,1.4465829151979959
2,2659,5,1.6318947215343322
2,2660,6,1.8300639933642588
2,2661,8,2.099341553174616
2,2662,7,1.7179113458602218
2,2663,7,2.157633712531237
2,2664,6,1.8859839351507053
2,2665,5,1.744981010778488
2,2666,5,1.6322069269472803
2,2667,7,1.8928057458513639
2,2668,6,1.7653224452925
2,2669,6,1.6857821124546803
2,2670,6,1.629306132676179
2,2671,6,1.641604997890795
2,2672,6,1.7463534556413767
2,2673,6,1.653792011605447
2,2674,6,1.6755223634869232
2,2675,5,1.6247134851009388
2,2676,7,1.5038790767780439
2,2677,5,1.594539599978837
2,2678,5,1.6278181652388954
2,2679,5,1.523220820355517
2,2680,5,1.5760989437585557
2,2681,5,1.7389603542526038
2,2682,5,1.6044517516274048
2,2683,5,1.7197072317584894
2,2684,5,1.685073525305226
2,2685,5,1.7817939082047443
2,2686,6,1.7409922256496313
2,2687,7,2.0243534455839716
2,2688,6,1.8598040849184168
2,2689,6,1.855801551901612
2,2690,5,1.672933538483154
2,2691,5,1.8283556977259638
2,2692,5,1.8311308055135638
2,2693,5,1.7327552517836353
2,2694,5,1.6509240438046602
2,2695,5,1.5973614206351203
2,2696,5,1.5422955323974836
2,2697,5,1.6318518055148115
2,2698,5,1.725903120377715
2,2699,5,1.5351254860733192
2,2700,6,1.481746392337734
2,2701,5,1.6449514126704363
2,2702,5,1.8129630499988285
2,2703,5,1.6103600206380015
2,2704,5,1.5418145988707952
2,2705,6,1.5686354950283117
2,2706,6,1.7212767825869255
2,2707,6,1.8596104634913124
2,2708,6,1.782706484229914
2,2709,6,1.9064051673949258
2,2710,7,1.8749646877115635
2,2711,7,1.8098541159372061
2,2712,7,1.7704198599865664
2,2713,7,1.729550519133801
2,2714,7,1.6848892496891326
2,2715,5,1.404419241832907
2,2716,5,1.2405897753762218
2,2717,5,1.255973103322245
2,2718,5,1.1912980513319562
2,2719,6,1.354377302821332
2,2720,6,1.547264807035147
2,2721,6,1.4463703552957936
2,2722,6,1.6038178373403547
2,2723,6,1.6433356656998228
2,2724,6,1.6495936174553458
2,2725,6,1.6570641286484062
2,2726,5,1.4989237619058007
2,2727,6,1.6172663239977338
2,2728,6,1.754674565430404
2,2729,6,1.6145795704827046
2,2730,7,1.6124946568244676
2,2731,8,1.8254926088564125
2,2732,8,1.7747174652659643
2,2733,6,1.7170123388113847
2,2734,5,1.5908754118893516
2,2735,6,1.570419617515113
2,2736,5,1.5644817946387208
2,2737,5,1.4985456200183886
2,2738,5,1.4730386593262397
2,2739,5,1.5798505184448461
2,2740,5,1.4108608265797433
2,2741,5,1.6276870078245351
2,2742,5,1.619807981715606
2,2743,5,1.4541736689033806
2,2744,5,1.6730420315497936
2,2745,6,1.5978259978818006
2,2746,5,1.7521576703336033
2,2747,5,1.2949148622657534
2,2748,6,1.5810509041847625
2,2749,6,1.479157486897329
2,2750,6,1.2427523915124405
2,2751,6,1.5777870880367875
2,2752,6,1.6422228253007574
2,2753,6,1.6614612491556198
2,2754,6,1.4914934055602744
2,2755,5,1.4743143830230272
2,2756,5,1.5271963962698303
2,2757,5,1.7203281042128826
2,2758,5,1.556406457866796
2,2759,6,1.4799809532236585
2,2760,6,1.5037320861048933
2,2761,6,1.6222638763211052
2,2762,6,1.6997513728983078
2,2763,6,1.3227420878854188
2,2764,6,1.5766029423204664
2,2765,6,1.539439944931956
2,2766,6,1.524854127380249
2,2767,6,1.5758921289459984
2,2768,6,1.3101277366198478
2,2769,5,1.193270468381579
2,2770,5,1.2953436669637899
2,2771,5,1.4264369432688997
2,2772,5,1.4735042362173738
2,2773,5,1.3163095728435774
2,2774,5,1.2480693330968147
2,2775,5,1.6321755602130055
2,2776,5,1.6185972682452272
2,2777,5,1.7182265435368675
2,2778,5,1.683655445772735
2,2779,5,1.8413483208437489
2,2780,5,1.7473601678945814
2,2781,5,1.6295512423322327
2,2782,5,1.5503441190603482
2,2783,5,1.5610807829632458
2,2784,5,1.6046236641987957
2,2785,5,1.5807022706552551
2,2786,5,1.6277249037790047
2,2787,5,1.7611977750347605
2,2788,5,1.6511482184043333
2,2789,7,1.7028544513878279
2,2790,7,1.5793477492025683
2,2791,7,2.0569093513416785
2,2792,7,1.9281795239795514
2,2793,6,1.9364699429337486
2,2794,6,1.7943782680846327
2,2795,6,1.7222494061007652
2,2796,6,1.4963765862775356
2,2797,5,1.6736465148327042
2,2798,5,1.4643839797073936
2,2799,5,1.6438983694271156
2,2800,5,1.3955271510580913
2,2801,5,1.4069804520598117
2,2802,5,1.475455634290233
2,2803,5,1.6120818228040696
2,2804,5,1.7184079975320339
2,2805,5,1.780974851341706
2,2806,5,1.5891119396035034
2,2807,5,1.6221729598854666
2,2808,6,1.6169602753905168
2,2809,6,1.8279549070690453
2,2810,5,1.6497994145689434
2,2811,5,1.659463538381491
2,2812,5,1.4046665457843308
2,2813,5,1.4176254929732082
2,2814,6,1.51293163237592
2,2815,7,1.6458720917421257
2,2816,6,1.5650972638073082
2,2817,5,1.560860995830414
2,2818,6,1.5660485990540876
2,2819,6,1.3952686605165248
2,2820,7,1.3975312689535837
2,2821,6,1.4133535540773305
2,2822,6,1.4606750387362828
2,2823,7,1.510496442289874
2,2824,6,1.7225023145956095
2,2825,5,1.5408177242827863
2,2826,5,1.274666765288421
2,2827,5,1.3397455981857762
2,2828,5,1.3755105872058575
2,2829,5,1.1302366022739299
2,2830,5,1.0366629261732814
2,2831,5,1.147738674839177
2,2832,5,1.2047549881984474
2,2833,5,1.2488326989226812
2,2834,6,1.3927806281297657
2,2835,6,1.4093555324740277
2,2836,6,1.4973667000831536
2,2837,6,1.4234528830890372
2,2838,6,1.2886387202714564
2,2839,6,1.5787270326388425
2,2840,6,1.6069574665697188
2,2841,6,1.632847809870014
2,2842,6,1.5799446645515909
2,2843,6,1.505337707901159
2,2844,6,1.5714787190844146
2,2845,6,1.7357591946342859
2,2846,6,1.5747351621379209
2,2847,6,1.4728931561919865
2,2848,6,1.5465096667957692
2,2849,6,1.4727724671530877
2,2850,5,1.4595550461720221
2,2851,5,1.568599188147625
2,2852,5,1.390055849773626
2,2853,5,1.2367573222347548
2,2854,5,1.0744863947718364
2,2855,5,1.2530789707621302
2,2856,5,1.5497486507609155
2,2857,5,1.5447226153831815
2,2858,5,1.5657058510648616
2,2859,5,1.3573716262843503
2,2860,5,1.3384944041517413
2,2861,5,1.3384944041517413
2,2862,5,1.1424430659585734
2,2863,5,1.2697089689026004
2,2864,6,1.4355986621165466
2,2865,5,1.4234819706833735
2,2866,5,1.4751307161309497
2,2867,5,1.6069031074239373
2,2868,5,1.3893080558968687
2,2869,5,1.5367429367049867
2,2870,5,1.3372836470089697
2,2871,5,1.4656591256176963
2,2872,5,1.3540630652956995
2,2873,6,1.320251047175999
2,2874,5,1.2824111220662666
2,2875,5,1.4606214100974766
2,2876,5,1.5215207540698676
2,2877,6,1.7171763223979672
2,2878,5,1.417964640817023
2,2879,5,1.4236867126041566
2,2880,5,1.380065356400233
2,2881,5,1.3011403396992685
2,2882,5,1.3446859875254482
2,2883,5,1.478273232028775
2,2884,5,1.505804320175709
2,2885,5,1.4272750838075905
2,2886,6,1.2870184735483803
2,2887,6,1.6742929609044492
2,2888,5,1.5155930635885082
2,2889,5,1.5644174962916448
2,2890,5,1.2867477058888088
2,2891,5,1.3751537529378997
2,2892,5,1.3873807626271812
2,2893,6,1.6378035618040867
2,2894,6,1.5328183249776521
2,2895,6,1.6250370774334333
2,2896,6,1.6821321719170896
2,2897,5,1.6939264938030858
2,2898,5,1.7313797722258277
2,2899,5,1.6918460334981895
2,2900,5,1.4246463638342566
2,2901,5,1.3688882873060493
2,2902,5,1.5188294561020443
2,2903,5,1.2891291179832867
2,2904,5,1.3072276271367973
2,2905,5,1.4130817696021207
2,2906,5,1.4578095543953378
2,2907,5,1.4130817696021207
2,2908,5,1.4126062603527134
2,2909,5,1.4850408882459432
2,2910,5,1.4545185393876325
2,2911,5,1.4301640416316381
2,2912,6,1.5839603090900267
2,2913,5,1.555135611682458
2,2914,5,1.4707289820383407
2,2915,5,1.3305391619627582
2,2916,5,1.3683111472041567
2,2917,5,1.3497250430793044
2,2918,5,1.2864598417807653
2,2919,5,1.4938787699387133
2,2920,6,1.3152023903675212
2,2921,5,1.4983340028409677
2,2922,5,1.5194324710884777
2,2923,5,1.5449401705662762
2,2924,5,1.5283829345641275
2,2925,5,1.511918269121352
2,2926,5,1.460787058156443
2,2927,5,1.470926065263357
2,2928,5,1.3641287770871284
2,2929,5,1.3056530991535338
2,2930,5,1.3708951003064378
2,2931,5,1.1462745638425162
2,2932,5,1.288528543107228
2,2933,6,1.3078067105080886
2,2934,7,1.290662863073738
2,2935,6,1.4087345298584792
2,2936,6,1.6218299155702587
2,2937,7,1.7873372221323014
2,2938,8,1.6678594164906482
2,2939,7,1.6205786053941793
2,2940,7,1.7639984198797363
2,2941,7,1.4477638541720892
2,2942,7,1.4668148565842558
2,2943,6,1.6400651354925033
2,2944,5,1.4689215430538418
2,2945,5,1.3560584458361906
2,2946,5,1.5292104115633527
2,2947,5,1.486346542594256
2,2948,5,1.6739784390205514
2,2949,5,1.5086341286821239
2,2950,5,1.6777898042404877
2,2951,5,1.5889589283544927
2,2952,5,1.5099660326170516
2,2953,5,1.4203385058164217
2,2954,5,1.4351529662760516
2,2955,6,1.5768523658444833
2,2956,6,1.4287703231637976
2,2957,7,1.7369361485659889
2,2958,8,1.6128364491529155
2,2959,7,1.6922711556014418
2,2960,7,1.7393385136340256
2,2961,6,1.5728880196775519
2,2962,6,1.487515039223763
2,2963,5,1.5743474523910335
2,2964,5,1.4764704608912984
2,2965,6,1.6889375088778218
2,2966,6,1.6652888464503706
2,2967,7,1.6377517570267228
2,2968,7,1.7780544095939392
2,2969,8,1.9051749609157556
2,2970,5,1.90954449599512
2,2971,5,1.6846870758619188
2,2972,5,1.9324229371685906
2,2973,5,1.8590292490049949
2,2974,6,1.9348109436820073
2,2975,6,1.9346718381176906
2,2976,6,1.7250264027013924
2,2977,6,1.6389606130049983
2,2978,6,1.7540246956154535
2,2979,7,1.7790667248513863
2,2980,6,1.8099228384692507
2,2981,6,1.812641138676705
2,2982,6,1.80000787791628
2,2983,6,1.870022662797624
2,2984,7,1.9203345376375385
2,2985,7,1.7325118847573489
2,2986,7,1.5720865647461721
2,2987,6,1.5318902986146439
2,2988,6,1.5647577280909424
2,2989,6,1.285360986719109
2,2990,6,1.5354395552305249
2,2991,6,1.622532568226827
2,2992,5,1.4513551289948197
2,2993,5,1.32274046784908
2,2994,5,1.5432615079562595
2,2995,5,1.6161349232460114
2,2996,5,1.6278864715515455
2,2997,5,1.8477807414014564
2,2998,5,1.8756502536313295
2,2999,5,1.8841848098132359
2,3000,5,1.6635094011426164
2,3001,5,1.544881690310596
2,3002,5,1.5574016865212257
2,3003,5,1.659119565704822
2,3004,5,1.6344211512098745
2,3005,5,1.8832359614102887
2,3006,5,1.662157653283597
2,3007,5,1.6199763296442233
2,3008,5,1.6162897697872607
2,3009,5,1.602550407983558
2,3010,5,1.4562257619081764
2,3011,5,1.3882957438608834
2,3012,5,1.6086178047461845
2,3013,5,1.6014054533787925
2,3014,5,1.5081541662460922
2,3015,5,1.4493531048913382
2,3016,5,1.292744201935787
2,3017,5,1.1092884674253254
2,3018,5,1.3273535481708953
2,3019,5,1.385478654939389
2,3020,7,1.722349929617713
2,3021,7,1.9361356628353557
2,3022,6,1.7366090907958918
2,3023,6,1.7128839783617291
2,3024,6,1.3479003968784666
2,3025,6,1.2643113816322966
2,3026,6,1.4941293324704628
2,3027,6,1.7635424828532829
2,3028,7,1.6544979571891445
2,3029,6,1.8413210210064874
2,3030,6,1.6358922391374175
2,3031,6,1.6010769131863891
2,3032,6,1.4995666765425324
2,3033,6,1.47568815280471
2,3034,6,1.3971725311566958
2,3035,6,1.5801014088101337
2,3036,5,1.3697967166445246
2,3037,5,1.1290074647219965
2,3038,5,0.9942804508053333
2,3039,5,1.235372429191905
2,3040,5,1.13433615912919
2,3041,5,1.2701275887261758
2,3042,5,1.283182214049662
2,3043,5,1.2738919250460405
2,3044,5,1.3040207163296706
2,3045,5,1.227948643791902
2,3046,6,1.270192905217427
2,3047,6,1.324667736782958
2,3048,7,1.2124630835354018
2,3049,6,1.283514406677421
2,3050,6,1.3012127502574877
2,3051,6,1.2480619374680844
2,3052,6,1.2377755642716712
2,3053,6,1.2494578825041747
2,3054,6,1.32395888400734
2,3055,5,1.1187945698009356
2,3056,5,1.281429749615179
2,3057,5,1.1840449855731627
2,3058,5,1.2328471661592912
2,3059,5,1.3041839275393112
2,3060,6,1.3196410805947614
2,3061,5,1.1934862795294743
2,3062,5,1.23913310283818
2,3063,5,1.1646603491844552
2,3064,5,1.1537552273354867
2,3065,5,1.1227733426876778
2,3066,5,1.1628827267097934
2,3067,6,1.3982644767421255
2,3068,6,1.5797095090352569
2,3069,6,1.3766449992795269
2,3070,6,1.4516018107534112
2,3071,6,1.642403833901064
2,3072,7,1.2856044669282545
2,3073,7,1.5950902686315245
2,3074,5,1.1047420803956545
2,3075,6,1.3205541346652483
2,3076,6,1.4261532998920399
2,3077,5,1.643586408080342
2,3078,5,1.5295440690483177
2,3079,6,1.4389203982603327
2,3080,6,1.692367490860009
2,3081,6,1.597115436578704
2,3082,5,1.6081316002288624
2,3083,5,1.6240353217037433
2,3084,5,1.8150555238892405
2,3085,6,1.7675850581370507
2,3086,6,1.7764522996082617
2,3087,6,1.7357557519400642
2,3088,6,1.72733836481064
2,3089,7,1.4678785880728058
2,3090,6,1.6755891894131265
2,3091,6,1.5170512185532212
2,3092,6,1.5350838547019032
2,3093,6,1.4613203416788
2,3094,6,1.4288149889429222
2,3095,6,1.4196165336237518
2,3096,6,1.5092928596206359
2,3097,6,1.4974971150921146
2,3098,6,1.3203948476364205
2,3099,7,1.5741341198269638
2,3100,6,1.3959598333812089
2,3101,6,1.28771824877678
2,3102,6,1.4634055459287905
2,3103,8,1.5984052774871351
2,3104,7,1.613442772019829
2,3105,7,1.6523098191322214
2,3106,6,1.6498778938304923
2,3107,6,1.702174698005809
2,3108,6,1.7585637887519256
2,3109,5,1.4258430203909986
2,3110,5,1.5184813354948483
2,3111,6,1.364292458053253
2,3112,6,1.4375961879378232
2,3113,5,1.5063882234539445
2,3114,6,1.4726450904714579
2,3115,6,1.439995153946772
2,3116,6,1.5323895263312535
2,3117,7,1.5578562148305313
2,3118,7,1.6333986548992936
2,3119,7,1.7505095734710978
2,3120,7,1.799865760182903
2,3121,7,1.656379159118139
2,3122,6,1.3197519891396081
2,3123,6,1.5603008770243538
2,3124,7,1.722591299737223
2,3125,8,1.8432056599856694
2,3126,7,1.88186595892667
2,3127,8,1.8777389459732379
2,3128,7,1.620144731227862
2,3129,6,1.481585477237524
2,3130,6,1.3843729041063888
2,3131,6,1.329785481620874
2,3132,7,1.3677257698838718
2,3133,8,1.5213216407681833
2,3134,7,1.5398041728780072
2,3135,7,1.5374964790897758
2,3136,7,1.839003137094442
2,3137,7,1.7374919274294127
2,3138,7,1.6802151860740606
2,3139,7,1.1945389342591413
2,3140,8,1.285112131850486
2,3141,7,1.3649649960655115
2,3142,7,1.8527155496553345
2,3143,7,1.4602203856268687
2,3144,6,1.3528421222535867
2,3145,6,1.2005800912363038
2,3146,6,0.9875902667598959
2,3147,6,1.4555974040368023
2,3148,7,1.721714191104319
2,3149,6,1.6623953596755925
2,3150,6,1.750960339042272
2,3151,6,1.5415328543485831
2,3152,6,1.6142033707393537
2,3153,6,1.603959007971481
2,3154,6,1.3435822251298761
2,3155,6,1.7820467680570884
2,3156,5,1.4265792669902018
2,3157,5,1.4668104304823597
2,3158,6,1.8008123906561933
2,3159,6,1.8997102117663118
2,3160,5,1.7378891829004157
2,3161,5,1.6090158570181456
2,3162,5,1.6339133075977483
2,3163,5,1.5433714450137708
2,3164,5,1.5431812657605852
2,3165,5,1.7067536390465299
2,3166,5,1.4651330320142661
2,3167,5,1.5284810120792849
2,3168,5,1.4776240022574583
2,3169,5,1.2765002522072448
2,3170,5,1.3176970036994486
2,3171,6,1.4291535606561503
2,3172,6,1.3385027746910394
2,3173,6,1.60468050488827
2,3174,6,1.6996320940071996
2,3175,6,1.9281214001545113
2,3176,6,1.788560377467682
2,3177,6,1.9544518142858975
2,3178,6,1.9146261855469167
2,3179,6,1.9475647363322661
2,3180,6,2.0633389572462146
2,3181,7,2.1269011735403875
2,3182,8,2.0973346980878764
2,3183,6,1.8111067750226533
2,3184,5,1.80864420343771
2,3185,5,1.7021371499362616
2,3186,6,1.9423563348369046
2,3187,5,1.9426433340631073
2,3188,5,1.9075870260158108
2,3189,5,2.0831231688378673
2,3190,5,1.954240814740996
2,3191,6,1.9415568191834316
2,3192,6,1.9167117825730942
2,3193,6,1.721855357521294
2,3194,6,1.7572162347478
2,3195,6,1.725643594987198
2,3196,6,1.880242865019262
2,3197,5,1.6929741311200281
2,3198,5,1.8168790103224275
2,3199,5,1.5850336160170353
2,3200,6,1.495434301714928
2,3201,6,1.5175589805758465
2,3202,6,1.5965003201440005
2,3203,6,1.6686252487510798
2,3204,6,1.3544415952716555
2,3205,5,1.6986845730580433
2,3206,5,1.5406421353361837
2,3207,6,1.5819379062139536
2,3208,6,1.5066310184442315
2,3209,6,1.3760112608370108
2,3210,6,1.550735649652153
2,3211,6,1.6354947309931798
2,3212,6,1.9007359317301629
2,3213,6,1.501411838350101
2,3214,6,1.7317669513097913
2,3215,6,1.3744648607538124
2,3216,5,1.2457473927949714
2,3217,5,1.2990768208332173
2,3218,5,1.4922326373367416
2,3219,5,1.5461622511254647
2,3220,5,1.2453303188585707
2,3221,5,1.5018026099746242
2,3222,5,1.5754549744857709
2,3223,5,1.5931782726670378
2,3224,5,1.4405885209558864
2,3225,5,1.4121621444847228
2,3226,5,1.3567915126649543
2,3227,6,1.7542519693262846
2,3228,6,1.6280550731819248
2,3229,5,1.3605510651082118
2,3230,5,1.696610766642796
2,3231,5,1.6437729356049644
2,3232,5,1.5068666253345149
2,3233,5,1.2103987735094375
2,3234,5,1.2124038357828897
2,3235,5,1.1151007700612485
2,3236,5,1.299580585893143
2,3237,5,1.0910813080262107
2,3238,6,1.495654050447849
2,3239,6,1.509381851190184
2,3240,6,1.5627429445911312
2,3241,6,1.2510636460885118
2,3242,6,1.4382542476538887
2,3243,6,1.3126803515981007
2,3244,5,1.1224683338959935
2,3245,5,1.067285758137841
2,3246,5,1.3555262412600406
2,3247,6,1.4761251727684295
2,3248,6,1.322831923163803
2,3249,6,1.3514138547362884
2,3250,7,1.5051317319547604
2,3251,7,1.5677509082311656
2,3252,8,1.5101659129211646
2,3253,6,1.3022480536106698
2,3254,7,1.3694211520306365
2,3255,6,1.3847072740156134
2,3256,6,1.543392738608782
2,3257,6,1.7144299589725915
2,3258,6,1.5257045033825896
2,3259,6,1.2879037991940039
2,3260,6,1.4822946525577745
2,3261,6,1.550738865881213
2,3262,6,1.4421982583880464
2,3263,6,1.4265179707915152
2,3264,6,1.4570726140423513
2,3265,6,1.2430056949819477
2,3266,6,1.5322821495375676
2,3267,6,1.4847184886710236
2,3268,6,1.5349669040810947
2,3269,6,1.4260969867984565
2,3270,7,1.5283136745128894
2,3271,6,1.4569404406505586
2,3272,5,1.4673040064595875
2,3273,5,1.281795712767018
2,3274,5,1.4471310010945642
2,3275,5,1.6044216785997314
2,3276,5,1.68446841922451
2,3277,5,1.6409135261470729
2,3278,5,1.6541834831663147
2,3279,6,1.7728170793389233
2,3280,5,1.6020137443614004
2,3281,5,1.7519277070952004
2,3282,5,1.7132282791573274
2,3283,6,1.8306679945457214
2,3284,5,1.5975603505819147
2,3285,5,1.3342205179354183
2,3286,6,1.5157861631631344
2,3287,6,1.5865608803288267
2,3288,6,1.7102757599354992
2,3289,6,1.8576601972958153
2,3290,6,1.8053194966865682
2,3291,6,1.6284433552979145
2,3292,6,1.6265554000970193
2,3293,6,1.780675041367807
2,3294,6,1.626412668328629
2,3295,6,1.724094718229022
2,3296,5,1.6484138894124047
2,3297,5,1.7254071342604154
2,3298,5,1.373190792392212
2,3299,5,1.2834126886256145
2,3300,5,1.455690905821164
2,3301,6,1.6043430111402497
2,3302,6,1.5284183352868377
2,3303,6,1.8038632574387585
2,3304,6,1.554548461657796
2,3305,6,1.7015915036659428
2,3306,6,1.6186959311415605
2,3307,6,1.3850928730405583
2,3308,6,1.3204056975622875
2,3309,5,1.150985228916543
2,3310,5,1.1949210877406857
2,3311,5,1.1879003562519381
2,3312,5,1.115691302831122
2,3313,5,0.8791174702352489
2,3314,5,0.842149289458475
2,3315,5,1.0109468513685775
2,3316,5,1.1954326627261507
2,3317,5,1.1926111150853846
2,3318,6,1.3888666264215943
2,3319,6,1.278229441914546
2,3320,7,1.4072449509858687
2,3321,6,1.464653396693456
2,3322,6,1.4974267533237189
2,3323,6,1.5609017939101992
2,3324,6,1.602813774797304
2,3325,6,1.4282436171870465
2,3326,6,1.6539859263145895
2,3327,6,1.50785532302758
2,3328,6,1.6417203921322212
2,3329,5,1.5299238536416473
2,3330,5,1.5251514272216027
2,3331,5,1.3242581701506513
2,3332,6,1.4697701132745609
2,3333,6,1.4736847902635728
2,3334,6,1.5127185441360194
2,3335,7,1.5791939023484236
2,3336,7,1.8380999341338402
2,3337,8,1.8541583368854941
2,3338,7,1.7583376766227699
2,3339,7,1.74955537827676
2,3340,8,1.856397987405673
2,3341,7,1.750491526586175
2,3342,7,1.6992264401650496
2,3343,8,1.7401336207864344
2,3344,7,1.4369050536929162
2,3345,7,1.6098941287165305
2,3346,7,1.6541743671471596
2,3347,6,1.4971335810733724
2,3348,6,1.6481491773258585
2,3349,7,1.729723852462373
2,3350,7,1.5866096143666595
2,3351,8,1.7983943447432793
2,3352,6,1.3625396875993028
2,3353,7,1.6227593926027684
2,3354,7,1.9269191825070369
2,3355,7,1.956314871507765
2,3356,7,1.6530396494420225
2,3357,6,1.5903748244489906
2,3358,6,1.378911262166254
2,3359,5,1.373550898534539
2,3360,5,1.3506237035902475
2,3361,5,1.2374092760031559
2,3362,5,1.2139557905558438
2,3363,5,1.4297478766175185
2,3364,5,1.1444693234164358
2,3365,5,1.382681012514364
2,3366,5,1.2902270026284768
2,3367,5,1.3053645256434012
2,3368,5,1.502402776594029
2,3369,5,1.5519445260795477
2,3370,5,1.279194017018641
2,3371,5,1.4669927110450405
2,3372,5,1.508704407693263
2,3373,5,1.4336315863951392
2,3374,5,1.2433773175328353
2,3375,5,1.4714536116888342
2,3376,5,1.4608067033971261
2,3377,5,1.1029147670685937
2,3378,5,1.0526007216102693
2,3379,6,1.2618466385291605
2,3380,6,1.4548495256883838
2,3381,6,1.6026686647615884
2,3382,6,1.590025199890123
2,3383,6,1.4111263177596793
2,3384,6,1.6276174780197348
2,3385,6,1.6261732791485732
2,3386,6,1.5748986430131189
2,3387,7,1.3118580218911902
2,3388,5,1.4899896152690726
2,3389,5,1.491924974334096
2,3390,6,1.7605651798183954
2,3391,6,1.6885249326042673
2,3392,5,1.2128709159181827
2,3393,5,1.3226013941554875
2,3394,5,1.116350522992155
2,3395,5,1.2328205924796274
2,3396,5,1.1343204756176735
2,3397,5,1.0628740858835215
2,3398,5,1.0337518217415944
2,3399,5,1.3423991768174433
2,3400,5,1.3998952748768447
2,3401,5,1.3064951410031886
2,3402,6,1.3645721692779365
2,3403,5,1.2959298162796267
2,3404,5,1.5630137433136815
2,3405,5,1.5436609811645923
2,3406,6,1.6515364760408886
2,3407,7,1.5571557239027114
2,3408,8,1.7967550788639102
2,3409,7,1.8527242549802283
2,3410,8,1.733487440363771
2,3411,8,1.761658208997258
2,3412,7,1.8208826638027604
2,3413,6,1.7455320374384593
2,3414,6,1.8021778241796103
2,3415,6,1.6903067258067463
2,3416,6,1.5184736823186298
2,3417,6,1.4941041471744665
2,3418,6,1.5864082461736793
2,3419,6,1.619302979836439
2,3420,6,1.7335321448454346
2,3421,6,1.705191406035937
2,3422,6,1.4373718354736145
2,3423,5,1.3384056059353369
2,3424,5,1.1332134658402397
2,3425,5,1.1845986756195135
2,3426,5,1.4293890725261162
2,3427,6,1.4205913222420272
2,3428,5,1.3836962687367147
2,3429,5,1.5969371526987777
2,3430,5,1.6338594186167064
2,3431,6,1.7124693338278085
2,3432,6,1.7436935456430986
2,3433,6,1.7675588999030696
2,3434,6,1.6323121592204064
2,3435,6,1.531552180015328
2,3436,6,1.7665556094683392
2,3437,6,1.8327643581677098
2,3438,6,1.5039964426570371
2,3439,6,1.7664025938701298
2,3440,6,1.7576536073013642
2,3441,6,1.7189600673767482
2,3442,6,1.8277083886316356
2,3443,7,1.6008852104777058
2,3444,7,1.809245141740897
2,3445,7,1.7451450795171786
2,3446,8,1.5961901402801963
2,3447,6,1.8799338067808806
2,3448,6,1.8031506874087988
2,3449,5,1.500371143213406
2,3450,5,1.4505186276495285
2,3451,5,1.5351451980589887
2,3452,5,1.4317439587961425
2,3453,5,1.3194012840283937
2,3454,5,1.4936302026328692
2,3455,5,1.5604664795362346
2,3456,6,1.520212535076082
2,3457,6,1.5671811533953663
2,3458,6,1.7011805155742885
2,3459,6,1.46646042132503
2,3460,6,1.4038411708059817
2,3461,5,1.4465354433229587
2,3462,5,1.4465354433229587
2,3463,5,1.3509085904760587
2,3464,5,1.3937024844167079
2,3465,6,1.3633526560674163
2,3466,6,1.368555662110964
2,3467,6,1.6107795490466996
2,3468,6,1.393832264741571
2,3469,5,1.3907207612638377
2,3470,5,1.4637185370102936
2,3471,6,1.8172433844038394
2,3472,6,1.673664097823098
2,3473,7,1.7988325654089947
2,3474,6,1.8592446317582403
2,3475,6,1.9281346898320013
2,3476,7,1.9472117728872442
2,3477,7,2.0045680218304365
2,3478,8,1.9596376084415343
2,3479,8,1.893506497158223
2,3480,9,1.8670150600783857
2,3481,8,2.3074284022194536
2,3482,8,1.6562746855829218
2,3483,6,1.780614667989373
2,3484,6,1.8330891234117903
2,3485,6,1.8192468275384321
2,3486,6,1.505107849392434
2,3487,6,1.4297686150538
2,3488,5,1.2197780289981774
2,3489,6,1.487269448265419
2,3490,7,1.581607766993244
2,3491,7,1.8687447336267642
2,3492,7,1.9137658435221456
2,3493,7,2.1929420005279043
2,3494,8,1.8526915697628064
2,3495,7,1.8148104717650528
2,3496,6,1.7747307298590247
2,3497,6,1.3878630203759967
2,3498,6,1.5626765337154809
2,3499,7,1.2677098259327892
2,3500,6,1.2881741510859683
2,3501,7,1.2710151544578023
2,3502,6,1.261096395991614
2,3503,6,1.480625987834955
2,3504,6,1.5060394195929039
2,3505,6,1.6955030366342463
2,3506,6,1.75612098285667
2,3507,5,1.4696195068350395
2,3508,5,1.5795995344929024
2,3509,5,1.618279419393795
2,3510,6,1.6751046321386864
2,3511,6,1.7437768776256162
2,3512,5,1.2037276449287622
2,3513,5,1.4450932473163833
2,3514,5,1.3664026616728697
2,3515,5,1.5280473683416202
2,3516,5,1.239249627071617
2,3517,5,1.4730745342542408
2,3518,5,1.5501695246406442
2,3519,5,1.8284220118712562
2,3520,5,1.6326029467205125
2,3521,5,1.6198034310184322
2,3522,5,1.666359540944876
2,3523,5,1.6960046491747653
2,3524,5,1.5253839490107928
2,3525,5,1.5935371226916573
2,3526,5,1.6151579636602271
2,3527,5,1.3912426164529497
2,3528,5,1.3820459184628051
2,3529,5,1.2929585749669736
2,3530,5,1.444519848415228
2,3531,5,1.3862398925540664
2,3532,5,1.1456389840793153
2,3533,5,1.3280511190335824
2,3534,5,1.3549713837028161
2,3535,5,1.5567072008940404
2,3536,5,1.4509063003691711
2,3537,5,1.5953890951957992
2,3538,5,1.6225346957479494
2,3539,5,1.3563996566672039
2,3540,5,1.4853645038958376
2,3541,5,1.4262013127424922
2,3542,5,1.4122613621671496
2,3543,5,1.3914755412372428
2,3544,5,1.3542544327457193
2,3545,5,1.34816634604696
2,3546,5,1.3415449306724194
2,3547,5,1.3425860137169567
2,3548,5,1.312145717281676
2,3549,5,1.219758203299743
2,3550,5,1.219758203299743
2,3551,5,1.3171993064676908
2,3552,5,1.3700090925548563
2,3553,5,1.4121094991504668
2,3554,5,1.3828504649742976
2,3555,5,1.5048398264204588
2,3556,5,1.4123582245819266
2,3557,5,1.3655345664719345
2,3558,6,1.4123877873310993
2,3559,6,1.83714255983738
2,3560,7,1.8252381397812196
2,3561,6,1.554055061649093
2,3562,6,1.5848990171796031
2,3563,6,1.7470751494727859
2,3564,7,1.6903139035720374
2,3565,6,1.7217413565867439
2,3566,5,1.744137782511431
2,3567,5,1.586045596078935
2,3568,5,1.6835556272855463
2,3569,5,1.5598315524104178
2,3570,5,1.6744513069308367
2,3571,5,1.5624260446207368
2,3572,5,1.6253522726879122
2,3573,5,1.6028490998069396
2,3574,5,1.472734670382879
2,3575,6,1.5735826384313745
2,3576,6,1.5470665402966004
2,3577,6,1.7492734530374254
2,3578,7,1.688546417202124
2,3579,6,1.5508199193129544
2,3580,6,1.6154894920196834
2,3581,6,1.383685190655794
2,3582,6,1.546078545130296
2,3583,6,1.5612246399354013
2,3584,5,1.320713923485668
2,3585,7,1.453037411817446
2,3586,7,1.5887009802008487
2,3587,7,1.6708153145267137
2,3588,6,1.6343198208927991
2,3589,6,1.8603977223966082
2,3590,6,2.027415297013652
2,3591,6,1.9220097367681288
2,3592,6,1.7512797949100212
2,3593,6,1.8669491629940218
2,3594,6,2.0431717933445563
2,3595,6,1.7165974570402636
2,3596,6,1.4291924064448502
2,3597,6,1.7713098973846764
2,3598,7,1.8266674658556004
2,3599,7,1.7876379337415025
2,3600,6,1.6910947914901628
2,3601,6,1.4156752595159903
2,3602,6,1.7289597626519289
2,3603,5,1.4857054483993415
2,3604,5,1.5756801770666575
2,3605,5,1.7208735912042266
2,3606,5,1.6624579983322096
2,3607,5,1.6699085823986541
2,3608,5,1.49297962396869
2,3609,5,1.2475213754184704
2,3610,5,1.2475213754184704
2,3611,5,1.4650096109704904
2,3612,6,1.7255257856554094
2,3613,5,1.5170507844242636
2,3614,6,1.6871206554453928
2,3615,6,1.4668920873348084
2,3616,7,1.5744017401683394
2,3617,6,1.3316903256093005
2,3618,5,1.5434694451682263
2,3619,5,1.3675392153092547
2,3620,5,1.4104833499149496
2,3621,6,1.528104942281637
2,3622,6,1.5845780008335097
2,3623,6,1.6286130119763156
2,3624,6,1.6368911148678382
2,3625,6,1.7360518549367798
2,3626,6,1.7502135959037184
2,3627,7,1.5995219440373005
2,3628,7,1.6510858840322205
2,3629,6,1.6027784343207472
2,3630,6,1.545829267735439
2,3631,6,1.5527866935249226
2,3632,8,1.4983779688450403
2,3633,7,1.411282382171962
2,3634,8,1.4059506143974474
2,3635,7,1.63553779745601
2,3636,7,1.7078795850746098
2,3637,8,1.8253560202397177
2,3638,6,1.5469224546809208
2,3639,6,1.550248825725312
2,3640,7,1.6973485337572125
2,3641,6,1.3746999734464582
2,3642,5,1.2753565862046048
2,3643,5,1.3936960399196008
2,3644,5,1.1720723535314117
2,3645,5,1.2983024774450298
2,3646,5,1.1626489215849154
2,3647,5,1.5284848916031564
2,3648,5,1.319587915075413
2,3649,5,1.298343665463363
2,3650,5,1.2702031065749164
2,3651,5,1.6276506348151538
2,3652,5,1.5245948117202897
2,3653,5,1.4481166329798594
2,3654,5,1.5118557156441588
2,3655,6,1.840019691971536
2,3656,5,1.4159895544846188
2,3657,5,1.570705294409978
2,3658,5,1.0987951318257774
2,3659,5,1.2270226631046448
2,3660,6,1.267197869280964
2,3661,6,1.412137247786045
2,3662,6,1.4987313634154007
2,3663,5,1.5879192268275055
2,3664,5,1.3690711904486488
2,3665,5,1.4242537662068018
2,3666,6,1.3294477699230445
2,3667,7,1.8447602895989883
2,3668,7,1.794008876652759
2,3669,6,1.557704905510258
2,3670,6,1.7089757759617479
2,3671,5,1.5349792951911847
2,3672,6,1.7215426651231125
2,3673,6,1.718723123691011
2,3674,7,1.7819266634593895
2,3675,6,1.3768904253101097
2,3676,6,1.5797106330711288
2,3677,7,1.6093572994754646
2,3678,7,1.539146865971568
2,3679,6,1.3661391259900788
2,3680,6,1.4350995889997398
2,3681,6,1.4990629976469072
2,3682,6,1.6268011072253086
2,3683,6,1.4828620996386155
2,3684,7,1.7585083076213865
2,3685,6,1.520956260168468
2,3686,7,1.5525742263360036
2,3687,6,1.610207829759461
2,3688,6,1.6574835333404616
2,3689,5,1.494753364401693
2,3690,5,1.2846230063994186
2,3691,5,1.4723239974256361
2,3692,5,1.4901510539862164
2,3693,5,1.416551627554909
2,3694,5,1.321559875169545
2,3695,5,1.532148454549131
2,3696,5,1.325201498570498
2,3697,5,1.5985212265298117
2,3698,5,1.3327328377970535
2,3699,5,1.4478472290069107
2,3700,5,1.5537238891831788
2,3701,5,1.483107317600111
2,3702,5,1.4062263424914399
2,3703,5,1.4223354639487136
2,3704,6,1.428397497889482
2,3705,5,1.394345486793294
2,3706,5,1.4537412943760848
2,3707,5,1.2200895190548078
2,3708,5,1.5349537963610098
2,3709,5,1.6046487376598821
2,3710,5,1.4280145041777819
2,3711,5,1.4948357340463496
2,3712,5,1.6274584943509947
2,3713,5,1.6311584468043971
2,3714,5,1.4808867329731417
2,3715,5,1.555532659819094
2,3716,5,1.4692893797467619
2,3717,5,1.5436368033695995
2,3718,5,1.5378435508803747
2,3719,5,1.594371398105224
2,3720,5,1.3440142866881897
2,3721,5,1.4087906864403834
2,3722,5,1.481495721104932
2,3723,5,1.479640746457343
2,3724,5,1.4426930821980415
2,3725,5,1.24198454505673
2,3726,5,1.4019828405894614
2,3727,5,1.2965115814780308
2,3728,5,1.469162438091101
2,3729,5,1.3441672367733606
2,3730,5,1.2358178365726302
2,3731,5,1.251910830466489
2,3732,5,1.1424281053088836
2,3733,5,1.433159247004462
2,3734,5,1.355414379880135
2,3735,5,1.2925884349759436
2,3736,5,1.0575838284851948
2,3737,5,1.1730242750904223
2,3738,5,1.1477788603470316
2,3739,5,1.107536027186653
2,3740,5,1.0935098127306433
2,3741,5,0.9551954721210505
2,3742,5,1.1757228441614886
2,3743,5,1.201818481295752
2,3744,5,1.2203527982510982
2,3745,5,1.457049077042933
2,3746,5,1.385242372891347
2,3747,5,1.4329313206687684
2,3748,5,1.1462290856582813
2,3749,6,1.7009763778217768
2,3750,5,1.5782462620471804
2,3751,5,1.3088628170135208
2,3752,5,1.5889497063217308
2,3753,6,1.7134193054090714
2,3754,6,1.7274123526555458
2,3755,6,1.6601622774577223
2,3756,6,1.5372626554098003
2,3757,6,1.3613562084702329
2,3758,6,1.7262170635971819
2,3759,6,1.5418336147300193
2,3760,6,1.468125298035032
2,3761,7,1.525811208733134
2,3762,6,1.493219022801676
2,3763,6,1.4953782232837334
2,3764,6,1.7996911751377227
2,3765,5,1.5445620361756593
2,3766,5,1.624164417270205
2,3767,5,1.4491391309845905
2,3768,5,1.3526823517235993
2,3769,5,1.5191625908089152
2,3770,5,1.4458617514980947
2,3771,5,1.3135146428287334
2,3772,6,1.3148388374907847
2,3773,7,1.497264525726398
2,3774,7,1.476443874534675
2,3775,5,1.377447122939646
2,3776,5,1.3955108799508822
2,3777,5,1.3499562676637038
2,3778,5,1.6338435664876103
2,3779,5,1.3754764177666585
2,3780,6,1.682928881471201
2,3781,5,1.3811209652491936
2,3782,5,1.501432163863425
2,3783,5,1.1619397540633178
2,3784,5,1.5691277362313016
2,3785,5,1.1002436259533024
2,3786,5,1.3403442473929998
2,3787,5,1.263338639359481
2,3788,5,1.2299277479718413
2,3789,5,1.0683285909368552
2,3790,6,1.4329130535494699
2,3791,6,1.2824131433227315
2,3792,6,1.508243896249195
2,3793,6,1.5130313261938708
2,3794,6,1.4992502617086751
2,3795,8,1.8305815427830456
2,3796,7,1.8712279034867785
2,3797,8,1.5950339756840597
2,3798,7,1.4037043536412614
2,3799,5,1.3549484469382662
2,3800,5,1.4222498112520707
2,3801,5,1.2288473840362713
2,3802,5,1.5181709428049142
2,3803,5,1.4607902279790452
2,3804,5,1.0487076080933542
2,3805,5,0.8735585293710253
2,3806,5,1.079518943881197
2,3807,5,1.033443309846188
2,3808,5,1.0042181291365484
2,3809,5,1.1812018165587763
2,3810,5,1.1015498529978545
2,3811,5,1.2311225260644383
2,3812,5,1.277238442075849
2,3813,6,1.1421943665484795
2,3814,5,1.300074907766783
2,3815,5,1.1487585827233975
2,3816,5,1.2200380945095057
2,3817,5,1.3090714019342249
2,3818,5,1.2642268046648164
2,3819,6,1.3691462741688984
2,3820,7,1.505168376057962
2,3821,6,1.179301625683126
2,3822,5,1.3188893205236045
2,3823,5,1.2525410989027277
2,3824,6,1.1941458567438654
2,3825,7,1.609582524259571
2,3826,7,1.7580458548915927
2,3827,8,1.516756368368735
2,3828,6,1.295791875423892
2,3829,5,1.257767337000931
2,3830,5,1.304288576444908
2,3831,5,1.3982757889570716
2,3832,5,1.367819208169466
2,3833,5,1.2650243446091647
2,3834,5,1.2487902860010123
2,3835,6,1.5020003171973042
2,3836,7,1.5398881894842678
2,3837,7,2.020002117256541
2,3838,7,1.8567941305169642
2,3839,6,1.6893669230248314
2,3840,5,1.4186404552679601
2,3841,5,1.620554809443469
2,3842,5,1.2332266527621671
2,3843,5,1.3170702106720173
2,3844,5,1.1639159123391742
2,3845,5,1.092701915950506
2,3846,5,1.0200752852519286
2,3847,5,1.0841429724750498
2,3848,5,1.0140298160234167
2,3849,5,1.08058029829331
2,3850,5,1.078595319924954
2,3851,5,1.1833734614527813
2,3852,5,1.1341904509256464
2,3853,5,1.1100478546484434
2,3854,5,1.177967499258051
2,3855,5,1.206287063747813
2,3856,5,1.2776170914263263
2,3857,5,1.07782050251642
2,3858,5,1.222473923344837
2,3859,5,1.295878724816336
2,3860,5,1.0774652272233913
2,3861,6,1.233114814909805
2,3862,5,1.2510977070760303
2,3863,5,1.2505554228518
2,3864,5,1.143360572013488
2,3865,5,1.141708369367651
2,3866,5,1.2440437756468712
2,3867,5,0.9083331100784506
2,3868,6,0.9918676227600729
2,3869,6,0.9517919057184692
2,3870,5,0.8049369641262083
2,3871,5,1.346164570209536
2,3872,5,1.3992453514946783
2,3873,5,1.2623232347825208
2,3874,5,1.4752797206995893
2,3875,5,1.43800606800587
2,3876,5,1.3466453554791245
2,3877,6,1.3553992159079122
2,3878,6,1.4110680000021625
2,3879,6,1.3458330467743833
2,3880,6,1.6094592329619268
2,3881,7,1.6409603059076128
2,3882,6,1.1885116211929851
2,3883,6,1.5853472670782027
2,3884,7,1.910876900025635
2,3885,7,1.8356292714979614
2,3886,7,1.828264761601543
2,3887,8,1.9273959263440643
2,3888,7,1.6403494739439117
2,3889,6,1.570092784418808
2,3890,6,1.5885184612971441
2,3891,6,1.4446160189884951
2,3892,6,1.241813273654269
2,3893,6,1.21690054420187
2,3894,6,1.3400837066791893
2,3895,6,1.310355646696987
2,3896,6,1.396063310627178
2,3897,6,1.2911604975813025
2,3898,6,1.2601011152036703
2,3899,6,1.429297306717983
2,3900,6,1.5060546799106054
2,3901,6,1.3528356605471288
2,3902,6,1.215883336947846
2,3903,6,1.0613360609895404
2,3904,6,1.3437036916002967
2,3905,6,1.3758123106784077
2,3906,6,1.4712820605860037
2,3907,5,1.5249400788363658
2,3908,5,1.2950524584075946
2,3909,5,1.087016169442836
2,3910,5,1.3520621830084423
2,3911,6,1.2049885994837162
2,3912,5,1.0577896491932042
2,3913,5,1.4771803405798867
2,3914,5,1.622136582246855
2,3915,5,1.5255902836028552
2,3916,5,1.362188504003182
2,3917,5,1.7192056313864956
2,3918,5,1.5436174208222226
2,3919,5,1.6332453840388341
2,3920,6,1.5226822273326257
2,3921,5,1.7883933138105457
2,3922,5,1.3959689420896368
2,3923,5,1.2994907838691145
2,3924,5,0.9317809220785938
2,3925,5,1.316706655960917
2,3926,5,1.3623487586521081
2,3927,5,1.2109826985364225
2,3928,5,1.2475907231305823
2,3929,5,1.3626146662591156
2,3930,6,1.2646628294787656
2,3931,7,1.6108436400307928
2,3932,9,2.157632461197322
2,3933,8,1.8298777553389693
2,3934,9,1.9073715296003355
2,3935,7,1.3454636028864515
2,3936,9,1.6520028448164688
2,3937,8,1.660491653111098
2,3938,7,1.7786985911547721
2,3939,7,1.719373357141147
2,3940,7,1.5759053318018008
2,3941,8,1.5741875383569446
2,3942,8,1.5524485089388618
2,3943,8,1.6096475682744682
2,3944,8,1.5740571150757976
2,3945,7,1.504937605900479
2,3946,7,1.4746157546650105
2,3947,7,1.4478271697065126
2,3948,7,1.4892581315119808
2,3949,7,1.6239164973334086
2,3950,7,1.6021834944415128
2,3951,7,1.836647376184584
2,3952,7,1.349105936376418
2,3953,7,1.3501158606669468
2,3954,5,1.359174657399341
2,3955,5,1.4401152804745898
2,3956,6,1.9025332267572193
2,3957,6,1.7806723358116097
2,3958,6,1.757669073242731
2,3959,6,1.533112890677336
2,3960,6,1.5945915453163106
2,3961,6,1.4934718927084747
2,3962,6,1.59077254827013
2,3963,6,1.5975199526730521
2,3964,5,1.7577316858673702
2,3965,5,1.706744851708193
2,3966,5,1.5579387137379994
2,3967,5,1.5602275316685779
2,3968,5,1.5864873110288893
2,3969,6,1.49022597747371
2,3970,6,1.530602479606971
2,3971,6,1.4763835129456586
2,3972,6,1.5675544359326112
2,3973,7,1.4070897084172636
2,3974,7,1.7434748835330764
2,3975,7,1.6136740368118083
2,3976,6,1.5564964642016976
2,3977,6,1.4978695318947048
2,3978,6,1.4231949374508743
2,3979,6,1.6974313175540163
2,3980,6,1.6961059561640979
2,3981,6,1.6782210813013743
2,3982,6,1.800847879266331
2,3983,6,1.5053725583392712
2,3984,6,1.708776817252553
2,3985,6,1.6147177032573818
2,3986,5,1.4626473089745202
2,3987,5,1.415090977090788
2,3988,5,1.4064304864019523
2,3989,5,1.157285786830876
2,3990,5,1.264764682207257
2,3991,5,1.259414880851228
2,3992,5,1.261323037923062
2,3993,5,1.424786765620654
2,3994,5,1.2653164491517006
2,3995,5,1.4384730300771054
2,3996,5,1.4854753313530074
2,3997,6,1.5983411392902296
2,3998,5,1.4284724187832873
2,3999,5,1.2706031777020632
2,4000,5,1.3044814564679115
3,1,5,1.3988787148572097
3,2,5,1.5667475986289858
3,3,5,1.4761266336546548
3,4,5,1.5859540823426395
3,5,5,1.3602146022602546
3,6,5,1.4659297115416914
3,7,5,1.3402819317135846
3,8,5,1.1712118909933515
3,9,5,1.2540588800783516
3,10,5,1.3102453272334857
3,11,5,1.3188686486954437
3,12,5,1.4221946039567648
3,13,5,1.5591162043155653
3,14,5,1.3263408775934984
3,15,5,1.4167494823323907
3,16,6,1.6200857066427972
3,17,5,1.4727247009215292
3,18,5,1.528208295329657
3,19,5,1.6557677917812308
3,20,5,1.6227415873447102
3,21,5,1.7058002150125025
3,22,5,1.5809432343883079
3,23,5,1.6646590975878555
3,24,5,1.6436665186302277
3,25,5,1.455842215392439
3,26,5,1.2583289600183623
3,27,5,1.6132778136896162
3,28,5,1.3692149192456875
3,29,5,1.535837789452581
3,30,5,1.7157820669978703
3,31,5,1.37666593205774
3,32,5,1.1850787548414647
3,33,5,0.8222152284923983
3,34,5,1.1639470606504787
3,35,5,1.1652635138100629
3,36,5,1.102963103617197
3,37,5,1.5077643398176925
3,38,5,1.3802226270463116
3,39,5,1.492726038547413
3,40,5,1.5416372738529613
3,41,5,1.3692609422465276
3,42,6,1.7930253368393774
3,43,7,1.7374884512956212
3,44,6,1.6037627896439473
3,45,5,1.6275160293108395
3,46,5,1.6862692647981006
3,47,5,1.6619885607825085
3,48,5,1.7124913509919453
3,49,5,1.5538877354137806
3,50,5,1.6012592146488398
3,51,5,1.7586234787558075
3,52,5,1.726222627868717
3,53,5,1.6673809676531866
3,54,5,1.7438099937838878
3,55,5,1.7525747433557033
3,56,5,1.7334240114352317
3,57,5,1.952736139838529
3,58,5,1.8312147976445172
3,59,5,1.7268529330401607
3,60,6,1.8849196114732862
3,61,6,1.706735294410099
3,62,6,1.717074841320282
3,63,6,1.600907209523478
3,64,6,1.508522976860514
3,65,5,1.5054797333167982
3,66,5,1.0994993884233804
3,67,5,1.1549911824164414
3,68,5,1.405080899495247
3,69,5,1.5309929301484342
3,70,5,1.380229456471736
3,71,5,1.3200704009117743
3,72,5,1.053370125275214
3,73,5,1.2156003194914557
3,74,5,1.3088146390440762
3,75,5,1.3271650038821585
3,76,5,1.4810062393888748
3,77,5,1.5987468429933571
3,78,5,1.4354444803043394
3,79,5,1.1990609458583408
3,80,5,1.2418890380131704
3,81,5,1.394022231530632
3,82,5,1.1373173329931445
3,83,5,1.3122446332684374
3,84,5,1.5797901825509282
3,85,5,1.503333797384537
3,86,5,1.3658039963684958
3,87,5,1.4555377750410372
3,88,5,1.6402968875635917
3,89,5,1.57593522968877
3,90,5,1.4954543237338704
3,91,5,1.677735882255495
3,92,6,1.6357460180966705
3,93,6,1.8599721175443165
3,94,5,1.6336587780548326
3,95,5,1.464419344951473
3,96,5,1.412057942443961
3,97,5,1.415257732957608
3,98,5,1.5290774580036857
3,99,5,1.4725008589928943
3,100,5,1.385739116463938
3,101,5,1.5375603298273344
3,102,5,1.5589689936875382
3,103,5,1.5922350564895265
3,104,5,1.785085562714241
3,105,5,1.7582662551718236
3,106,5,1.7600511197651483
3,107,5,1.6293447402955343
3,108,6,1.7306824583987246
3,109,5,1.5718757272343034
3,110,5,1.5705376944589755
3,111,5,1.699917825593933
3,112,5,1.62580001140602
3,113,5,1.828964052065074
3,114,5,1.8839103310113812
3,115,5,1.8338393043899996
3,116,5,1.4999685804747145
3,117,5,1.5411063294199314
3,118,5,1.5195016279784426
3,119,5,1.5770545613234095
3,120,5,1.5318919800874147
3,121,5,1.3980470967166863
3,122,5,1.4891289982263078
3,123,5,1.6905337196821622
3,124,5,1.9108216700413405
3,125,5,1.9203806216682229
3,126,5,1.4845439359702293
3,127,5,1.724489254460293
3,128,5,1.5812294516256182
3,129,5,1.6107751117801148
3,130,5,1.2882928164427558
3,131,5,1.301844653145003
3,132,5,1.2153776538601981
3,133,5,1.3093220892215784
3,134,5,1.2647201353724666
3,135,5,1.5996778996839351
3,136,5,1.5699802586182767
3,137,5,1.6409011334747827
3,138,5,1.482052869539399
3,139,5,1.5636926652485883
3,140,5,1.4977578923059465
3,141,5,1.472253620641521
3,142,5,1.5962447932164165
3,143,5,1.5205758825923819
3,144,5,1.5854827283127682
3,145,5,1.3397855831597947
3,146,5,1.1855289667051583
3,147,5,1.418524968111753
3,148,5,1.241615274088347
3,149,5,1.2000662488065865
3,150,5,1.3230845862804501
3,151,5,1.3699194573145084
3,152,5,1.224645164053249
3,153,5,1.3111541738518273
3,154,5,1.5169108622119039
3,155,5,1.620150678420023
3,156,5,1.8424223483598987
3,157,5,1.3899534041599009
3,158,5,1.4498955237400173
3,159,5,1.4140928126229335
3,160,5,1.207056749686899
3,161,5,1.3745109998966978
3,162,5,1.5670301050139814
3,163,5,1.6272795448400346
3,164,5,1.6804636329676423
3,165,5,1.6435081001040972
3,166,5,1.6469413104337534
3,167,5,1.6492711813636904
3,168,5,1.7855257726197675
3,169,5,1.8168732196086883
3,170,5,1.7466811313612234
3,171,5,1.5458416449932297
3,172,5,1.2362159189403386
3,173,5,1.4195877148723026
3,174,5,1.5739311502658082
3,175,5,1.5996486013415412
3,176,5,1.3923436610152935
3,177,5,1.5935382690438051
3,178,5,1.5991134533423925
3,179,5,1.5285245317703424
3,180,5,1.7080508412888578
3,181,5,1.516085418401473
3,182,5,1.4326146223271872
3,183,5,1.3753054244088445
3,184,5,1.249337867896498
3,185,5,1.2264462629504242
3,186,5,1.4027306787495708
3,187,5,1.4327930895394636
3,188,5,1.470855842627925
3,189,5,1.2672071063643906
3,190,5,1.4119566607558118
3,191,5,1.5068187488076634
3,192,5,1.5303548710206267
3,193,5,1.4073731451036835
3,194,5,1.4325454650581135
3,195,5,1.314522253914502
3,196,5,1.471030512968428
3,197,5,1.4573002851660322
3,198,5,1.4551815896982516
3,199,6,1.606818772355723
3,200,6,1.6298252520583203
3,201,6,1.8361909686346998
3,202,6,1.7592696236230498
3,203,6,1.600245832307066
3,204,6,1.850865807597068
3,205,6,1.9141746849739922
3,206,6,1.8981405319373055
3,207,6,2.000687934653559
3,208,6,1.8516236165982436
3,209,6,1.4860831849637086
3,210,6,1.5837541776902135
3,211,6,1.7350999649921737
3,212,6,1.858403341736798
3,213,6,1.8686491359988269
3,214,6,1.6565551278810995
3,215,5,1.6341848520786213
3,216,5,1.5882637083656372
3,217,6,1.8806779030240572
3,218,5,1.8072514400601731
3,219,5,1.7672894625674211
3,220,5,1.779917406284727
3,221,5,1.7855097033232918
3,222,5,1.8414469165193066
3,223,5,1.7939593882689397
3,224,5,1.8132444863829513
3,225,5,1.6380544841985518
3,226,5,1.739351268915874
3,227,5,1.6423348791296624
3,228,5,1.719065450538551
3,229,5,1.633444876979266
3,230,5,1.585699872601971
3,231,5,1.5968746819874164
3,232,5,1.587690841631093
3,233,5,1.6188194362035109
3,234,5,1.7056728117528204
3,235,5,1.5963152582266185
3,236,5,1.5237796584678445
3,237,5,1.4086293212200833
3,238,6,1.3482192660445933
3,239,6,1.528764040331
3,240,5,1.4660214338379558
3,241,5,1.5421048280648022
3,242,5,1.6512084307756427
3,243,5,1.6412906137430037
3,244,5,1.7041747092911756
3,245,5,1.5853634646991899
3,246,5,1.5004148668294568
3,247,5,1.6321207707232595
3,248,5,1.4339091256361738
3,249,5,1.3767461884078616
3,250,5,1.460424556440926
3,251,5,1.8227781366879565
3,252,5,1.5767225383233847
3,253,5,1.5958780462783428
3,254,5,1.5616348724153721
3,255,5,1.4639172185847684
3,256,5,1.5504302862230954
3,257,6,1.6303564316058545
3,258,5,1.5733458201407244
3,259,5,1.7066061857211863
3,260,5,1.572990369003163
3,261,5,1.7529622497253246
3,262,5,1.5363689006298138
3,263,5,1.5443671241761106
3,264,5,1.56376195094303
3,265,5,1.5675006150601547
3,266,5,1.4553898690372638
3,267,5,1.5534268350945912
3,268,5,1.362045474328951
3,269,5,1.6549344624646003
3,270,5,1.6089044093437264
3,271,5,1.5198177971699152
3,272,5,1.3161717710887366
3,273,5,1.4765175917938405
3,274,5,1.4227896374089228
3,275,5,1.547856630572856
3,276,5,1.5360278239621072
3,277,5,1.576530702932267
3,278,5,1.6286673130414129
3,279,5,1.422552301396525
3,280,5,1.6565895150205914
3,281,5,1.4320533657896326
3,282,5,1.6946743242745184
3,283,6,1.6138848422612408
3,284,5,1.7889047631711401
3,285,5,1.6652846295182395
3,286,5,1.7710439865553966
3,287,5,1.4984109058411903
3,288,5,1.5430331757225946
3,289,5,1.455756269964123
3,290,5,1.3972748155126844
3,291,5,1.06609872577135
3,292,5,1.269042615218222
3,293,5,1.397828026678583
3,294,5,1.5928941914342918
3,295,5,1.5223914515871972
3,296,6,1.6838603936951246
3,297,6,1.9613173191745612
3,298,6,1.81110294767499
3,299,6,1.650299959029069
3,300,6,1.5514745090741888
3,301,6,1.863986221274601
3,302,7,1.7610237502943606
3,303,6,1.700904188738643
3,304,7,1.8546572510802166
3,305,7,1.7410098864015415
3,306,7,1.818804993676352
3,307,6,1.5823240969954817
3,308,6,1.4825752829913879
3,309,5,1.6430927749216364
3,310,5,1.435886580515878
3,311,5,1.4629851802680642
3,312,5,1.3838548507289397
3,313,5,1.3954454169881658
3,314,5,1.4688426463197706
3,315,5,1.2054038084442338
3,316,5,1.1356088688350843
3,317,5,1.241748009497643
3,318,5,1.2051581577838966
3,319,5,1.3304590186804846
3,320,5,1.2947022981696472
3,321,5,1.3453513952176235
3,322,5,1.549555244219328
3,323,5,1.326352420613751
3,324,5,1.253611973452272
3,325,5,1.3505760821124393
3,326,5,1.4222493511999654
3,327,5,1.5606971326997412
3,328,5,1.308964364528289
3,329,5,1.7108783578749458
3,330,5,1.577126814084469
3,331,5,1.4564957190823788
3,332,5,1.5369033034336734
3,333,5,1.4401397298226133
3,334,5,1.5102089070472564
3,335,5,1.5544029088747582
3,336,5,1.3222875424671692
3,337,5,1.6416426772071535
3,338,5,1.6268535163278033
3,339,5,1.429779645028308
3,340,5,1.4708993398431938
3,341,5,1.139852388590636
3,342,5,1.4526134168232203
3,343,5,1.0754510839331548
3,344,5,1.3434536963130816
3,345,5,1.3242632737682705
3,346,5,1.3229328614081162
3,347,5,1.3386933505259955
3,348,5,1.3076859340223441
3,349,5,1.547899248816199
3,350,5,1.4355746744196303
3,351,5,1.4933113436309404
3,352,5,1.3846929671147734
3,353,5,1.3855179172888863
3,354,5,1.45923902953691
3,355,5,1.4360684332943277
3,356,5,1.2962868108174774
3,357,5,1.4581604092982792
3,358,5,1.3733060818751688
3,359,5,1.483035508522617
3,360,5,1.256494616186786
3,361,6,1.454206477681307
3,362,6,1.5077007521090615
3,363,6,1.4443899986905473
3,364,6,1.3656890138437991
3,365,7,1.4508624865225253
3,366,6,1.3088713211539242
3,367,6,1.2944352955265974
3,368,5,1.2488713119101371
3,369,5,1.6390206280525317
3,370,5,1.4322976355402623
3,371,5,1.6093635756980573
3,372,5,1.4366637027073237
3,373,5,1.341415024938689
3,374,5,1.3183807341419742
3,375,8,1.7207768465226216
3,376,8,1.5746105991056045
3,377,6,1.4563420560636744
3,378,6,1.6927626786337093
3,379,6,1.4514034990915352
3,380,6,1.6370569636696897
3,381,5,1.4443233558472182
3,382,5,1.335160477918611
3,383,5,1.2322086213198427
3,384,5,1.3808773370272287
3,385,5,1.5544959945410968
3,386,5,1.5544959945410968
3,387,5,1.4894724139654576
3,388,5,1.5554802558756675
3,389,6,1.5819965491043142
3,390,5,1.4307479146904067
3,391,5,1.502978615461532
3,392,5,1.0406317829627927
3,393,5,1.2538338114974041
3,394,5,1.2890650941112347
3,395,5,1.446429980565057
3,396,5,1.5777776932477523
3,397,5,1.8615700952229113
3,398,5,1.659051160255494
3,399,5,1.464625921237264
3,400,5,1.7088643108469777
3,401,5,1.6484011637949463
3,402,5,1.6972477500425245
3,403,5,1.6117440153403635
3,404,5,1.4793368522912962
3,405,5,1.364879835167879
3,406,5,1.4780017309940905
3,407,5,1.31012828314792
3,408,6,1.4777023855671199
3,409,6,1.476160546987261
3,410,6,1.3855878226097467
3,411,5,1.4679767291800943
3,412,5,1.4039759685009514
3,413,5,1.3376189509478236
3,414,5,1.027568905637195
3,415,5,1.2402234560595513
3,416,5,1.4883223756831043
3,417,5,1.5690323485566267
3,418,5,1.5255124355790022
3,419,5,1.3016164548055569
3,420,5,1.4220551181263947
3,421,5,1.3643172147519884
3,422,5,1.5391043239803865
3,423,5,1.4307522185897636
3,424,5,1.6035094201876943
3,425,5,1.6128195471963416
3,426,5,1.16873623318269
3,427,5,1.3794949606954612
3,428,5,1.4714162662125077
3,429,5,1.2033833254018491
3,430,5,1.2857041825617772
3,431,5,1.4578318732424433
3,432,5,1.5628145443579533
3,433,5,1.6086069707153237
3,434,5,1.3432653093338955
3,435,5,1.444355820378382
3,436,5,1.625906660428503
3,437,5,1.5754683848976776
3,438,5,1.3680450900572891
3,439,5,1.2408994854936748
3,440,5,1.4437065236099853
3,441,5,1.702346648254518
3,442,6,1.8259079627761357
3,443,6,1.6260315764521889
3,444,6,1.9027155002190046
3,445,6,1.844440776991454
3,446,6,1.8093995951040083
3,447,6,1.9838591960194547
3,448,6,1.7147498325483772
3,449,5,1.58125268989418
3,450,5,1.5912460620817064
3,451,5,1.6821964396621945
3,452,5,1.7613334208705504
3,453,5,1.6571793316731864
3,454,5,1.673267840935928
3,455,5,1.5362922612936636
3,456,5,1.672460865838442
3,457,5,1.595397831690676
3,458,5,1.3929981269790455
3,459,5,1.4111727327401402
3,460,5,1.5570833606375496
3,461,5,1.702874019094324
3,462,5,1.7125252255298653
3,463,5,1.7381516483084667
3,464,5,1.844270384389754
3,465,5,1.489647052371338
3,466,5,1.7106414467285669
3,467,5,1.580607386037372
3,468,5,1.599567190984649
3,469,5,1.6150753067354877
3,470,5,1.5583017313275356
3,471,5,1.5424323007473104
3,472,5,1.6800818783812086
3,473,5,1.7731764680140962
3,474,5,1.7755212127344175
3,475,5,1.758419952678
3,476,5,1.8080229674518709
3,477,5,1.706759897181823
3,478,5,1.7113238161464852
3,479,5,1.7670222040103063
3,480,5,1.6741341974358357
3,481,5,1.5449472340812207
3,482,5,1.719048783416881
3,483,5,1.591805612706744
3,484,5,1.7148107674097282
3,485,5,1.8957067251179227
3,486,5,1.859447876204519
3,487,5,1.7570802288912883
3,488,5,1.7389497267489515
3,489,5,1.5589988656143987
3,490,5,1.7761014921089684
3,491,5,1.797496986554823
3,492,5,1.9659791521497776
3,493,5,1.490885292984022
3,494,5,1.5773154630478214
3,495,5,1.4172977546089642
3,496,5,1.3163570070838935
3,497,5,1.52486630932742
3,498,5,1.6936518248677706
3,499,5,1.518914271252413
3,500,5,1.5939782006968022
3,501,5,1.4253851240547708
3,502,5,1.5324389425378202
3,503,5,1.5608887894252552
3,504,5,1.6103083463900094
3,505,5,1.760673921347808
3,506,5,1.9195962705902483
3,507,5,1.9496712792385908
3,508,5,1.833348147551345
3,509,5,1.841850140353979
3,510,5,2.0379236077898035
3,511,5,1.8558435488278011
3,512,6,1.7533331829823466
3,513,5,1.6464091446888856
3,514,5,1.6434123463361168
3,515,5,1.5877887351879836
3,516,5,1.6869942827586488
3,517,5,1.7215971758448365
3,518,5,1.5854932079388488
3,519,5,1.602414198001755
3,520,5,1.4812157141242945
3,521,5,1.5738678750461457
3,522,5,1.6001337159327105
3,523,5,1.268671560811557
3,524,5,1.5157493003935678
3,525,5,1.5436476390884226
3,526,5,1.6659342267435093
3,527,5,1.580631788516016
3,528,5,1.590921198728779
3,529,5,1.5782496714640861
3,530,5,1.3855767187994776
3,531,5,1.9241733539731838
3,532,5,2.116518869135015
3,533,5,1.7023462287821816
3,534,5,1.4664887112296316
3,535,5,1.3425399911904226
3,536,5,1.3238568874371803
3,537,5,1.5790629693132923
3,538,5,1.656610391621903
3,539,5,1.781205656487551
3,540,5,1.7444290499160542
3,541,5,1.7279628891921588
3,542,5,1.730677484715613
3,543,5,1.7078109378563329
3,544,5,1.5111557872280654
3,545,5,1.6859741630874483
3,546,5,1.5653351267734892
3,547,5,1.419915852068094
3,548,5,1.4490713039097685
3,549,5,1.3838395036020197
3,550,5,1.4701224093702656
3,551,5,1.5256244221375295
3,552,5,1.4573245856198227
3,553,5,1.7785687779978092
3,554,5,1.5892663468605028
3,555,5,1.4404916225971247
3,556,5,1.5043858799696417
3,557,5,1.6317460576577725
3,558,5,1.740487583393823
3,559,5,1.8146456684774588
3,560,5,1.7857214366905616
3,561,5,1.317746918730485
3,562,5,1.7845872828235532
3,563,5,1.602682311343382
3,564,5,1.6590995847959182
3,565,5,1.764112385388497
3,566,5,1.7529661258770401
3,567,5,1.729973788587961
3,568,5,1.6448197785337437
3,569,5,1.342441237371971
3,570,5,1.4298669498992949
3,571,5,1.7405428787045247
3,572,5,1.6509716256789293
3,573,5,1.7130291605843038
3,574,5,1.5838470841366643
3,575,5,1.8529140419754562
3,576,5,1.5003822013839319
3,577,5,1.4597365593748357
3,578,5,1.7321710538364914
3,579,5,1.9060673635959393
3,580,5,1.5497379289131112
3,581,5,1.4478333399574548
3,582,6,1.6385219786289218
3,583,6,1.9097297010829406
3,584,5,1.8943892158199724
3,585,6,1.8808695881507291
3,586,6,1.8687325966726362
3,587,6,1.9646153182370272
3,588,6,1.986237257619769
3,589,6,1.9004897283437847
3,590,5,1.6140194575603948
3,591,5,1.6809501312745683
3,592,5,1.607479386993505
3,593,5,1.5459576707428315
3,594,5,1.5799508215399198
3,595,5,1.714011275318534
3,596,5,1.624373158669262
3,597,5,1.6178552402134923
3,598,5,1.8099966960884055
3,599,5,2.053403851671293
3,600,5,1.72754174577409
3,601,5,1.551741943509045
3,602,5,1.5799956959156125
3,603,5,1.694055807440495
3,604,5,1.566044953304497
3,605,5,1.6858813426432606
3,606,5,1.6005650637240425
3,607,5,1.3509491612828657
3,608,5,1.7574942531834545
3,609,5,1.7774383559772078
3,610,6,1.748089613937954
3,611,5,1.6458861194746572
3,612,5,1.5188743715305733
3,613,5,1.6694549017260578
3,614,5,1.5968917818329968
3,615,5,1.5418926625715499
3,616,5,1.5901607397830801
3,617,5,1.4322748108742434
3,618,5,1.5019754594422023
3,619,5,1.601944172926355
3,620,5,1.28119515541418
3,621,5,1.4956435991821966
3,622,5,1.7622030331836567
3,623,5,1.754014940517573
3,624,5,1.738739089748187
3,625,5,1.772713808911972
3,626,5,1.8129123410022538
3,627,5,1.9238035178898176
3,628,5,1.8451874818576615
3,629,5,1.9490260168386504
3,630,5,1.681103650544936
3,631,5,1.9998930136519424
3,632,5,1.7200381249660515
3,633,5,1.7782199764069997
3,634,5,1.8186239915812754
3,635,5,1.597168679990169
3,636,5,1.5727222504027565
3,637,5,1.5200194560092815
3,638,5,1.7698944013404843
3,639,5,1.730265001893668
3,640,5,1.481243444406224
3,641,5,1.5064337165608817
3,642,5,1.6983804686033932
3,643,5,1.603694108114841
3,644,5,1.657971093753635
3,645,5,1.804131179208333
3,646,5,1.6707648848090657
3,647,6,1.7328166846585913
3,648,6,1.775268015998742
3,649,5,1.5310046042825167
3,650,5,1.5908707990986923
3,651,5,1.28897046862802
3,652,6,1.3885789139890345
3,653,7,1.6082265107093305
3,654,6,1.5925650365172261
3,655,5,1.3799472637764767
3,656,5,1.6725689098408907
3,657,5,1.6302530795828938
3,658,5,1.796765659309163
3,659,5,1.7048116976555283
3,660,5,1.571090543875035
3,661,5,1.4967615449983502
3,662,5,1.6203810958248344
3,663,5,1.5653762632590889
3,664,5,1.1776441031779692
3,665,5,1.4586239504710004
3,666,5,1.794412742955278
3,667,5,1.5795913618072879
3,668,5,1.6705306580762787
3,669,5,1.8262198639341625
3,670,5,1.4278173977180115
3,671,6,1.5208205791502811
3,672,6,1.5031990398038788
3,673,6,1.4300758642381641
3,674,6,1.448575281949736
3,675,6,1.6411762536252175
3,676,6,1.7628409421037365
3,677,6,1.2975470811288123
3,678,6,1.4982628486488325
3,679,5,1.4638501810649256
3,680,5,1.3136702620100777
3,681,5,1.3844489026270574
3,682,5,1.3265311389675984
3,683,5,1.3309922976382733
3,684,5,1.171545635206575
3,685,5,1.313220262494141
3,686,5,1.4715813783357699
3,687,5,1.6557892595417072
3,688,5,1.4612765634957263
3,689,6,1.3981816640989613
3,690,6,1.4419346547685192
3,691,6,1.5469320081327904
3,692,5,1.07466210790166
3,693,5,1.3173516805308534
3,694,5,1.538060891723291
3,695,5,1.55639801494707
3,696,5,1.48736143790572
3,697,5,1.3253276560071385
3,698,5,1.5875928621689948
3,699,5,1.1450166693835238
3,700,5,1.4563947824524877
3,701,6,1.5490779963495078
3,702,6,1.3335893806747547
3,703,6,1.4353413037521676
3,704,6,1.4764832603712756
3,705,6,1.3183492612986054
3,706,6,1.4360843514101687
3,707,6,1.4280336033395096
3,708,6,1.56004420974052
3,709,5,1.3458673491905682
3,710,5,0.9549281192163175
3,711,5,1.042761902823905
3,712,6,1.2096785466631266
3,713,6,1.4738521387093684
3,714,6,1.3665130722448997
3,715,6,1.5258716286609388
3,716,6,1.3583899634269603
3,717,6,1.3298795150407794
3,718,6,1.1834899592674484
3,719,6,1.6080071774284894
3,720,6,1.7044563577152498
3,721,6,1.3088332257344448
3,722,6,1.373232287526811
3,723,6,1.2436021621293083
3,724,6,1.1699467192396966
3,725,6,1.4447689995621356
3,726,6,1.3960261984229625
3,727,6,1.2606911554332165
3,728,7,1.4201199060952403
3,729,7,1.2792102119711486
3,730,6,1.2952273221219222
3,731,6,1.3548000208438458
3,732,6,1.4919488231696163
3,733,6,1.2889146069503448
3,734,6,1.7667037059823807
3,735,6,1.5786920648849079
3,736,5,1.365563034548415
3,737,5,1.329515283641319
3,738,5,1.4888825077987295
3,739,5,1.419912628973596
3,740,5,1.3993453561752398
3,741,5,1.5880580386802183
3,742,5,1.585746413865495
3,743,5,1.3908945711791678
3,744,5,1.156072829429931
3,745,5,1.2186629172363204
3,746,5,1.2376336312993037
3,747,5,1.3485090627514609
3,748,5,1.4266311385503885
3,749,5,1.4763447044481501
3,750,5,1.3302749377000795
3,751,5,1.1223000165973906
3,752,5,1.0885796527947327
3,753,5,1.3825750961490848
3,754,5,1.4571433999476495
3,755,5,1.2657252305712046
3,756,5,1.6058502021385124
3,757,5,1.4495320959714428
3,758,5,1.4900008856420492
3,759,5,1.5906845518733128
3,760,5,1.4615152907546385
3,761,5,1.551512316205517
3,762,5,1.4988008362472223
3,763,5,1.4770748725674325
3,764,5,1.3396631193310178
3,765,5,1.4315363427014858
3,766,5,1.3578731343291168
3,767,5,1.457018255842311
3,768,5,1.5609674081639326
3,769,5,1.5912441498810375
3,770,6,1.5908627497364884
3,771,6,1.2055725368667227
3,772,6,1.352079622422873
3,773,6,1.5045910008934635
3,774,6,1.7530196543059455
3,775,6,1.5971306341000742
3,776,6,1.568901775922122
3,777,6,1.4028310024069968
3,778,5,1.3216986679712504
3,779,5,1.2888839255480047
3,780,5,1.2969078954290918
3,781,5,1.3624835321798883
3,782,5,1.3925676300625311
3,783,5,1.1653191373872689
3,784,5,1.1694064302458846
3,785,5,1.2165099286664067
3,786,5,1.3395272445815674
3,787,5,1.4137911130455474
3,788,5,1.5526862102578889
3,789,5,1.3004845310698085
3,790,5,1.395656773951846
3,791,5,1.5019938453622377
3,792,5,1.2738687031455527
3,793,5,1.332558008884905
3,794,5,1.514092209701718
3,795,5,1.652142915422754
3,796,5,1.3404215932243613
3,797,5,1.450240516350076
3,798,5,1.678325683664398
3,799,5,1.4666486430252936
3,800,5,1.7692963116913565
3,801,5,1.6661732550894897
3,802,5,1.7485814000851319
3,803,5,1.738654136877293
3,804,5,1.6362193319406586
3,805,5,1.5623612640961388
3,806,5,1.5671678501885862
3,807,5,1.774753785906567
3,808,5,1.4294970190843306
3,809,5,1.1192803745848385
3,810,5,1.405194579086841
3,811,5,1.356194829295435
3,812,5,1.4664832601540496
3,813,5,1.5060857137229027
3,814,5,1.3596158627708848
3,815,5,1.469661079071142
3,816,5,1.3503873787436533
3,817,5,1.3423486148039339
3,818,5,1.4406439303460128
3,819,5,1.4296583631312605
3,820,5,1.1704871722796923
3,821,5,1.4346787789438262
3,822,5,1.3681018926177786
3,823,5,1.2736124740492336
3,824,5,1.2829778866092756
3,825,5,1.2528999194581552
3,826,5,1.4668691655119837
3,827,5,1.4615110459918341
3,828,5,1.5063129755660771
3,829,5,1.5230876172461576
3,830,5,1.6070489503683736
3,831,5,1.6926061975931428
3,832,5,1.5002081664172287
3,833,5,1.2130199400921393
3,834,5,1.3110730456410864
3,835,5,1.1952559859335925
3,836,5,1.225870072122294
3,837,5,1.2738919250460397
3,838,5,1.3675322052097192
3,839,5,1.4035120312270077
3,840,5,1.301473913629855
3,841,5,1.4374244620946555
3,842,5,1.1677385875370834
3,843,5,0.8872265751094295
3,844,5,1.1101957719636535
3,845,5,1.1875488637760627
3,846,5,1.3153023916579678
3,847,5,1.264238702567889
3,848,5,1.0858893180468279
3,849,5,1.2353623038246337
3,850,5,1.1331007674067433
3,851,5,1.0904973038603814
3,852,5,1.5087054405203602
3,853,5,1.2546353444852678
3,854,5,1.1969015941358023
3,855,5,1.1249924094587795
3,856,5,1.4058935343421255
3,857,5,1.336000366505441
3,858,5,1.14674923348037
3,859,5,1.053350919087154
3,860,5,1.5108067576767552
3,861,5,1.3014437353690145
3,862,5,1.1544417214156533
3,863,5,1.2968197067751621
3,864,5,1.2696529747409215
3,865,5,1.4576696642631366
3,866,5,1.4751589677930168
3,867,5,1.4550061349775794
3,868,5,1.3271130867815764
3,869,5,1.415812802486034
3,870,5,1.378568868474118
3,871,5,1.3125802273427736
3,872,5,1.71650012330776
3,873,5,1.5370883072845416
3,874,5,1.7332862643020608
3,875,5,1.4062906200629492
3,876,5,1.4961297578298112
3,877,5,1.8189017446594753
3,878,5,1.8356763349659193
3,879,5,1.6458684723977322
3,880,5,1.534278183912876
3,881,5,1.5828074559945886
3,882,5,1.493621181699412
3,883,5,1.696595373332868
3,884,5,1.5647951480053588
3,885,5,1.3980193682485602
3,886,5,1.4727005514777431
3,887,5,1.5099364825693287
3,888,5,1.5641593095103854
3,889,5,1.314883109254818
3,890,5,1.571195831352842
3,891,5,1.3520208774621438
3,892,6,1.3913066907754899
3,893,6,1.428495207485553
3,894,5,1.6858803574424726
3,895,5,1.7720204602558218
3,896,5,1.745806255841182
3,897,5,1.8312606428960119
3,898,5,1.7920714492203649
3,899,5,1.7834333823014705
3,900,5,2.0300701877973006
3,901,5,1.9185212418321211
3,902,5,1.6797795351794496
3,903,5,1.6847969212980578
3,904,5,1.597161897492383
3,905,5,1.4186470159009135
3,906,5,1.566024514722682
3,907,5,1.5320032366497562
3,908,5,1.3278737988894638
3,909,5,1.574672380103852
3,910,5,1.5954709060037553
3,911,5,1.5338445903221585
3,912,5,1.939453370896472
3,913,5,1.7535882982933613
3,914,5,1.6481798454829044
3,915,5,1.6147424002410338
3,916,5,1.516021133433922
3,917,6,1.55114201083612
3,918,6,1.373389394284712
3,919,5,1.3864548471205236
3,920,5,1.332533820167836
3,921,5,1.3959238756879695
3,922,5,1.697880690549694
3,923,5,1.6321596712726292
3,924,5,1.6293381236318631
3,925,5,1.6091351341683113
3,926,5,1.6261448758620056
3,927,5,1.4314045568611395
3,928,5,1.4885803211632616
3,929,5,1.5550868015577297
3,930,5,1.550659778734282
3,931,5,1.5469079857184296
3,932,5,1.5075924153774838
3,933,5,1.8740472245459237
3,934,5,1.7493867744380243
3,935,5,1.6472486010955305
3,936,5,1.8876490451687973
3,937,5,1.6567087349469967
3,938,5,1.4778342777465543
3,939,5,1.6348535278225347
3,940,5,1.6063210625105175
3,941,5,1.5283105910807588
3,942,5,1.5497260023616866
3,943,5,1.3939278501787822
3,944,5,1.4476637561135144
3,945,5,1.496210369829737
3,946,5,1.5661159954958297
3,947,5,1.5333523984423802
3,948,5,1.6133302873945263
3,949,5,1.4665220820758655
3,950,5,1.3378267561384272
3,951,5,1.2447478825252323
3,952,5,1.4602786050803402
3,953,5,1.5035931619026508
3,954,5,1.3889956486970538
3,955,5,1.554388670955877
3,956,5,1.4567004409054012
3,957,5,1.6420748608567974
3,958,5,1.5710749682280412
3,959,5,1.6033889920111006
3,960,5,1.5645653304173117
3,961,5,1.6158386616721727
3,962,5,1.4955680358430126
3,963,5,1.6972523649532878
3,964,5,1.6047266504816782
3,965,5,1.5003235755525766
3,966,5,1.635627129753137
3,967,5,1.892721917880693
3,968,5,1.6812769532343435
3,969,5,1.5025311454153378
3,970,5,1.5747805985150505
3,971,5,1.574791858244856
3,972,5,1.6337669869891647
3,973,5,1.6731015515376226
3,974,5,1.2604570997124407
3,975,5,1.6863322500453783
3,976,5,1.5611965680811886
3,977,5,1.6185821673926393
3,978,5,1.530226718278659
3,979,5,1.7009642675432572
3,980,5,1.5415389046033212
3,981,5,1.5300808942984876
3,982,5,1.4873664662261237
3,983,6,1.4681069156750612
3,984,6,1.8910743583072378
3,985,6,2.1676379108139914
3,986,5,1.6493419909710507
3,987,5,1.5523524374348447
3,988,5,1.493968205268836
3,989,5,1.5429754394188637
3,990,5,1.6897616119363286
3,991,5,1.7140636194738241
3,992,5,1.633833380997177
3,993,5,1.673497318403116
3,994,5,1.6339891724387257
3,995,5,1.7267217426899455
3,996,5,1.5740619108827296
3,997,5,1.604545238687637
3,998,5,1.3531490765949652
3,999,5,1.6462461782520186
3,1000,5,1.7423489925662161
3,1001,5,1.5659233008556401
3,1002,5,1.5781406316449056
3,1003,5,1.626466240239111
3,1004,5,1.5695712835886617
3,1005,5,1.684440799623533
3,1006,5,1.4092074918021456
3,1007,5,1.4373150726905126
3,1008,5,1.6675545322986052
3,1009,5,1.9703877105803862
3,1010,5,1.6619472142293326
3,1011,5,1.6383710176771822
3,1012,5,1.3166274283602566
3,1013,5,1.292731269778026
3,1014,5,1.428887820881232
3,1015,5,1.5846117479554631
3,1016,5,1.3590918719528329
3,1017,5,1.5398483926960242
3,1018,5,1.503699524998157
3,1019,5,1.5118545099980985
3,1020,5,1.5377787348267296
3,1021,5,1.5113406151213455
3,1022,5,1.5877804077947477
3,1023,5,1.6836309691833735
3,1024,5,1.7465056695780063
3,1025,5,1.693550522875265
3,1026,5,1.6706071920377257
3,1027,5,1.7663321289565208
3,1028,5,1.8345138710167506
3,1029,5,1.7739059000403348
3,1030,5,1.7269665862909656
3,1031,5,1.4322276456403111
3,1032,5,1.648743109879355
3,1033,5,1.393298768959811
3,1034,5,1.3151016303107568
3,1035,5,1.4130623836149585
3,1036,5,1.3765319116566896
3,1037,5,1.3223083582848392
3,1038,5,1.3573530836638334
3,1039,5,1.3064324300452945
3,1040,6,1.417155797059484
3,1041,6,1.5711124291234349
3,1042,6,1.3714795445793637
3,1043,6,1.4465003407859012
3,1044,5,1.5190314658683013
3,1045,5,1.617946503123747
3,1046,5,1.5731675305902377
3,1047,5,1.5948679059885382
3,1048,5,1.5493378466812788
3,1049,5,1.5543811232716855
3,1050,5,1.5899330982152104
3,1051,5,1.477394072270294
3,1052,5,1.5934297666740052
3,1053,5,1.5525904757376048
3,1054,5,1.4550446679949443
3,1055,5,1.5320010210917308
3,1056,5,1.4778272054790516
3,1057,5,1.6643043468663663
3,1058,5,1.7741616469969692
3,1059,5,1.5541749188895717
3,1060,5,1.561180242046757
3,1061,6,1.6336807378211007
3,1062,5,1.4727682275210707
3,1063,5,1.5807072152504755
3,1064,5,1.5300409789513458
3,1065,5,1.428780328472882
3,1066,5,1.5736881888341285
3,1067,5,1.4917376011034245
3,1068,5,1.456983365743064
3,1069,5,1.7878160657097188
3,1070,5,1.7783439251097817
3,1071,5,1.6569204239882676
3,1072,5,1.6236136437624693
3,1073,5,1.7636437738874577
3,1074,5,1.7873539752817562
3,1075,5,1.703124577625731
3,1076,5,1.7836577228465167
3,1077,5,1.5894950111425015
3,1078,6,1.5898650980630826
3,1079,6,1.5435280353589902
3,1080,6,1.6252318646719246
3,1081,6,1.5283532229208765
3,1082,6,1.5356162705403453
3,1083,5,1.4274734045568804
3,1084,5,1.5169089909203226
3,1085,5,1.4732567683623525
3,1086,5,1.6964042186371189
3,1087,5,1.745030027156151
3,1088,5,1.5119103394686744
3,1089,5,1.513565939661329
3,1090,5,1.5131953679265866
3,1091,5,1.5494775667003893
3,1092,5,1.4422546836828216
3,1093,5,1.4503583481818776
3,1094,5,1.4384423861596067
3,1095,5,1.5012200213190279
3,1096,5,1.267925262424853
3,1097,5,1.3984008850065344
3,1098,5,1.436622029257495
3,1099,5,1.5954409964421754
3,1100,5,1.2100721720436658
3,1101,5,1.2892234462926861
3,1102,5,1.3592854985669818
3,1103,5,1.2807042214206334
3,1104,5,1.3044787232399861
3,1105,6,1.1312466948732771
3,1106,7,1.194554344943854
3,1107,5,1.199798897427454
3,1108,6,1.405424987181827
3,1109,5,1.3670055339721854
3,1110,5,1.3714490255978928
3,1111,5,1.5930568599913961
3,1112,5,1.4390528521554162
3,1113,5,1.5850677144178538
3,1114,5,1.5051636011713603
3,1115,5,1.4791919434132907
3,1116,5,1.3408190330454381
3,1117,5,1.3946939838340686
3,1118,5,1.5562772260522104
3,1119,5,1.6754661046718242
3,1120,5,1.2614275023988166
3,1121,5,1.2753076115401147
3,1122,5,1.4227710993858231
3,1123,5,1.4252960420603609
3,1124,5,1.1809884034800864
3,1125,5,1.3891506894913102
3,1126,5,1.5495418201620854
3,1127,5,0.9035146657307052
3,1128,5,0.9149630406597402
3,1129,5,1.1513930184241872
3,1130,5,1.0051477250915934
3,1131,5,1.1075664913684329
3,1132,5,1.159762473985646
3,1133,5,1.2975164568196966
3,1134,5,1.1904842571513994
3,1135,5,1.2201494491519758
3,1136,5,1.0731816627050383
3,1137,5,1.158910446327127
3,1138,5,1.2000662488065856
3,1139,5,1.19234727162085
3,1140,5,1.4250216915336282
3,1141,5,1.3030813197756146
3,1142,5,1.457256046742501
3,1143,5,1.3776292099649803
3,1144,5,1.3141380277787533
3,1145,5,1.6971766949710467
3,1146,6,1.4594895461053619
3,1147,5,1.31012828314792
3,1148,5,1.3891126083415237
3,1149,5,1.398442030009568
3,1150,5,1.588651128317772
3,1151,5,1.4737333208752519
3,1152,5,1.620216529044836
3,1153,5,1.6183298423670442
3,1154,5,1.5435870819553323
3,1155,6,1.7377748371749933
3,1156,6,1.9235700165541125
3,1157,6,1.7847894364314785
3,1158,5,1.8429799663789996
3,1159,5,1.8742257235958824
3,1160,5,1.9144036403146707
3,1161,5,1.7572849014762992
3,1162,5,1.6332765490732029
3,1163,5,1.731764230846828
3,1164,5,1.5379613633490585
3,1165,5,1.3468964603247522
3,1166,6,1.7471513340571656
3,1167,6,1.6582387705649646
3,1168,6,1.5323207814683308
3,1169,6,1.7403085620826957
3,1170,7,1.6882992422358685
3,1171,6,1.7882859475040682
3,1172,6,1.6388088994286818
3,1173,6,1.446564050465284
3,1174,6,1.5498912161416456
3,1175,6,1.5160933720731298
3,1176,6,1.8812849774189462
3,1177,6,2.046647134848234
3,1178,6,1.7450291211502487
3,1179,5,1.7811352618097605
3,1180,5,1.5712838520574821
3,1181,5,1.6315632532131499
3,1182,5,1.5874807374997224
3,1183,5,1.4938751239881882
3,1184,5,1.6362587405766766
3,1185,5,1.5297786928939465
3,1186,5,1.7255705168497606
3,1187,5,1.6367151005512337
3,1188,5,1.5871473916514338
3,1189,5,1.7436199583723724
3,1190,5,1.7708060353568222
3,1191,5,1.815400106461638
3,1192,5,1.737811967632449
3,1193,5,1.6722287610352415
3,1194,5,1.8450417132014172
3,1195,6,1.5463462791236524
3,1196,6,1.7263559770921026
3,1197,6,1.7298590730786847
3,1198,6,1.5201011311028374
3,1199,7,1.5634839841220405
3,1200,6,1.594842331208699
3,1201,6,1.6622858604665014
3,1202,6,1.8478702254264574
3,1203,6,1.8706505023489521
3,1204,6,1.4922181844038485
3,1205,6,1.6781983972167698
3,1206,5,1.587017742588785
3,1207,5,1.6023383846429762
3,1208,5,1.626340041682662
3,1209,5,1.869906765837479
3,1210,5,1.7808163987068455
3,1211,5,1.7879832643114502
3,1212,5,1.7563780062491952
3,1213,5,1.8992833867663959
3,1214,5,1.7100399883942368
3,1215,5,1.7440527916767121
3,1216,5,1.8185118320191265
3,1217,5,1.9089080605894955
3,1218,5,1.6598068190827506
3,1219,5,1.5430715293958226
3,1220,5,1.631733792133256
3,1221,5,1.6193003116277955
3,1222,5,1.3654805309256846
3,1223,5,1.2783736825317233
3,1224,5,1.3917765798770616
3,1225,5,1.391776579877062
3,1226,5,1.4510118503794738
3,1227,5,1.3687891663561866
3,1228,5,1.6705450294010693
3,1229,5,1.5770728926941637
3,1230,5,1.426192212071494
3,1231,5,1.2236528622951424
3,1232,5,1.158973013849054
3,1233,5,1.2676573361503762
3,1234,5,1.2676573361503767
3,1235,5,1.4121395845547227
3,1236,5,1.3998715452279402
3,1237,5,1.6757079446349241
3,1238,5,1.6497904741004445
3,1239,5,1.7341561783122068
3,1240,5,1.5600869904747157
3,1241,5,1.4419639180348942
3,1242,5,1.6117062399559416
3,1243,5,1.2779608039681194
3,1244,5,1.3742796409163676
3,1245,5,1.3333997547801881
3,1246,5,1.4844486341911582
3,1247,5,1.5150861864174177
3,1248,5,1.3403182394940916
3,1249,5,1.2993367429600777
3,1250,5,1.3936122326097533
3,1251,5,1.47216249030794
3,1252,5,1.500210533258374
3,1253,5,1.5593639121798128
3,1254,5,1.7438164889100012
3,1255,5,1.6486418520798898
3,1256,5,1.7571837221344464
3,1257,5,1.8355808041276505
3,1258,6,1.9994762321727149
3,1259,7,1.763505325656141
3,1260,7,1.7638730676153367
3,1261,6,1.6477281537010429
3,1262,6,1.6786353300151036
3,1263,6,1.5468469888003966
3,1264,6,1.645809067865709
3,1265,6,1.7747073786223275
3,1266,6,1.73338519921688
3,1267,6,1.9038141984231065
3,1268,6,1.7641728545179842
3,1269,6,1.6263477718400368
3,1270,6,1.5768258534500914
3,1271,5,1.473266511626301
3,1272,5,1.6481441168914936
3,1273,5,1.6016387295766115
3,1274,5,1.7235731403388947
3,1275,5,1.7390205034274469
3,1276,5,1.745321973838776
3,1277,5,1.600025773439833
3,1278,5,1.9613415173454531
3,1279,5,1.7821334285764636
3,1280,5,1.5653754616908233
3,1281,5,1.7795196528116466
3,1282,5,1.7944381743297129
3,1283,5,1.787880426613592
3,1284,5,1.5729924096674193
3,1285,6,1.7050223547957435
3,1286,6,1.6847381273565887
3,1287,6,1.390696384460611
3,1288,6,1.492934444585376
3,1289,6,1.524899230635977
3,1290,6,1.6796882572820935
3,1291,5,1.636040234213695
3,1292,5,1.5512021495728998
3,1293,5,1.5762490497273918
3,1294,5,1.5178828485709457
3,1295,5,1.6363291301236798
3,1296,5,1.5738842737747896
3,1297,5,1.585105812780566
3,1298,5,1.7448139098931112
3,1299,5,1.784016721738904
3,1300,5,1.6929744429078668
3,1301,5,1.7734667521110508
3,1302,5,1.8551394576725957
3,1303,5,1.6301098709969848
3,1304,5,1.285265783244081
3,1305,5,1.4176225841462156
3,1306,5,1.4946445457592685
3,1307,5,1.4038265449702356
3,1308,5,1.432988224858402
3,1309,6,1.6067047084825758
3,1310,6,1.8709797608200396
3,1311,6,1.83792442767357
3,1312,5,1.9833755197107577
3,1313,5,1.6313156366358998
3,1314,5,1.8350553551499686
3,1315,5,1.9204559993022183
3,1316,5,1.730588279109897
3,1317,5,1.668867346359984
3,1318,5,1.6963647671145443
3,1319,5,1.5987839418088279
3,1320,5,1.7317431266700813
3,1321,5,1.7038078644722265
3,1322,5,1.6752136451454596
3,1323,5,1.7201238884179615
3,1324,5,1.7603611436815632
3,1325,5,1.7857739615972559
3,1326,5,1.8987034281494117
3,1327,5,1.6968329272050382
3,1328,5,1.8066594739807953
3,1329,5,1.665758821071326
3,1330,5,1.7269355164079618
3,1331,5,1.6495725312026286
3,1332,5,1.4506304452826
3,1333,5,1.5736485549751569
3,1334,5,1.4361175207904386
3,1335,5,1.4686660393253428
3,1336,5,1.2325089119653554
3,1337,5,1.4863375598696322
3,1338,5,1.4766954777184855
3,1339,5,1.2527174246847972
3,1340,5,1.3622437512316958
3,1341,5,1.4000881298088657
3,1342,5,1.529105221003399
3,1343,6,1.4607697524598673
3,1344,6,1.6738485464721826
3,1345,6,1.4464921299139206
3,1346,5,1.598951617163971
3,1347,5,1.466403339909652
3,1348,5,1.475281277373762
3,1349,5,1.5225796716113207
3,1350,5,1.3182149133837395
3,1351,5,1.6412550773054444
3,1352,5,1.3838869412480972
3,1353,6,1.5554988615450767
3,1354,6,1.6646441082555627
3,1355,6,1.654858456429543
3,1356,6,1.7842268283196372
3,1357,6,1.941012527479237
3,1358,6,1.847686777765519
3,1359,6,1.6357022382774038
3,1360,6,1.8204359577413114
3,1361,6,1.6891717537425879
3,1362,5,1.5207986601895613
3,1363,5,1.634479498266145
3,1364,5,1.605255222841126
3,1365,5,1.5502804850830936
3,1366,5,1.5861294790194331
3,1367,5,1.4203190394864809
3,1368,7,1.4721357246378637
3,1369,5,1.5558928989073566
3,1370,5,1.454250165676135
3,1371,5,1.4841974223059502
3,1372,5,1.5692854897777577
3,1373,5,1.434018006166859
3,1374,5,1.4227562321283567
3,1375,5,1.418826802056425
3,1376,5,1.2298258953576662
3,1377,5,1.2765529861712328
3,1378,5,1.4324625813796907
3,1379,5,1.5720963591598403
3,1380,5,1.6308324283702147
3,1381,5,1.3923971702082563
3,1382,5,1.3527039041701916
3,1383,5,1.3577142614051532
3,1384,5,0.9766645503327771
3,1385,5,1.3038656453965616
3,1386,5,1.0959386977755567
3,1387,5,1.2428244803857873
3,1388,5,1.1851951087078056
3,1389,5,1.4832763183423472
3,1390,5,1.357498558120918
3,1391,6,1.3476609298302367
3,1392,6,1.6387993198958362
3,1393,6,1.534323701944699
3,1394,6,1.4202523339311206
3,1395,6,1.5102031130862086
3,1396,6,1.8146672880499346
3,1397,6,1.7273046064003803
3,1398,6,1.7046129456444832
3,1399,6,1.803968843600555
3,1400,6,1.7649174021723661
3,1401,6,1.9549541741420984
3,1402,6,1.9177542119168058
3,1403,6,1.8234552428863617
3,1404,6,1.8762113873049242
3,1405,6,1.4892621639662247
3,1406,5,1.6479334710819709
3,1407,5,1.7162694418557347
3,1408,5,1.8280918151475793
3,1409,6,2.0142555208447304
3,1410,6,1.9383629473527328
3,1411,6,1.7670989091070308
3,1412,6,1.687538673137471
3,1413,5,1.516830334583478
3,1414,5,1.5437245297467603
3,1415,5,1.4145954503802107
3,1416,5,1.5274148840563817
3,1417,5,1.668976291432969
3,1418,5,1.5526033788854732
3,1419,5,1.5442853374481613
3,1420,5,1.5149106580765332
3,1421,5,1.4254163731638272
3,1422,5,1.2961205853815807
3,1423,5,1.2997923954564183
3,1424,5,1.5173014065307378
3,1425,5,1.864999549047178
3,1426,6,1.7149699293306786
3,1427,6,1.7083040024912433
3,1428,6,1.4231965449246102
3,1429,6,1.5118510098478097
3,1430,6,1.4276682233058793
3,1431,6,1.518207349091611
3,1432,6,1.4796666218174952
3,1433,6,1.3537556441530967
3,1434,6,1.4367560799049852
3,1435,6,1.4426128599206693
3,1436,6,1.632378018972776
3,1437,5,1.5324541737639112
3,1438,6,1.6114097055775787
3,1439,6,1.614233943559717
3,1440,6,1.5727631505355468
3,1441,6,1.4957023635676894
3,1442,6,1.6636350805337625
3,1443,6,1.6862167684225704
3,1444,6,1.6110556688624231
3,1445,6,1.419163871079912
3,1446,5,1.4278529327644645
3,1447,5,1.2139137469647219
3,1448,5,1.1090331091952068
3,1449,5,1.247516386021351
3,1450,5,1.2845665647079523
3,1451,5,1.1756529741434267
3,1452,5,1.5549492735157955
3,1453,5,1.685286644437881
3,1454,5,1.235637686453531
3,1455,5,1.5596195945982947
3,1456,5,1.533853896860978
3,1457,5,1.4480816712462592
3,1458,5,1.5021715028523297
3,1459,5,1.430989893140548
3,1460,5,1.1714698425659993
3,1461,5,1.4799328625974808
3,1462,5,1.2720015058354988
3,1463,5,1.2609030260796206
3,1464,5,1.2291514144332196
3,1465,5,1.5303013950337556
3,1466,5,1.3737434681469165
3,1467,5,1.471872600780089
3,1468,5,1.7020614592645162
3,1469,5,1.8495829446445011
3,1470,6,1.734972921492596
3,1471,6,1.717025324385796
3,1472,5,1.534685390799349
3,1473,5,1.546626416082308
3,1474,5,1.4606587822173593
3,1475,5,1.5251221886393451
3,1476,5,1.6119059456227918
3,1477,5,1.7467532480429284
3,1478,5,1.666396601344795
3,1479,5,1.5591258832843193
3,1480,5,1.5992283888657823
3,1481,5,1.687431597465081
3,1482,6,1.748326918726836
3,1483,6,1.704452899154619
3,1484,6,1.5796061095681981
3,1485,6,1.6853565232258338
3,1486,5,1.729680045250804
3,1487,5,1.677755434131134
3,1488,5,1.7750047425030329
3,1489,5,1.6502981712563454
3,1490,5,1.903636287142688
3,1491,5,1.7063252162226634
3,1492,5,1.724873808581732
3,1493,5,1.7225778958097004
3,1494,5,1.5832388783826428
3,1495,5,1.6551602507046237
3,1496,6,1.7501945967365717
3,1497,6,1.7158326505057295
3,1498,6,1.82884308794593
3,1499,6,1.7966996638286794
3,1500,6,1.7405347193652778
3,1501,6,1.600154788014049
3,1502,6,1.4655539126089105
3,1503,6,1.682536983564582
3,1504,6,1.4048904890539573
3,1505,6,1.5946182765705337
3,1506,6,1.7618641832970372
3,1507,7,1.6320351070960153
3,1508,7,1.589956820395944
3,1509,6,1.4712093323139417
3,1510,5,1.4933654035172226
3,1511,5,1.5902792069205494
3,1512,5,1.482457223250714
3,1513,5,1.4104728079651094
3,1514,5,1.1892445447225062
3,1515,5,1.4333776872592598
3,1516,5,1.316176578260973
3,1517,5,1.3425030366234578
3,1518,5,1.5955427684355374
3,1519,5,1.6915670861575034
3,1520,6,1.5427486748663517
3,1521,6,1.7025137532228047
3,1522,5,1.6030691365414471
3,1523,5,1.4631545784203777
3,1524,5,1.551817975622777
3,1525,5,1.3773287992784784
3,1526,5,1.446731109344383
3,1527,5,1.3761039392222045
3,1528,5,1.5249432336373352
3,1529,5,1.515272915368814
3,1530,5,1.4471254472718824
3,1531,5,1.5357358526180667
3,1532,5,1.6634751285188116
3,1533,5,1.3346259725738925
3,1534,5,1.3540011358605764
3,1535,5,1.3839254685967601
3,1536,5,1.5945734697805882
3,1537,5,1.554810225410744
3,1538,5,1.3820283257250292
3,1539,5,1.1932061378228291
3,1540,5,1.561255308658064
3,1541,5,1.275332554043905
3,1542,5,1.5800971510524429
3,1543,5,1.392632748929827
3,1544,5,1.22784687179854
3,1545,5,1.2764654760575729
3,1546,5,1.2753924505643441
3,1547,5,1.3713212005897524
3,1548,5,1.3487138145257358
3,1549,5,1.287876789492869
3,1550,5,1.5116170312718014
3,1551,5,1.3510713862909993
3,1552,5,1.4236993873698451
3,1553,5,1.4243552267346997
3,1554,5,1.3270209130352044
3,1555,5,1.440013341805713
3,1556,5,1.661136221943877
3,1557,5,1.5444756516951856
3,1558,5,1.6332381923056634
3,1559,5,1.459645005921304
3,1560,5,1.6156629399153912
3,1561,5,1.7524389408029042
3,1562,5,1.6674089134258323
3,1563,5,1.5819198415358562
3,1564,5,1.5771956880417601
3,1565,5,1.5792670202455108
3,1566,5,1.288407005992335
3,1567,5,1.439894108813574
3,1568,5,1.6038574290088885
3,1569,5,1.696389031309201
3,1570,5,1.6175128453874863
3,1571,5,1.7670849565944122
3,1572,5,1.569782222059584
3,1573,5,1.5508348803718004
3,1574,5,1.8533568017015707
3,1575,5,1.7995957892259193
3,1576,5,1.5333986917768483
3,1577,5,1.574618024861819
3,1578,5,1.7331142668022563
3,1579,5,1.6990402383893315
3,1580,5,1.8343171512048553
3,1581,5,1.9067636388281342
3,1582,5,1.8157628633177048
3,1583,5,1.7637664385654972
3,1584,5,1.3393697860480707
3,1585,5,1.5113422783605213
3,1586,5,1.5911835319697119
3,1587,5,1.4862570709002463
3,1588,5,1.3317936160579107
3,1589,5,1.326127382134854
3,1590,5,1.3376175686856424
3,1591,5,1.216402726884839
3,1592,5,1.2592367537825737
3,1593,5,1.3395938406742651
3,1594,6,1.296831362232834
3,1595,6,1.3587416610292125
3,1596,6,1.4050531082948412
3,1597,6,1.5786397808612072
3,1598,6,1.2734670301872764
3,1599,6,1.410659717079711
3,1600,6,1.2504473767925743
3,1601,5,1.3432326787290263
3,1602,5,1.5992770787287665
3,1603,5,1.4784792021708517
3,1604,6,1.7436134673159582
3,1605,6,1.696248449176223
3,1606,6,1.4005231064434671
3,1607,5,1.034262707302509
3,1608,5,1.1692888886825417
3,1609,5,1.3127942027418662
3,1610,5,1.4007443344515456
3,1611,5,1.3561499449936272
3,1612,5,1.4227920811500034
3,1613,5,1.4224309213183952
3,1614,5,1.548396586013384
3,1615,5,1.4394089837089679
3,1616,5,1.4071838900026377
3,1617,5,1.218066316216463
3,1618,5,1.3220383859865734
3,1619,5,1.1850415661020595
3,1620,5,1.296393847686196
3,1621,5,1.5030459905427511
3,1622,5,1.5406106618436235
3,1623,5,1.51975333676838
3,1624,5,1.4246308215277654
3,1625,5,1.3941248770763814
3,1626,6,1.5018136327183709
3,1627,6,1.3212811306766503
3,1628,6,1.3062577687792567
3,1629,6,1.3598811475663708
3,1630,5,1.5764889605433452
3,1631,5,1.2801667411955755
3,1632,5,1.5836105321521394
3,1633,5,1.5293837646604915
3,1634,5,1.5864134351229682
3,1635,5,1.4252381559308085
3,1636,5,1.1162956383878466
3,1637,5,1.115437537675172
3,1638,5,1.154382504903086
3,1639,5,1.1790363083381745
3,1640,5,1.3630024237920404
3,1641,5,1.3702410261000288
3,1642,5,1.6515136717302057
3,1643,5,1.5637468449027563
3,1644,5,1.5322096872461497
3,1645,5,1.31642990345282
3,1646,5,1.3967755659505632
3,1647,5,1.538663511154172
3,1648,5,1.2241081340045357
3,1649,5,1.4707122815029474
3,1650,5,1.5498580973171991
3,1651,5,1.4645595111919425
3,1652,5,1.2955726439715982
3,1653,5,1.4692873862212572
3,1654,5,1.4740880864356303
3,1655,5,1.478775846578853
3,1656,5,1.5962087835475214
3,1657,5,1.3669580811678017
3,1658,5,1.578908011754538
3,1659,5,1.62776920109384
3,1660,5,1.5816165398524342
3,1661,5,1.8127128443155787
3,1662,5,1.863657846647444
3,1663,5,1.7187046761777447
3,1664,5,1.7213100281231384
3,1665,5,1.6653490037926648
3,1666,5,1.8038730027444831
3,1667,5,1.7338622040616225
3,1668,5,1.6061031601858047
3,1669,5,1.5231872034903802
3,1670,5,1.522614982271878
3,1671,5,1.5636281483407215
3,1672,5,1.5313456520847235
3,1673,5,1.5431128392786198
3,1674,5,1.3334518498661732
3,1675,5,1.3870897412355467
3,1676,5,1.5559090190411333
3,1677,5,1.6497289131937602
3,1678,5,1.6463411675591857
3,1679,5,1.9369364378873177
3,1680,5,1.6198312889638222
3,1681,5,1.4826314972352224
3,1682,5,1.5525253058926176
3,1683,5,1.647738410327809
3,1684,5,1.6435586731948337
3,1685,5,1.7435353153662532
3,1686,5,1.641524619911332
3,1687,5,1.5436362259063028
3,1688,5,1.6236657906382623
3,1689,5,1.5789797468643343
3,1690,5,1.4626356295585694
3,1691,5,1.3549790061401596
3,1692,5,1.496179720664164
3,1693,5,1.6573629146172628
3,1694,5,1.635573198830948
3,1695,5,1.627588430180471
3,1696,5,1.796995342290614
3,1697,5,1.560506975706382
3,1698,5,1.4058471763987939
3,1699,5,1.609638038631216
3,1700,5,1.6178110163105277
3,1701,5,1.3521719727834416
3,1702,5,1.388776777202366
3,1703,5,1.4585636156242114
3,1704,5,1.4196913867873584
3,1705,5,1.3089607840275104
3,1706,5,1.3906604184536633
3,1707,5,1.3065238908589438
3,1708,5,1.3574297385694978
3,1709,5,1.5639318837362337
3,1710,5,1.6789004934387943
3,1711,5,1.606035582919258
3,1712,5,1.654552283194283
3,1713,5,1.6013640053543305
3,1714,5,1.4953353532175249
3,1715,5,1.591095446486598
3,1716,5,1.7887977184928854
3,1717,5,1.5209859043140215
3,1718,5,1.5543966096818664
3,1719,5,1.8670919677447144
3,1720,5,1.681300416237208
3,1721,5,1.6355515878737203
3,1722,6,1.9530513948366393
3,1723,6,1.888150806948822
3,1724,6,1.8783263393799459
3,1725,6,1.9297056207337726
3,1726,6,1.8958305216122953
3,1727,6,1.8688551709411505
3,1728,6,1.697166111457796
3,1729,6,1.6440109627651718
3,1730,6,1.372294412644484
3,1731,6,1.3938517772635342
3,1732,6,1.4752154308518057
3,1733,5,1.487801894331918
3,1734,5,1.65738816068742
3,1735,5,1.6230266657937227
3,1736,5,1.3557412398241322
3,1737,7,1.5867988535080522
3,1738,7,1.8731020560675953
3,1739,6,1.5708156865393232
3,1740,6,1.4640314789442725
3,1741,6,1.6682575256621908
3,1742,6,1.4731706591550568
3,1743,6,1.5342303313217949
3,1744,6,1.7672036366924195
3,1745,6,1.609098127019264
3,1746,6,1.781819544192651
3,1747,6,1.4896636541944424
3,1748,6,1.487838261704534
3,1749,5,1.5773006096521671
3,1750,5,1.6516552443513692
3,1751,6,1.6767542184361561
3,1752,6,1.82413121157093
3,1753,6,1.93021322911396
3,1754,6,1.76803389833609
3,1755,6,1.7573407169460706
3,1756,6,1.3986685951889681
3,1757,6,1.4498750387159842
3,1758,6,1.794317167058205
3,1759,6,1.8203072791111894
3,1760,7,1.901885573519563
3,1761,6,1.513555201327299
3,1762,6,1.7288484308302112
3,1763,7,1.4422804447630466
3,1764,6,1.4407904345405784
3,1765,5,1.276900494626362
3,1766,5,1.336760337569625
3,1767,5,1.4300010623818555
3,1768,5,1.2124768289348
3,1769,5,1.3498911188030926
3,1770,6,1.56712675235844
3,1771,5,1.4057423877212276
3,1772,5,1.553751376672455
3,1773,5,1.5455549571524259
3,1774,5,1.3082312664873341
3,1775,5,1.278551482752039
3,1776,5,1.1267447308125567
3,1777,5,1.2631526887501798
3,1778,5,1.284337824877813
3,1779,5,1.315626351009052
3,1780,5,1.2706307036365656
3,1781,5,1.5364737517129177
3,1782,5,1.3015703449623395
3,1783,5,1.3037448426375846
3,1784,5,1.277768203560417
3,1785,5,1.4824837522176266
3,1786,6,1.3928859651348722
3,1787,6,1.324599317151827
3,1788,6,1.5305725741447986
3,1789,7,1.5458031179865874
3,1790,6,1.4725608580662675
3,1791,6,1.4873959867971718
3,1792,5,1.684229807471941
3,1793,5,1.5147086298618393
3,1794,5,1.5517065424863796
3,1795,5,1.4202608986312484
3,1796,5,1.399803050021088
3,1797,5,1.3616938281060946
3,1798,5,1.5696744879418567
3,1799,5,1.4844839024168945
3,1800,5,1.204818162216362
3,1801,5,1.2276278296217527
3,1802,5,1.1394635182444572
3,1803,5,1.184320173357563
3,1804,5,1.1229302936985377
3,1805,5,1.0423317630331579
3,1806,5,0.9998953900441165
3,1807,5,1.0522840559130726
3,1808,5,1.3088595063090787
3,1809,5,1.3364240519624144
3,1810,5,1.0439290882500232
3,1811,5,0.9406031329887012
3,1812,5,0.9837289704750596
3,1813,5,1.0809488611147446
3,1814,5,1.249560672331505
3,1815,5,1.223232811377076
3,1816,5,1.0794466876807531
3,1817,5,1.1195202451497002
3,1818,5,1.1415858219421189
3,1819,5,1.1984944389726628
3,1820,5,1.334440324211962
3,1821,6,1.3041315351365341
3,1822,5,1.4059150076715916
3,1823,5,1.5934160042594625
3,1824,5,1.6354426575292562
3,1825,5,1.1732468508326392
3,1826,5,1.1303740454216396
3,1827,5,1.3713113297953128
3,1828,5,1.2220770601544237
3,1829,5,1.4023486810102108
3,1830,5,1.1715244527526467
3,1831,5,1.5997296099487985
3,1832,5,1.489383753415348
3,1833,5,1.4265757289817156
3,1834,5,1.5855801053493304
3,1835,5,1.658482989801601
3,1836,5,1.7330845239729062
3,1837,5,1.5695920030374984
3,1838,5,1.6302329314014323
3,1839,5,1.4807086035283432
3,1840,5,1.4666972706058132
3,1841,5,1.5480177676926714
3,1842,5,1.5096802042203974
3,1843,5,1.678674339659418
3,1844,5,1.499598435981289
3,1845,5,1.5389332317607267
3,1846,5,1.6242220358477648
3,1847,5,1.5927462118533517
3,1848,5,1.485510796785832
3,1849,5,1.4088708556537548
3,1850,5,1.322275901071777
3,1851,5,1.5925034859531202
3,1852,5,1.6639030265231556
3,1853,5,1.3932028010400659
3,1854,5,1.2948582849350636
3,1855,5,1.489435719609546
3,1856,5,1.562591909417307
3,1857,5,1.327772349693563
3,1858,5,1.2009053288860425
3,1859,5,1.1740986196395795
3,1860,5,1.7397838794842508
3,1861,5,1.4399857246062355
3,1862,5,1.6013002609004134
3,1863,5,1.6875499634995945
3,1864,5,1.6989213090349207
3,1865,5,1.679573156422416
3,1866,5,1.6213573108336665
3,1867,5,1.6767889812336576
3,1868,5,1.5976667629785477
3,1869,5,1.3446634567076186
3,1870,5,1.3039655026806054
3,1871,5,1.235533260106295
3,1872,5,1.4402348287463531
3,1873,5,1.5443611986420573
3,1874,5,1.5471137875990828
3,1875,5,1.4201371408365011
3,1876,5,1.3830251817338381
3,1877,6,1.4107103892007986
3,1878,6,1.842489021325465
3,1879,6,1.9261197707885511
3,1880,7,1.827189149824921
3,1881,6,1.7404953723926342
3,1882,6,1.7849432062016404
3,1883,7,1.7045417314929585
3,1884,6,1.7948511421569293
3,1885,6,1.8896826691219397
3,1886,6,1.8971304753373017
3,1887,6,1.7078886189013076
3,1888,6,1.4291325763129787
3,1889,6,1.5153558694260547
3,1890,6,1.5742524495790469
3,1891,6,1.6072540375451618
3,1892,6,1.4012995968316622
3,1893,6,1.509376544917532
3,1894,6,1.4636932657549107
3,1895,6,1.8262086374756006
3,1896,5,1.7043450579364987
3,1897,5,1.3603874694302447
3,1898,5,1.3212787113654687
3,1899,5,1.3912652802204502
3,1900,5,1.6320957113958152
3,1901,5,1.5728493649696116
3,1902,5,1.4784783318337928
3,1903,5,1.4939650201100467
3,1904,5,1.558015334193604
3,1905,5,1.5668833867217007
3,1906,5,1.5993937486797027
3,1907,5,1.4959960919526307
3,1908,5,1.4940823458237444
3,1909,5,1.5989556155527311
3,1910,6,1.65302156503925
3,1911,6,1.5642335902286453
3,1912,6,1.624165842313079
3,1913,6,1.6525255723575003
3,1914,5,1.3941349518146469
3,1915,5,1.5791758319269862
3,1916,5,1.4714063561011943
3,1917,5,1.3007054982054989
3,1918,5,1.4682025350544214
3,1919,5,1.4318277799848955
3,1920,5,1.3535984822715834
3,1921,5,1.5076317328992204
3,1922,5,1.5002592671338464
3,1923,5,1.6753716911005818
3,1924,5,1.5330462928137858
3,1925,6,1.6354783497148873
3,1926,6,1.3643823721847408
3,1927,6,1.7222448911045163
3,1928,6,1.6597348538535832
3,1929,6,1.6513883681484076
3,1930,6,1.7197351963583967
3,1931,6,1.8499796490425089
3,1932,6,1.8052824375559418
3,1933,6,1.7658750414993674
3,1934,6,1.639436539655318
3,1935,6,1.809673981141597
3,1936,5,1.5895879244573345
3,1937,5,1.7189509115285095
3,1938,5,1.866267553649664
3,1939,5,1.8960681467396059
3,1940,5,1.5075606828873234
3,1941,5,1.6394863866289686
3,1942,5,1.664946595252223
3,1943,5,1.6691035860843622
3,1944,5,1.6019361895686024
3,1945,5,1.4761915091431197
3,1946,5,1.6075635085971833
3,1947,5,1.6665505035948667
3,1948,5,1.730966446934715
3,1949,5,1.5944043751395638
3,1950,5,1.478513232211438
3,1951,5,1.4651332946215767
3,1952,5,1.5140211946366349
3,1953,5,1.5197235580846296
3,1954,5,1.5402466171674059
3,1955,5,1.7068411645196155
3,1956,5,1.673553441721812
3,1957,5,1.847882098970529
3,1958,5,1.7441004772684923
3,1959,5,1.8296839969203869
3,1960,5,1.643894668913798
3,1961,5,1.4788652495506946
3,1962,5,1.5699647453524133
3,1963,5,1.6192038153560961
3,1964,5,1.4454675807344186
3,1965,5,1.526107572903499
3,1966,5,1.6465623364614834
3,1967,5,1.5052264282129544
3,1968,5,1.3523751784580105
3,1969,5,1.5052977734205584
3,1970,5,1.5103227528081402
3,1971,5,1.4809602244580762
3,1972,5,1.507360540305755
3,1973,5,1.3889117285593389
3,1974,5,1.5872262642760666
3,1975,5,1.5210977187281824
3,1976,5,1.3759122010085791
3,1977,5,1.3938780844931644
3,1978,5,1.4374661527023371
3,1979,5,1.778174790092776
3,1980,5,1.7252427581928274
3,1981,5,1.5517313281181258
3,1982,5,1.3742285089785362
3,1983,5,1.4712801805228577
3,1984,5,1.283434580086134
3,1985,5,1.2228494222090704
3,1986,5,1.3750246023737591
3,1987,5,1.4063463133522833
3,1988,5,1.2957438083344783
3,1989,6,1.5061421633560812
3,1990,6,1.5270584930700162
3,1991,5,1.5324125172425935
3,1992,5,1.5896641414998207
3,1993,5,1.5829905729149614
3,1994,5,1.6195228382317142
3,1995,5,1.6664448344303868
3,1996,5,1.542599422047691
3,1997,5,1.5606650781299747
3,1998,5,1.4199473069204442
3,1999,5,1.495329536573971
3,2000,5,1.6576520884520898
3,2001,5,1.411948345854884
3,2002,5,1.500553397540806
3,2003,5,1.3568359676483759
3,2004,5,1.3488873530611465
3,2005,5,1.456440220966881
3,2006,5,1.617171277474248
3,2007,5,1.4730149944825897
3,2008,5,1.6357377974793823
3,2009,5,1.501220650334425
3,2010,5,1.4753337528655597
3,2011,5,1.4530956266727464
3,2012,5,1.2238678682104926
3,2013,5,1.5350979490361891
3,2014,5,1.58371785673455
3,2015,5,1.5148044150294955
3,2016,5,1.5056825860340126
3,2017,5,1.5010218482199766
3,2018,5,1.256081656973278
3,2019,5,1.3404985782437797
3,2020,5,1.4069231484741778
3,2021,5,1.3960774146143935
3,2022,5,1.4568028671186464
3,2023,5,1.6100503948088036
3,2024,5,1.407353284534734
3,2025,6,1.5583877797919712
3,2026,6,1.7431670165489868
3,2027,6,1.426579964701392
3,2028,5,1.4548006947372851
3,2029,5,1.43628506827078
3,2030,5,0.9448167278238486
3,2031,5,0.9867544698689397
3,2032,5,1.1719680565334496
3,2033,5,1.359897376172904
3,2034,5,1.4523988434504531
3,2035,5,1.4053762080040322
3,2036,5,1.4170665451973594
3,2037,5,1.423135489387378
3,2038,5,1.43231792972766
3,2039,5,1.5627542043209353
3,2040,5,1.6668707909472538
3,2041,5,1.5772451999764714
3,2042,5,1.39835682038483
3,2043,5,1.621742346944274
3,2044,5,1.622687425438829
3,2045,5,1.5356975735286165
3,2046,5,1.6506915767787786
3,2047,5,1.2917909163605454
3,2048,5,1.4402593625860076
3,2049,5,1.5636339677378293
3,2050,5,1.3329592078669479
3,2051,5,1.5474625752486588
3,2052,5,1.6129097618336652
3,2053,5,1.4243835211246898
3,2054,5,1.6004200593879467
3,2055,5,1.3473961632158424
3,2056,5,1.2283036500570992
3,2057,5,1.2672337135501563
3,2058,5,1.2517195663729246
3,2059,5,1.395679094124267
3,2060,5,1.2052266533051856
3,2061,5,1.3366790588367201
3,2062,5,1.578627889372707
3,2063,5,1.4032876590386616
3,2064,6,1.482912881106587
3,2065,6,1.37138987834128
3,2066,6,1.283283431859683
3,2067,6,1.49575479078083
3,2068,6,1.546813020639017
3,2069,6,1.3261713706307523
3,2070,7,1.383586730802132
3,2071,8,1.3988256607652887
3,2072,7,1.64037505207732
3,2073,7,1.6687749986475797
3,2074,6,1.6665821834607235
3,2075,6,1.889535182303542
3,2076,6,1.5025403501332528
3,2077,6,1.7001651080851414
3,2078,6,1.799815423006045
3,2079,6,1.8865181508255677
3,2080,6,1.5711684394739955
3,2081,6,1.6857428712191593
3,2082,5,1.2230301294797163
3,2083,5,1.3479260876576356
3,2084,5,1.4716406231059818
3,2085,5,1.574655195564978
3,2086,5,1.4005311091696333
3,2087,6,1.3316899195606275
3,2088,6,1.6395907675874168
3,2089,6,1.5873548863513474
3,2090,5,1.7892085638188964
3,2091,5,1.8902136993434207
3,2092,6,1.7115479088449064
3,2093,5,1.4496660611366137
3,2094,5,1.3911031112269776
3,2095,5,1.6326343450180199
3,2096,5,1.4679705096476265
3,2097,5,1.579555919687282
3,2098,5,1.6365227833915843
3,2099,5,1.6365227833915843
3,2100,5,1.3305064681947445
3,2101,5,1.4149585394640667
3,2102,5,1.4531435115033662
3,2103,5,1.3772277736257075
3,2104,5,1.6937368514896414
3,2105,5,1.2825489010705482
3,2106,5,1.57229454184426
3,2107,5,1.4067525052848353
3,2108,5,1.7837118888180639
3,2109,5,1.7958552886404568
3,2110,5,1.916132844345594
3,2111,5,1.7857821257163984
3,2112,5,1.8463135747960244
3,2113,6,1.7387489064809025
3,2114,6,1.7988266060680704
3,2115,6,1.7933268526393307
3,2116,7,1.6118483043679972
3,2117,6,1.498656780821249
3,2118,6,1.5421197468298664
3,2119,6,1.4992150836368752
3,2120,6,1.5064153768025412
3,2121,6,1.477040825649138
3,2122,5,1.3811030665590893
3,2123,6,1.5227088088166232
3,2124,5,1.639603314630138
3,2125,5,1.7775420909628248
3,2126,5,1.7476295419886818
3,2127,5,1.5368393439844796
3,2128,5,1.7084457341953092
3,2129,5,1.6512578606059432
3,2130,5,1.478287529886487
3,2131,5,1.8152517996409916
3,2132,5,1.8971621752265904
3,2133,5,1.812545697687375
3,2134,5,1.7755528516906485
3,2135,5,1.7668758245919052
3,2136,5,1.4921995824719811
3,2137,6,1.6110514693660059
3,2138,5,1.5281543278554395
3,2139,5,1.646052099697361
3,2140,5,1.5365996700884486
3,2141,5,1.710550577883673
3,2142,5,1.740449558441333
3,2143,5,1.5766758414916842
3,2144,5,1.5750728265818825
3,2145,5,1.7436104394433865
3,2146,6,1.7329162477981357
3,2147,6,1.618372435202498
3,2148,5,1.3781783955363132
3,2149,5,1.6897940324551008
3,2150,5,1.6475936514741
3,2151,5,1.417497121037326
3,2152,5,1.5910971356073267
3,2153,5,1.715727626148221
3,2154,5,1.701177287642345
3,2155,5,1.7328521440861007
3,2156,5,1.841104330256389
3,2157,5,1.8184848330542094
3,2158,5,1.5686393054181496
3,2159,5,1.7123328259920672
3,2160,5,1.6058464439809867
3,2161,5,1.5085387399609633
3,2162,5,1.6195392634583459
3,2163,5,1.5631122479754431
3,2164,5,1.620684303402717
3,2165,5,1.6446891585173655
3,2166,5,1.4937838944776565
3,2167,5,1.599537649406808
3,2168,5,1.6270841758049293
3,2169,5,1.818850879219493
3,2170,6,1.6722487135477087
3,2171,5,1.3417518339695547
3,2172,5,1.4550390491529783
3,2173,5,1.2735525134782009
3,2174,5,1.359595293489221
3,2175,5,1.517896772610273
3,2176,5,1.3921071546408612
3,2177,5,1.4176980516821902
3,2178,5,1.4998613181237839
3,2179,5,1.500272460356812
3,2180,5,1.6237067826882567
3,2181,5,1.7786757957443045
3,2182,5,1.5657248148267793
3,2183,5,1.5600997953380435
3,2184,5,1.7174329731074693
3,2185,5,1.4868450019340465
3,2186,5,1.45296019927377
3,2187,5,1.49187555243918
3,2188,5,1.547607283851467
3,2189,5,1.4021084682691791
3,2190,5,1.336286598357174
3,2191,5,1.2323194900169465
3,2192,5,1.2964434559180704
3,2193,5,1.3911812959659096
3,2194,5,1.1786731062174622
3,2195,5,1.26856028191943
3,2196,5,1.335695171995173
3,2197,5,1.2180386662845963
3,2198,5,1.4324410391970077
3,2199,5,1.4229522135012718
3,2200,5,1.3380297689874459
3,2201,5,1.407292738711777
3,2202,5,1.5810106614771486
3,2203,5,1.4633067568286937
3,2204,5,1.4726572870548522
3,2205,5,1.6914886619681182
3,2206,5,1.5925380848635555
3,2207,5,1.596085441290799
3,2208,5,1.617454256795722
3,2209,5,1.6746530465203606
3,2210,5,1.750471607799359
3,2211,5,1.6552266138831486
3,2212,5,1.752115439111801
3,2213,5,2.108102419187796
3,2214,5,1.8855857522447503
3,2215,5,1.9245004479059484
3,2216,5,1.755892862251979
3,2217,5,1.8697988885486514
3,2218,5,1.8359238324368343
3,2219,5,1.9225134486979956
3,2220,5,1.7642339165832897
3,2221,5,1.7432955089945819
3,2222,5,1.70151371104238
3,2223,5,1.6392410081453948
3,2224,5,1.456625435162484
3,2225,5,1.71030058633312
3,2226,5,1.5479174280102317
3,2227,5,1.6205507262173047
3,2228,5,1.3902606429776792
3,2229,5,1.3881797564973621
3,2230,5,1.3734963417637696
3,2231,5,1.4181370455641904
3,2232,5,1.3226444068400216
3,2233,5,1.4146291298531248
3,2234,5,1.2579623155110955
3,2235,5,1.3129068478946095
3,2236,5,1.1949366560269308
3,2237,5,1.0450430553780508
3,2238,5,1.408287389389042
3,2239,5,1.4200658208801555
3,2240,5,1.5582218176885476
3,2241,5,1.6844426989115506
3,2242,5,1.6652494068361183
3,2243,5,1.5223754142332924
3,2244,5,1.4375979245970751
3,2245,5,1.4054497177422078
3,2246,5,1.5240507516612318
3,2247,5,1.6010372450538735
3,2248,5,1.785681397326047
3,2249,5,1.4254822845554869
3,2250,5,1.3256655960186232
3,2251,5,1.4460833651084926
3,2252,5,1.463768048028526
3,2253,5,1.6854017527416865
3,2254,6,1.8582050058863953
3,2255,5,1.7124355011300016
3,2256,6,1.6919700968291176
3,2257,6,1.6950550920568
3,2258,5,1.6877286091997123
3,2259,5,1.369736547971792
3,2260,5,1.4504378693996487
3,2261,5,1.516931539533418
3,2262,6,1.4124557189009366
3,2263,6,1.4857294640994247
3,2264,5,1.4166811443135754
3,2265,5,1.2113332458441732
3,2266,5,1.3486203219504431
3,2267,5,1.2200380945095057
3,2268,5,1.2313069841671984
3,2269,5,1.5288179190109403
3,2270,5,1.4715318046269985
3,2271,5,1.3479329824358226
3,2272,5,1.1383038380483939
3,2273,5,1.0430754333506287
3,2274,5,1.3616672440070046
3,2275,5,1.252062011195184
3,2276,5,1.5213819570113642
3,2277,6,1.7199058666544191
3,2278,5,1.6354914801192075
3,2279,5,1.7193287934390544
3,2280,5,1.7327919774974938
3,2281,5,1.8376145065806364
3,2282,5,1.7855125098604256
3,2283,5,1.830566537061813
3,2284,5,1.5410445027246942
3,2285,5,1.6664906105115112
3,2286,5,1.678161864310852
3,2287,5,1.489282473791556
3,2288,5,1.4881084670954516
3,2289,5,1.491003687668925
3,2290,5,1.6920530279598154
3,2291,6,1.8109477604561572
3,2292,6,1.9000960120690782
3,2293,6,1.7048761653045532
3,2294,5,1.4849909376658195
3,2295,5,1.3018986785999522
3,2296,5,1.299287621369885
3,2297,5,1.294271223019443
3,2298,5,1.2849710832742698
3,2299,5,1.2959639357382193
3,2300,5,1.2723983884538974
3,2301,5,1.0876377554892485
3,2302,5,1.3794431611699318
3,2303,5,1.4211060977044587
3,2304,5,1.6441389273916376
3,2305,5,1.6559778553486888
3,2306,5,1.5600196803806647
3,2307,5,1.472885794091722
3,2308,5,1.692761401129998
3,2309,5,1.744335000320731
3,2310,5,1.8231500251326929
3,2311,5,1.522097748136162
3,2312,6,1.579104682694565
3,2313,7,1.6431609448327453
3,2314,6,1.5929748092674636
3,2315,6,1.636658060246445
3,2316,6,1.9882749092172034
3,2317,7,2.090355741941018
3,2318,7,1.8650634951581622
3,2319,6,1.6470121594903748
3,2320,6,1.7919953879591688
3,2321,6,1.7347508678993044
3,2322,6,1.5038646269871165
3,2323,6,1.4195682873159954
3,2324,5,1.4717490712014243
3,2325,5,1.5769118796666737
3,2326,5,1.377440794660897
3,2327,5,1.4877878775552347
3,2328,5,1.4512831149015826
3,2329,5,1.431414491512374
3,2330,5,1.3124966731974403
3,2331,5,1.3221036763900038
3,2332,5,1.5231714056406478
3,2333,5,1.4705529811746603
3,2334,5,1.4527018655899377
3,2335,5,1.0227582132043262
3,2336,5,1.1856326345855788
3,2337,5,1.2134548267689178
3,2338,5,1.205540246501024
3,2339,5,1.3594424541206092
3,2340,5,1.5994070915651917
3,2341,5,1.5896172596018152
3,2342,5,1.3636557538609084
3,2343,5,1.3426634010515053
3,2344,5,1.078432450797857
3,2345,5,1.275982637745905
3,2346,5,1.5529084881957589
3,2347,5,1.495919485065007
3,2348,6,1.4034085021565343
3,2349,6,1.824181757501718
3,2350,6,1.8184436743551924
3,2351,6,1.7407060545810729
3,2352,5,1.5803118127883793
3,2353,5,1.7228211749180322
3,2354,5,1.7615137030940162
3,2355,5,1.6188038944212573
3,2356,5,1.8052904492408928
3,2357,5,1.8224288636767096
3,2358,5,1.7021722467002873
3,2359,5,1.626157895450921
3,2360,5,1.514400079581676
3,2361,5,1.3762003898834054
3,2362,5,1.6700543862813335
3,2363,5,1.6393049745078954
3,2364,5,1.7540869069300378
3,2365,5,1.7066325827540387
3,2366,5,1.4510798771280218
3,2367,5,1.578243324249342
3,2368,5,1.738180649655293
3,2369,5,1.5359184843822584
3,2370,6,1.5957620201326828
3,2371,5,1.6357826697682305
3,2372,5,1.8206534015546274
3,2373,5,1.7163704024608242
3,2374,5,1.6889335386255455
3,2375,6,1.467579487987126
3,2376,6,1.4518931419944328
3,2377,5,1.1863362659600707
3,2378,5,1.4980294345429006
3,2379,5,1.6519056941164827
3,2380,5,1.4747439009426628
3,2381,5,1.4353463910372763
3,2382,5,1.4330961435662974
3,2383,5,1.3670039657165236
3,2384,5,1.319722306050481
3,2385,5,1.300279089066652
3,2386,5,1.4414513767173078
3,2387,5,1.2315240324107126
3,2388,5,1.253170272947839
3,2389,5,1.466330037843044
3,2390,5,1.375469421484154
3,2391,5,1.24695484312535
3,2392,5,1.0260557317694294
3,2393,5,1.351699294587894
3,2394,5,1.1743008688934822
3,2395,5,1.1463179966476256
3,2396,5,1.358477467899919
3,2397,5,1.4682028110149448
3,2398,5,1.4199363896030364
3,2399,5,1.3329574748910917
3,2400,5,1.3157454912615965
3,2401,5,1.303084115672577
3,2402,5,1.2431586166425115
3,2403,5,1.3712235785548414
3,2404,5,1.347733115259142
3,2405,5,1.210377176928926
3,2406,5,1.5707599506290904
3,2407,5,1.4601759276548982
3,2408,5,1.5081142747807905
3,2409,5,1.3463310808209328
3,2410,5,1.6240114114614408
3,2411,5,1.717813831111561
3,2412,6,1.7655189115568724
3,2413,6,1.6640346804978337
3,2414,6,1.3667984628582266
3,2415,6,1.430823982624787
3,2416,6,1.4592716235834442
3,2417,5,1.3058240097283158
3,2418,5,1.0617235731616477
3,2419,5,1.2955103711860492
3,2420,5,1.3227086011054823
3,2421,5,1.592943951620923
3,2422,5,1.386110541972002
3,2423,5,1.0993186463355267
3,2424,5,1.254585554291185
3,2425,5,1.0954808381837688
3,2426,5,1.4165436396639102
3,2427,5,1.4744093661758924
3,2428,5,1.3542056682377508
3,2429,5,1.348341639475
3,2430,5,1.3076257992998674
3,2431,5,1.1246761204480662
3,2432,5,1.1150381450231035
3,2433,5,1.1618051850249334
3,2434,5,1.2028836200663715
3,2435,5,1.20108862011024
3,2436,5,1.4484197414903885
3,2437,5,1.1581558352731527
3,2438,5,1.1906598241952886
3,2439,5,1.1104150691943486
3,2440,5,1.1988825080650898
3,2441,5,1.292893010254346
3,2442,5,1.4259936418778585
3,2443,5,1.388695663223677
3,2444,5,1.4854294166820479
3,2445,5,1.6707169309754435
3,2446,5,1.5407448066035578
3,2447,5,1.663693137725744
3,2448,5,1.8031335223224993
3,2449,5,1.6925337877766484
3,2450,5,1.5781796466466709
3,2451,5,1.7548517316085719
3,2452,5,2.0140680844381524
3,2453,5,1.8509696659065131
3,2454,5,1.7244839996829033
3,2455,5,1.7402323295448703
3,2456,5,1.7434650005998074
3,2457,5,1.8715413420003073
3,2458,5,1.8390162978491063
3,2459,5,1.5540105141681457
3,2460,5,1.6416341688823062
3,2461,5,1.5304170970639497
3,2462,5,1.7322214639956517
3,2463,5,1.6708081128943837
3,2464,5,1.866076894734439
3,2465,5,1.705252474803045
3,2466,5,1.5386119044665207
3,2467,5,1.639338438274823
3,2468,5,1.689083534141727
3,2469,5,1.6032721326906776
3,2470,5,1.3673375748092798
3,2471,5,1.2870510208449302
3,2472,6,1.431552403184841
3,2473,6,1.5632320635485741
3,2474,6,1.6127727978715205
3,2475,6,1.5194759571882028
3,2476,6,1.7490777070109798
3,2477,6,1.5076400745694598
3,2478,6,1.650548171832198
3,2479,6,1.64210391454455
3,2480,5,1.5791409614590082
3,2481,5,1.6791559145256643
3,2482,5,1.7186416641695095
3,2483,6,1.6938062838216443
3,2484,6,1.8858141257819558
3,2485,6,1.9704838254373285
3,2486,6,1.7546142451522186
3,2487,6,1.9076927982513325
3,2488,7,1.8764966172401145
3,2489,8,1.8813310867219482
3,2490,7,1.9965724532173326
3,2491,7,2.0523186283872805
3,2492,7,1.982816256533757
3,2493,7,1.7531713318219513
3,2494,6,1.9087797285462664
3,2495,6,1.8919949131079656
3,2496,6,2.1209589917197986
3,2497,6,1.8027056108715347
3,2498,5,1.7762640590198644
3,2499,5,1.5974785345787899
3,2500,5,1.4682713294788123
3,2501,5,1.2829589472854739
3,2502,5,1.2213367565042161
3,2503,5,1.407794948053124
3,2504,5,1.4072777260083704
3,2505,5,1.6027659421478937
3,2506,5,1.6004992509729798
3,2507,5,1.5222411343489526
3,2508,5,1.3850914300434685
3,2509,5,1.6902146215122769
3,2510,5,1.8022165199971063
3,2511,5,1.495944780897959
3,2512,5,1.667820723131796
3,2513,5,1.425577407021104
3,2514,5,1.54903684518262
3,2515,5,1.5798406777529967
3,2516,5,1.7679367470961682
3,2517,5,1.6451195903555234
3,2518,5,1.5973776413081247
3,2519,5,1.6350790642742488
3,2520,5,1.6468300354898413
3,2521,5,1.7892455589195877
3,2522,5,1.5734816713050344
3,2523,5,1.5529943953364893
3,2524,5,1.3000940930568619
3,2525,5,1.6675470766823133
3,2526,5,1.7748255646109508
3,2527,5,1.5889760502396295
3,2528,5,1.5698548944478588
3,2529,5,1.70191842054671
3,2530,5,1.6333065692789335
3,2531,5,1.6450811185730942
3,2532,5,1.4282914300345775
3,2533,5,1.4976150102656693
3,2534,5,1.425795026591941
3,2535,5,1.4741793365375981
3,2536,5,1.5350115194831289
3,2537,5,1.6038064423194731
3,2538,5,1.697964168217315
3,2539,5,1.618533642006303
3,2540,5,1.6197233891985885
3,2541,5,1.755171241030057
3,2542,5,1.6845799337244696
3,2543,5,1.7935274017501213
3,2544,5,1.416681644923678
3,2545,5,1.6282939864903665
3,2546,5,1.7943139081706407
3,2547,5,1.36090194523958
3,2548,5,1.6246366306641575
3,2549,5,1.6005551033835625
3,2550,5,1.4895199502025696
3,2551,5,1.7067034906139948
3,2552,5,1.598122835269768
3,2553,5,1.4893724677922822
3,2554,5,1.6860997418523458
3,2555,5,1.529971087592279
3,2556,5,1.5682740527716499
3,2557,5,1.6832423133543783
3,2558,6,1.5201895945967623
3,2559,6,1.5643321145003437
3,2560,6,1.7036681489858694
3,2561,7,1.7416179736656598
3,2562,7,1.667399760044904
3,2563,5,1.5778228913020507
3,2564,5,1.5876238097104318
3,2565,5,1.3873749732065974
3,2566,5,1.4638155647183297
3,2567,5,1.6345250108956177
3,2568,6,1.4804017422160598
3,2569,5,1.3422447233742663
3,2570,5,1.4489540405103125
3,2571,5,1.5545600368046348
3,2572,5,1.8050073397167825
3,2573,5,1.588280661795558
3,2574,5,1.71021273527953
3,2575,5,1.7261620590726805
3,2576,5,1.8251542698916725
3,2577,5,1.7315057171680506
3,2578,5,1.5859356626311487
3,2579,5,1.402004513426542
3,2580,5,1.3024912624112805
3,2581,5,1.4825829818353498
3,2582,5,1.7876843000227094
3,2583,5,1.696916523092629
3,2584,5,1.8022005291784646
3,2585,5,1.6280407233136471
3,2586,5,1.5414797575774681
3,2587,5,1.7515358357426267
3,2588,5,1.4370091836080183
3,2589,5,1.4927852207500405
3,2590,5,1.4672817206548112
3,2591,5,1.6221439256709775
3,2592,5,1.516372624963024
3,2593,5,1.7541056189418458
3,2594,5,1.7180696852014545
3,2595,5,1.6749779676875596
3,2596,5,1.5559171573332513
3,2597,5,1.4484758431852258
3,2598,5,1.3666565793655332
3,2599,5,1.4282138773986857
3,2600,5,1.4361459470188702
3,2601,5,1.535210621238015
3,2602,5,1.4436412680903183
3,2603,5,1.446484459489119
3,2604,5,1.865200031445597
3,2605,5,1.624771401555296
3,2606,5,1.7475466929866101
3,2607,5,1.5872697526762742
3,2608,5,1.5872697526762742
3,2609,5,1.4816742720291467
3,2610,5,1.4669406172562014
3,2611,6,1.7738769980416413
3,2612,7,1.9249008731973993
3,2613,6,1.5506998750847458
3,2614,6,1.4636226170467137
3,2615,6,1.5557542494521663
3,2616,6,1.4264032045036226
3,2617,6,1.7182092457133997
3,2618,6,1.5101894296657306
3,2619,5,1.4287894052033345
3,2620,5,1.5277750065312192
3,2621,5,1.397540489939861
3,2622,5,1.1755560420153106
3,2623,5,1.3747155263961215
3,2624,5,1.1783338659056146
3,2625,5,1.2055115989323943
3,2626,5,1.1456665059923816
3,2627,6,1.2868900044672333
3,2628,7,1.4789349476651807
3,2629,6,1.2857588648400933
3,2630,6,1.3318261825493165
3,2631,6,1.1813038496476378
3,2632,6,1.3064399708776597
3,2633,6,1.2611245720976054
3,2634,5,1.368880792929569
3,2635,5,1.6806156888550174
3,2636,5,1.613179366150495
3,2637,5,1.645548470924461
3,2638,5,1.366462224682536
3,2639,5,1.3721134422750425
3,2640,5,1.4973407169579964
3,2641,5,1.353761971180604
3,2642,5,1.399719397758434
3,2643,5,1.5727329505152943
3,2644,5,1.5430784371467574
3,2645,5,1.5666385057518841
3,2646,5,1.537425365054239
3,2647,5,1.7410974300388076
3,2648,5,1.628985031782976
3,2649,5,1.6153524536019992
3,2650,6,1.68226142742243
3,2651,6,1.6848749409890935
3,2652,5,1.546208035807985
3,2653,5,1.594420393082498
3,2654,5,1.6246360288953445
3,2655,5,1.6927918252494671
3,2656,5,1.57774034626047
3,2657,5,1.5401996509444418
3,2658,5,1.475545659275232
3,2659,5,1.6885214237175283
3,2660,5,1.3598055306907302
3,2661,5,1.292742695417381
3,2662,6,1.5628578630506285
3,2663,5,1.6986490945223691
3,2664,5,1.4989223077429674
3,2665,5,1.5419348141762086
3,2666,5,1.7700360569931868
3,2667,5,1.7368386817691288
3,2668,5,1.7956455340895388
3,2669,5,1.6101613463138529
3,2670,5,1.734629657333116
3,2671,5,1.6694035757710681
3,2672,6,1.6672369672251777
3,2673,6,1.8360869915232856
3,2674,6,1.9065282084061863
3,2675,5,1.7893951833121706
3,2676,5,1.6014054533787934
3,2677,5,1.6855055476164216
3,2678,5,1.6554575456361613
3,2679,5,1.6860335140661484
3,2680,5,1.5473218751409585
3,2681,5,1.603802026758319
3,2682,5,1.7526740504819682
3,2683,5,1.6894597182469884
3,2684,5,1.7299320191719074
3,2685,5,1.791546751252839
3,2686,5,1.718406531049514
3,2687,5,1.6229578549719088
3,2688,5,1.9623269385898299
3,2689,5,1.8815479192456266
3,2690,5,1.4752808000553528
3,2691,5,1.632870165112057
3,2692,5,1.6987182086325152
3,2693,5,1.566416054029447
3,2694,5,1.6864376405606087
3,2695,5,1.4207835451492574
3,2696,5,1.5526040159613315
3,2697,5,1.667129632459568
3,2698,5,1.9115162928449476
3,2699,5,1.8848996468327432
3,2700,5,1.6714237806638157
3,2701,5,1.5681305704269275
3,2702,5,1.5375482469143575
3,2703,6,1.7226425482421344
3,2704,5,1.7563493930937448
3,2705,5,1.7955909571663469
3,2706,5,1.6066156368078794
3,2707,5,1.7096842218847854
3,2708,5,1.6708921267557169
3,2709,5,1.5709723637562836
3,2710,5,1.4595294903127582
3,2711,5,1.4950772259114773
3,2712,5,1.7905873613765522
3,2713,5,1.7894134396183565
3,2714,5,1.5654799750816482
3,2715,5,1.4807443414458645
3,2716,5,1.5232084523511018
3,2717,5,2.065243832528491
3,2718,5,2.0485376477087467
3,2719,5,1.7666884613878358
3,2720,5,1.6781231806330972
3,2721,5,1.5320724283902654
3,2722,6,1.6119317655360277
3,2723,5,1.65936830694808
3,2724,5,1.4668485313425519
3,2725,5,1.5096592768541601
3,2726,5,1.6175400804974327
3,2727,5,1.5387357256456577
3,2728,5,1.5736419519272382
3,2729,5,1.5393500565649298
3,2730,5,1.3776839944023158
3,2731,5,1.4342394557162974
3,2732,5,1.4718130833050669
3,2733,5,1.4297712282683719
3,2734,5,1.696479270987754
3,2735,6,1.7130064328798142
3,2736,6,1.6857396312028152
3,2737,6,1.7609394281511896
3,2738,6,1.595489646054065
3,2739,6,1.4305321095396732
3,2740,6,1.718086840190253
3,2741,5,1.4156058475365367
3,2742,5,1.4462272421472084
3,2743,5,1.4950110827028316
3,2744,5,1.4101176929830443
3,2745,5,1.343701153911506
3,2746,5,1.6891272914918707
3,2747,5,1.7511864737263703
3,2748,5,1.7641811014890183
3,2749,5,1.536249697326074
3,2750,5,1.4383593392317229
3,2751,5,1.6379660026651965
3,2752,6,1.8074979038076382
3,2753,6,1.362254955415784
3,2754,6,1.457943720596623
3,2755,5,1.3929612703884393
3,2756,5,1.3051538313783357
3,2757,5,1.426237600536349
3,2758,5,1.300623329576153
3,2759,5,1.5155739357896403
3,2760,5,1.798692433710528
3,2761,5,1.4329014400048625
3,2762,5,1.3170429575511382
3,2763,5,1.356897519602028
3,2764,5,1.5812145028730944
3,2765,5,1.5516821667576384
3,2766,5,1.471754344655226
3,2767,5,1.7117049921173777
3,2768,5,1.3773171611371113
3,2769,5,1.6648125376196643
3,2770,5,1.7142254833593076
3,2771,5,1.6051986128862157
3,2772,5,1.7037671851781777
3,2773,5,1.7619546762010674
3,2774,5,1.6524633626621585
3,2775,5,1.5680559062720287
3,2776,5,1.3352189953292801
3,2777,5,1.5253732273031497
3,2778,5,1.643684749749716
3,2779,5,1.526486495101381
3,2780,5,1.6566519614273147
3,2781,5,1.5953282249049248
3,2782,5,1.658376993831106
3,2783,5,1.6012632917326397
3,2784,5,1.7188473368072685
3,2785,5,1.480148696035804
3,2786,5,1.4898824711685181
3,2787,5,1.6024458079641652
3,2788,5,1.9729801174965749
3,2789,5,1.758653532744776
3,2790,5,1.8221341110058238
3,2791,5,1.6476570282273921
3,2792,5,1.7590151340668827
3,2793,5,1.712009645760964
3,2794,5,1.813384619015356
3,2795,5,1.8820517266047236
3,2796,5,1.5433374073200707
3,2797,5,1.4933175347888508
3,2798,5,1.4560656030950931
3,2799,5,1.3673062808120564
3,2800,5,1.5372657023667573
3,2801,6,1.528220254218314
3,2802,5,1.4536642804499689
3,2803,5,1.2215534629663996
3,2804,5,1.4947963123452421
3,2805,5,1.5636791510058554
3,2806,5,1.5811806534259083
3,2807,5,1.626004884315413
3,2808,5,1.6178139114193355
3,2809,5,1.3592662941914844
3,2810,5,1.4157878062721467
3,2811,5,1.590410923032152
3,2812,5,1.454248368492323
3,2813,5,1.6789866423184012
3,2814,5,1.7398970431997371
3,2815,5,1.903325597134395
3,2816,5,1.62715439453458
3,2817,5,1.7340526646513683
3,2818,6,1.7621911716951697
3,2819,6,1.7421622311605414
3,2820,6,1.6549815613916845
3,2821,6,1.4908560995527984
3,2822,6,1.974980057017091
3,2823,6,1.5492737316616525
3,2824,5,1.4529462536325042
3,2825,5,1.4072033480390598
3,2826,5,1.5168284602372974
3,2827,5,1.6686931624326462
3,2828,5,1.7322350799810797
3,2829,5,1.5674982639639383
3,2830,5,1.6093774109305348
3,2831,5,1.5779507583283001
3,2832,5,1.6408153302391826
3,2833,5,1.2540304661835577
3,2834,5,1.4788186710539746
3,2835,5,1.3982552893539113
3,2836,5,1.2916012175616767
3,2837,5,1.622778692434204
3,2838,5,1.7199345563129995
3,2839,5,1.7967627081317987
3,2840,5,1.2846034741051584
3,2841,5,1.4603964681808015
3,2842,5,1.5918903085547988
3,2843,5,1.7066122389711413
3,2844,5,1.6318620341664003
3,2845,5,1.8922292181737461
3,2846,5,1.703375239193977
3,2847,5,1.7023338896542648
3,2848,5,1.2976495114988467
3,2849,5,1.6461750468621124
3,2850,5,1.5866982875776778
3,2851,5,1.4354808970485662
3,2852,5,1.7167330984758724
3,2853,5,1.5932491099740211
3,2854,5,1.6548072544200187
3,2855,5,1.6828860051252703
3,2856,5,1.5451125003032176
3,2857,5,1.5487502282118912
3,2858,5,1.444322213242852
3,2859,5,1.6598853908914863
3,2860,5,1.6900347032502112
3,2861,5,1.7171621302624271
3,2862,5,1.5352506772809162
3,2863,5,1.5469508710340887
3,2864,5,1.553830463326951
3,2865,5,1.3582252457498982
3,2866,5,1.494984532990936
3,2867,6,1.5086502688989052
3,2868,5,1.4631117386596033
3,2869,5,1.610581893526426
3,2870,5,1.6039005726817268
3,2871,5,1.5025862534090981
3,2872,5,1.5297529259652327
3,2873,5,1.5601318311309127
3,2874,5,1.4642349092602966
3,2875,5,1.2969638700316377
3,2876,6,1.4164468333750522
3,2877,5,1.3847188358575466
3,2878,5,1.3307549660455606
3,2879,5,1.2864374569623358
3,2880,5,1.4522636701541911
3,2881,5,1.4302674187394189
3,2882,5,1.372822785453459
3,2883,5,1.3666822020647338
3,2884,5,1.3666822020647338
3,2885,5,1.2253110724355922
3,2886,5,1.3636282215120836
3,2887,5,1.4194187687062794
3,2888,5,1.4158909029335316
3,2889,5,1.605786262414548
3,2890,5,1.5207431502254085
3,2891,5,1.2809649014112603
3,2892,5,1.3647621944202735
3,2893,5,1.314976512629344
3,2894,5,1.278796634285007
3,2895,5,1.4660098277688105
3,2896,5,1.5337972805798685
3,2897,5,1.429021472968686
3,2898,5,1.4962818366258812
3,2899,5,1.6293050348237141
3,2900,5,1.5958395191155375
3,2901,5,1.7433033761929462
3,2902,6,1.849099087181143
3,2903,6,1.5188332892836902
3,2904,6,1.6338849647213256
3,2905,6,1.719609610669484
3,2906,6,1.7946172873435677
3,2907,6,1.9557176821034794
3,2908,6,1.9793938543159202
3,2909,6,1.8500099005434207
3,2910,6,1.9562989801957587
3,2911,6,1.9879633526562568
3,2912,7,1.8920118285497214
3,2913,6,1.8475811785906076
3,2914,6,1.8517800361725176
3,2915,6,1.7941747324422304
3,2916,6,1.7840703836526264
3,2917,6,1.8718613819614487
3,2918,6,1.8009619866762363
3,2919,6,1.6774831472285725
3,2920,6,1.7371477722800792
3,2921,6,1.7583172263093374
3,2922,7,1.8381939160241019
3,2923,6,1.8745313337865905
3,2924,6,1.735078077994356
3,2925,6,1.7777197962707212
3,2926,6,1.4988697815251246
3,2927,6,1.5279090582101498
3,2928,6,1.675012314519758
3,2929,6,1.649766829460665
3,2930,6,1.7596176425158978
3,2931,5,1.8209305616589502
3,2932,5,1.7562409947841937
3,2933,7,2.0441633759632287
3,2934,7,1.9600564386611463
3,2935,6,1.7393133773766056
3,2936,6,1.823682379270256
3,2937,6,1.7241806886185609
3,2938,6,1.6304673900466935
3,2939,6,1.959800990311165
3,2940,6,1.9153064215492304
3,2941,6,1.8558113006831025
3,2942,6,1.9646992850600724
3,2943,6,1.9969845921858855
3,2944,6,1.9833870927330794
3,2945,6,1.8894522018799735
3,2946,6,2.043502989325797
3,2947,5,1.818372799786614
3,2948,5,1.7682791101791637
3,2949,5,1.655324512307506
3,2950,5,1.6013553082713283
3,2951,5,1.6375921414038404
3,2952,5,1.643731752060679
3,2953,5,1.5591378032695666
3,2954,5,1.4667357494989313
3,2955,5,1.5695594484110242
3,2956,5,1.513635161534181
3,2957,5,1.5564934281732143
3,2958,5,1.4128582712197542
3,2959,5,1.4896121221218896
3,2960,5,1.4539817668503074
3,2961,5,1.5897206973354088
3,2962,5,1.3860128500010473
3,2963,5,1.631753218732134
3,2964,5,1.6860795877310109
3,2965,5,1.5488528520417812
3,2966,5,1.3871148031422518
3,2967,5,1.6006144073637287
3,2968,5,1.5718957486429104
3,2969,5,1.5844601606467412
3,2970,5,1.603893958159543
3,2971,5,1.6434570814415252
3,2972,5,1.7706415352164142
3,2973,5,1.8904770084187126
3,2974,5,1.7308609000438318
3,2975,5,1.5597665803114644
3,2976,5,1.5336596047963917
3,2977,5,1.3904986030949984
3,2978,5,1.3835552151003787
3,2979,5,1.4112546321968882
3,2980,5,1.1679304995739836
3,2981,5,1.3108027352591605
3,2982,5,1.4909317469674432
3,2983,5,1.7223581928383194
3,2984,5,1.80406594055636
3,2985,5,1.3891783541664027
3,2986,5,1.145239588682438
3,2987,5,0.998974587254315
3,2988,5,1.3015139727189542
3,2989,5,1.358219679607798
3,2990,5,1.2326418223947582
3,2991,5,1.4995258224307877
3,2992,5,1.5888382297100607
3,2993,5,1.2556209087219492
3,2994,5,1.3476829802496444
3,2995,5,1.1510938516571851
3,2996,5,1.4102674708511773
3,2997,5,1.3457154583728617
3,2998,5,1.441751016309408
3,2999,5,1.2822011854728754
3,3000,5,1.6301678056398328
3,3001,5,1.6892801658221854
3,3002,5,1.8351169611653457
3,3003,5,1.6230371249797546
3,3004,5,1.581583070202003
3,3005,5,1.5072417033414385
3,3006,5,1.4203329742824309
3,3007,5,1.6199814440899578
3,3008,5,1.5997426509368644
3,3009,5,1.5735159551711035
3,3010,5,1.7519140526918915
3,3011,5,1.7468221916394078
3,3012,5,1.24381604648354
3,3013,5,1.6714192597147073
3,3014,6,1.763100140483553
3,3015,5,1.9003323779408823
3,3016,5,1.9393661744403001
3,3017,5,1.991144032790983
3,3018,5,1.7917676273751995
3,3019,5,1.8708381102834801
3,3020,5,1.7970600757788397
3,3021,5,1.6257781253123484
3,3022,5,1.6634067677268916
3,3023,5,1.4552493387169343
3,3024,5,1.5417560426208645
3,3025,5,1.4632366258920215
3,3026,5,1.483333841383208
3,3027,5,1.554925937883
3,3028,5,1.5497109674185472
3,3029,5,1.677982403645247
3,3030,5,1.7240171285541002
3,3031,5,1.8059565714446801
3,3032,5,1.5271886073797534
3,3033,5,1.5213749451568637
3,3034,5,1.8441858962500857
3,3035,5,1.4872546414840002
3,3036,5,1.482591916249735
3,3037,5,1.4761878345823494
3,3038,5,1.5392077760402771
3,3039,5,1.641923394842709
3,3040,5,1.5769628367203166
3,3041,5,1.5810142015135593
3,3042,5,1.6048577754222917
3,3043,5,1.4605638205901368
3,3044,5,1.7184931051336632
3,3045,5,1.8114839162626684
3,3046,5,1.9067572547335812
3,3047,5,1.4673447202428758
3,3048,5,1.566491459226509
3,3049,5,1.7434420118787521
3,3050,5,1.5479154858953836
3,3051,5,1.5949054796993667
3,3052,5,1.7382239779649176
3,3053,5,1.595537190157923
3,3054,5,1.5038552066904796
3,3055,5,1.5662705260762397
3,3056,5,1.6370520825878487
3,3057,5,1.4440556702567786
3,3058,5,1.392664327186071
3,3059,5,1.4153657307897447
3,3060,5,1.4055424594922874
3,3061,5,1.4967143238618057
3,3062,5,1.4698749105616455
3,3063,5,1.5476063391793642
3,3064,5,1.6769696302856842
3,3065,5,1.3983666047296155
3,3066,5,1.4737065469777737
3,3067,5,1.454414604440342
3,3068,5,1.5424531685486667
3,3069,5,1.5807437988420672
3,3070,5,1.550659778734282
3,3071,5,1.489589574311072
3,3072,5,1.4477224761004637
3,3073,5,1.580859177753338
3,3074,5,1.4921352567673005
3,3075,5,1.4748110036292283
3,3076,6,1.5717675635143262
3,3077,6,1.5355406521029948
3,3078,6,1.595321338916723
3,3079,7,1.6144352927584
3,3080,7,1.6839922801717848
3,3081,6,1.7840457930007303
3,3082,6,1.7489883023707158
3,3083,5,1.5546292868771219
3,3084,5,1.619976779807172
3,3085,5,1.5306078354939299
3,3086,5,1.6965414308367022
3,3087,5,1.7697462961761397
3,3088,5,1.5601179979402109
3,3089,5,1.7159487607843693
3,3090,5,1.8461651486018913
3,3091,5,1.6114951242706814
3,3092,5,1.7620614682947426
3,3093,5,1.6569689961684988
3,3094,5,1.698757453380355
3,3095,5,1.6596119066743422
3,3096,5,1.642319038868747
3,3097,5,1.7268214119673493
3,3098,5,1.8508372115377236
3,3099,5,1.7025427991984516
3,3100,5,1.558145141452901
3,3101,5,1.782466255257427
3,3102,5,1.6402146704920648
3,3103,5,1.7934091604442384
3,3104,5,1.5153886615833456
3,3105,5,1.6127523031523276
3,3106,5,1.6792621873871694
3,3107,5,1.5313681172881624
3,3108,5,1.6704616315983873
3,3109,6,1.5441290518620643
3,3110,5,1.652518826069724
3,3111,5,1.786465537694781
3,3112,5,1.6340378260002408
3,3113,5,1.6787765085226418
3,3114,5,1.724630821944754
3,3115,5,1.6248685326051833
3,3116,5,1.7295620858128444
3,3117,5,1.4914255106106902
3,3118,5,1.5449073839344627
3,3119,5,1.5254297131668983
3,3120,5,1.5027567233573929
3,3121,5,1.5253945097177715
3,3122,5,1.6398609072352
3,3123,5,1.7060716716674222
3,3124,5,1.7449711692956855
3,3125,5,1.7137037115504206
3,3126,5,1.7772150728161429
3,3127,5,1.895806940877618
3,3128,5,1.6335262805056132
3,3129,5,1.8236765990989343
3,3130,5,1.5069596001836967
3,3131,5,1.5978541494190752
3,3132,5,1.7648189183858825
3,3133,6,1.6210369056108114
3,3134,5,1.735823538303189
3,3135,5,1.7549154047245996
3,3136,5,1.6706264732933738
3,3137,5,1.7983477363099638
3,3138,5,1.5857184299721112
3,3139,5,1.790593961572437
3,3140,5,1.8237270008140607
3,3141,5,1.8142172834150347
3,3142,5,1.557414101268085
3,3143,5,1.8174921768271721
3,3144,5,1.9468293963801218
3,3145,5,1.978134014981236
3,3146,5,1.707857546245147
3,3147,5,1.7998005259495287
3,3148,5,1.9042635865274296
3,3149,5,1.7806687299543906
3,3150,5,1.6956998370827985
3,3151,5,1.6433530657009716
3,3152,5,1.608095746283841
3,3153,5,1.5090741154062024
3,3154,5,1.4428251697928083
3,3155,5,1.3149230367990823
3,3156,5,1.4491689336769307
3,3157,5,1.635236282437491
3,3158,5,1.6038428609689612
3,3159,5,1.8559741554795397
3,3160,5,1.5180887199932442
3,3161,5,1.4527000834392831
3,3162,5,1.66112129688484
3,3163,5,1.7230857977974163
3,3164,5,1.6720668731190798
3,3165,5,1.8974289795491983
3,3166,5,1.7730089368552098
3,3167,5,1.67463380970037
3,3168,5,1.6170647916778789
3,3169,5,1.5972352166965536
3,3170,5,1.8178628568986426
3,3171,6,1.9147036477629467
3,3172,5,1.9869834121082404
3,3173,5,1.8633703198348397
3,3174,5,1.788934377317787
3,3175,5,1.8039982934355234
3,3176,5,1.8191234657664839
3,3177,5,1.6344575101865635
3,3178,5,1.972935311335509
3,3179,5,1.7245700689367336
3,3180,5,1.7565207808768362
3,3181,5,1.6443932428756551
3,3182,5,1.563973097111007
3,3183,5,1.671333821514093
3,3184,5,1.7011562742346324
3,3185,5,1.632624539459297
3,3186,5,1.82331933445775
3,3187,5,1.910041395960314
3,3188,5,1.8589996543740388
3,3189,5,1.79512632776854
3,3190,5,1.654970324174267
3,3191,5,1.5189414825390957
3,3192,5,1.5217846900751906
3,3193,5,1.761602721329952
3,3194,5,1.663725996615324
3,3195,5,1.4948489836236916
3,3196,5,1.6170684356435245
3,3197,5,1.324124745194183
3,3198,5,1.0571397300756504
3,3199,5,1.26930299337715
3,3200,5,1.4870014697009988
3,3201,5,1.495080621329786
3,3202,5,1.3289745942240234
3,3203,5,1.5832438677349807
3,3204,5,1.5064382167504533
3,3205,5,1.107777141256237
3,3206,5,1.3908455341170831
3,3207,5,1.4095005379355916
3,3208,5,1.3321859757851828
3,3209,5,1.4547246183833606
3,3210,5,1.2964769099521716
3,3211,5,1.2528919903224045
3,3212,5,1.2192802177244433
3,3213,5,0.9297264535463716
3,3214,5,1.2235516917522102
3,3215,5,0.9789392392173832
3,3216,5,1.228556909629249
3,3217,5,1.306159603231135
3,3218,5,1.1685097476290647
3,3219,5,1.6634492418795923
3,3220,6,1.7982772541707246
3,3221,6,1.5695462873747736
3,3222,5,1.5102057748238118
3,3223,5,1.7841784485252612
3,3224,5,1.6911273595840512
3,3225,5,1.5647791288973862
3,3226,5,1.4005956146179375
3,3227,5,1.5284896731842768
3,3228,5,1.7103822567214224
3,3229,5,1.764309942668755
3,3230,5,1.5949583360956185
3,3231,5,1.418471429556254
3,3232,5,1.5108416018994508
3,3233,5,1.3465712070134628
3,3234,5,1.527699282967803
3,3235,5,1.4636444642804856
3,3236,5,1.52278966465241
3,3237,5,1.6145796187523906
3,3238,5,1.556015310301408
3,3239,5,1.4512681891164507
3,3240,5,1.2779018088539775
3,3241,5,1.3142873472514927
3,3242,5,1.3126970697413496
3,3243,5,1.7105576806234914
3,3244,5,1.7121589613476758
3,3245,5,1.8278404691662957
3,3246,5,1.6265313864108597
3,3247,5,1.7136211436036297
3,3248,6,1.813005176620167
3,3249,5,1.780875636455188
3,3250,5,1.610765141009697
3,3251,5,1.6779733920074769
3,3252,6,1.9539980213443036
3,3253,6,2.139242636385787
3,3254,6,2.101650977194166
3,3255,6,2.0388196072128144
3,3256,6,1.948709742950316
3,3257,6,1.6388859826361482
3,3258,6,1.7257672080081452
3,3259,6,1.7684314055130375
3,3260,6,1.8768156539778151
3,3261,6,1.777648955770358
3,3262,6,1.7893667716266193
3,3263,6,1.569605551234675
3,3264,6,2.0321342306232353
3,3265,6,1.7952689010885496
3,3266,6,1.7835540209004135
3,3267,6,1.8969579546063637
3,3268,6,1.833978468329907
3,3269,6,1.83075675200535
3,3270,5,1.6111621326047403
3,3271,5,1.5936211013916362
3,3272,5,1.6045977403551466
3,3273,5,1.4403417631894309
3,3274,5,1.6116601156145762
3,3275,5,1.6877984926706993
3,3276,5,1.7206813929121836
3,3277,5,1.6189477765851805
3,3278,5,1.2736784997457367
3,3279,5,1.5358311882572977
3,3280,5,1.4705704148323875
3,3281,5,1.5230145573310736
3,3282,6,1.6687789425019925
3,3283,6,1.7524886912132964
3,3284,6,1.4975109654050085
3,3285,6,1.835041833610588
3,3286,6,1.9137397615535745
3,3287,7,1.9860756631780538
3,3288,6,1.8736056926676352
3,3289,5,1.7711309452439217
3,3290,5,1.7624943549502938
3,3291,5,1.7895083982662454
3,3292,5,1.9083204552810642
3,3293,5,1.825855234732766
3,3294,5,1.8382706848569867
3,3295,5,1.9471370968061485
3,3296,5,1.7118459794015513
3,3297,5,1.7019838904686084
3,3298,5,1.765190275011054
3,3299,5,1.8693881149547118
3,3300,5,1.8173531805530216
3,3301,5,1.5236201649517112
3,3302,5,1.8080758546238007
3,3303,5,1.929859974885039
3,3304,5,1.8884082191248681
3,3305,5,1.9299750909276567
3,3306,5,1.6915890324112328
3,3307,5,1.970615284978463
3,3308,5,1.91030841865016
3,3309,5,1.7126025309947184
3,3310,5,1.4101997460073434
3,3311,5,1.6869434542451365
3,3312,5,1.5294868036543199
3,3313,5,1.4348991642455302
3,3314,5,1.5554031461632927
3,3315,5,1.486380819661116
3,3316,5,1.5473715362009757
3,3317,5,1.2013944951161992
3,3318,5,1.4315493852383865
3,3319,5,1.381211344894517
3,3320,5,1.5119020687155116
3,3321,5,1.4492563928672118
3,3322,5,1.304522456265576
3,3323,5,1.4026462338118582
3,3324,5,1.3618531045638878
3,3325,5,1.3739338968414474
3,3326,5,1.4111505808428295
3,3327,5,1.55658179858204
3,3328,5,1.6127174466874594
3,3329,5,1.720026741770476
3,3330,6,1.5148750006249023
3,3331,5,1.4952267760614166
3,3332,5,1.8488285634451591
3,3333,5,1.8776217791223937
3,3334,7,2.0176536469233657
3,3335,7,2.0208994708731467
3,3336,7,2.1052186239663113
3,3337,7,1.7048910465081777
3,3338,6,1.7204832084569128
3,3339,6,1.752254851224821
3,3340,6,1.8020286372488958
3,3341,6,1.9113391589217361
3,3342,6,1.6199329692972926
3,3343,6,1.858298536633625
3,3344,6,1.6844653679981167
3,3345,5,1.6480939867625546
3,3346,5,1.560041673155863
3,3347,5,1.6277277910921049
3,3348,5,1.1593353130048527
3,3349,5,1.1454122988237576
3,3350,5,1.065664143732433
3,3351,5,1.064346124546502
3,3352,5,1.0022166228935876
3,3353,5,1.2726024796369604
3,3354,5,1.4486792488529803
3,3355,5,1.310809012593198
3,3356,5,1.420385873431277
3,3357,5,1.6573755217867796
3,3358,5,1.2482683053876786
3,3359,5,1.4505950517136248
3,3360,5,1.4556390501354235
3,3361,5,1.682339847434465
3,3362,5,1.8258801262437587
3,3363,5,1.6463607487259173
3,3364,5,1.7074319529729118
3,3365,5,1.6656989869690002
3,3366,5,1.574731557390749
3,3367,5,1.4276228585760657
3,3368,5,1.4285482750460878
3,3369,5,1.7191078540356513
3,3370,5,1.755960206054275
3,3371,5,1.7161899754277643
3,3372,5,1.6970293254179403
3,3373,5,1.5519824746249529
3,3374,5,1.6199869791287984
3,3375,5,1.5528586792937316
3,3376,6,1.6880134008421561
3,3377,7,1.4668922534731053
3,3378,7,1.6242230818831755
3,3379,5,1.2867353464708766
3,3380,5,1.3597019126915004
3,3381,5,1.3873453550789066
3,3382,5,1.4974366801426768
3,3383,5,1.69433701684875
3,3384,5,1.373982035274024
3,3385,5,1.58331145516508
3,3386,5,1.3932415307147221
3,3387,5,1.5204100738883763
3,3388,5,1.4967465994276727
3,3389,5,1.565540689898035
3,3390,5,1.3307518844621926
3,3391,5,1.3255776259755514
3,3392,5,1.3753450314803177
3,3393,5,1.7241688674600972
3,3394,5,1.4338945352554404
3,3395,5,1.319551709603366
3,3396,5,1.4294801358983515
3,3397,6,1.4163464175426035
3,3398,5,1.203450442953438
3,3399,5,1.3291703540846642
3,3400,5,1.309777862308874
3,3401,5,1.2451734548976967
3,3402,5,1.5217068312289745
3,3403,5,1.3720670412492129
3,3404,5,1.3239945807432818
3,3405,6,1.3308169109975707
3,3406,6,1.4422546955081277
3,3407,6,1.6711058473808675
3,3408,6,1.4524569102410227
3,3409,5,1.3511577668449983
3,3410,5,1.626803609795732
3,3411,5,1.4084035039395868
3,3412,5,1.6442371948535328
3,3413,5,1.7205054667765207
3,3414,5,1.824458995146351
3,3415,5,1.6167995707488467
3,3416,5,1.7777879611285536
3,3417,5,1.8553603015122646
3,3418,5,1.779589198652002
3,3419,5,1.7645511086847558
3,3420,6,1.7682431230180753
3,3421,6,1.946874188125257
3,3422,5,1.9509352108008837
3,3423,5,1.7899948426406143
3,3424,5,1.8156719461874888
3,3425,5,1.992999971651853
3,3426,5,1.895677922805643
3,3427,5,1.8054461867303644
3,3428,5,1.7656411318995664
3,3429,5,1.4971141455476058
3,3430,5,1.551937619602123
3,3431,5,1.4955200614879551
3,3432,5,1.3517075116091868
3,3433,5,1.3102886064426498
3,3434,5,1.5286824096795812
3,3435,5,1.358425228793131
3,3436,5,1.4255721528886331
3,3437,5,1.432262138386844
3,3438,5,1.4678941897861715
3,3439,5,1.2327969611129945
3,3440,5,1.196323924714494
3,3441,5,1.2748586738055887
3,3442,5,1.308369377932674
3,3443,5,1.4853611832864262
3,3444,5,1.6425612434601664
3,3445,5,1.4443858527821494
3,3446,5,1.4599800147069129
3,3447,5,1.4921995824719807
3,3448,5,1.494783638006926
3,3449,5,1.4588062374353044
3,3450,5,1.595107056002628
3,3451,5,1.6357220083828943
3,3452,6,1.5001022021954982
3,3453,6,1.6874848741823736
3,3454,6,1.759337037224717
3,3455,6,1.8556991721939196
3,3456,7,2.071181552617643
3,3457,7,1.7541315023435442
3,3458,7,1.731123760125329
3,3459,7,1.9042700992355526
3,3460,6,1.6167614654345428
3,3461,6,1.9799460214312878
3,3462,7,2.0520195066712734
3,3463,6,2.0405258956688495
3,3464,6,2.0963807154887104
3,3465,6,2.249916271417156
3,3466,6,2.094390594152604
3,3467,6,1.7501255569604406
3,3468,6,2.036380887474025
3,3469,7,2.293821450979056
3,3470,7,2.064209098881509
3,3471,7,2.0467936178509074
3,3472,7,2.080077524151752
3,3473,6,1.8107011463676113
3,3474,6,1.9220451168837123
3,3475,6,1.6044253337457648
3,3476,6,1.7303208373925107
3,3477,6,1.6606763610934037
3,3478,6,1.2865225855272464
3,3479,6,1.5037901990376676
3,3480,5,1.6135699153933691
3,3481,5,1.6697560218987695
3,3482,5,1.5779689649382918
3,3483,5,1.5330138711056627
3,3484,5,1.567578440687666
3,3485,5,1.6076742745386041
3,3486,5,1.4496377802626634
3,3487,5,1.3417325403382359
3,3488,5,1.5851045444629386
3,3489,5,1.6002044730704519
3,3490,5,1.586419133984057
3,3491,5,1.5586373661292159
3,3492,5,1.5329512052220435
3,3493,5,1.389907871806292
3,3494,5,1.6764319309378077
3,3495,5,1.7097300062528697
3,3496,5,1.771404046138417
3,3497,5,1.9503956811336995
3,3498,5,1.9636099307004713
3,3499,5,1.6071082436276565
3,3500,5,1.571923008651698
3,3501,5,1.4714942944819875
3,3502,5,1.7066549020717616
3,3503,5,1.638890371214309
3,3504,5,1.6973685657883029
3,3505,5,1.6878526494467376
3,3506,5,1.703296001463774
3,3507,5,1.7794066036593157
3,3508,5,1.803691397580328
3,3509,5,1.4313007073512605
3,3510,5,1.3711030257175905
3,3511,5,1.5605974456684764
3,3512,5,1.3853703153828172
3,3513,5,1.5125744268712884
3,3514,5,1.6489701261091527
3,3515,5,1.1262182684368476
3,3516,5,1.2880548932531015
3,3517,5,1.3379499387696372
3,3518,5,1.3079542171998835
3,3519,5,1.5702996494930548
3,3520,5,1.5711313616580065
3,3521,5,1.6368133696552354
3,3522,5,1.6836493254107405
3,3523,5,1.6192811372546352
3,3524,5,1.454776382408813
3,3525,5,1.7527194630732121
3,3526,5,1.7131287610470043
3,3527,5,1.6301083134210894
3,3528,5,1.6094880684673614
3,3529,5,1.5637490105433764
3,3530,5,1.2492552026390094
3,3531,5,1.6223479366603568
3,3532,5,1.3386405624812743
3,3533,5,1.4539065827636604
3,3534,5,1.2122011675245616
3,3535,5,1.3542541754984097
3,3536,5,1.4092240624912193
3,3537,5,1.3580188970886091
3,3538,5,1.2660501502270582
3,3539,5,1.3302144092636978
3,3540,5,1.304114707065493
3,3541,5,1.197504497202094
3,3542,5,1.0993983309482962
3,3543,5,1.1704876321873035
3,3544,5,0.9255484315623907
3,3545,5,1.0930087987719133
3,3546,5,1.19169869642898
3,3547,5,1.2356429249625598
3,3548,5,1.2783372687054158
3,3549,5,1.236387492669651
3,3550,5,1.2492361905446305
3,3551,5,1.2077560833616836
3,3552,5,1.2316877316022246
3,3553,5,1.2998701244575557
3,3554,5,1.3675714697170376
3,3555,5,1.3066953837999922
3,3556,5,1.4116694564312322
3,3557,5,1.4134517102006168
3,3558,5,1.085758022709863
3,3559,5,1.577555370345351
3,3560,5,1.3514412151114739
3,3561,5,1.6044874486204201
3,3562,5,1.6133506754970388
3,3563,5,1.621062065531135
3,3564,5,1.6516780965249005
3,3565,5,1.6157574579923684
3,3566,5,1.6045145405409267
3,3567,5,1.568661358316838
3,3568,5,1.6041953977303334
3,3569,5,1.671784664475061
3,3570,5,1.577201665342049
3,3571,5,1.726746131318479
3,3572,5,1.4562260556473632
3,3573,5,1.4032941600356805
3,3574,5,1.6792694574293234
3,3575,5,1.4971751605690011
3,3576,5,1.343626262253169
3,3577,5,1.211641132444865
3,3578,5,1.3734703659523326
3,3579,6,1.4497520383284757
3,3580,5,1.3866158328076095
3,3581,5,1.5311012965088397
3,3582,5,1.4022162876349236
3,3583,5,1.4039284039126319
3,3584,5,1.2840358867029167
3,3585,5,1.4738320837436771
3,3586,5,1.4246747552946042
3,3587,6,1.544854456748201
3,3588,5,1.4794532200820214
3,3589,5,1.6452606551722493
3,3590,5,1.6132842581867237
3,3591,5,1.4642231270236072
3,3592,5,1.560382064262912
3,3593,5,1.589605368126409
3,3594,5,1.5872256020854647
3,3595,6,1.6429877149155594
3,3596,6,1.6744400047424923
3,3597,5,1.7935051280924212
3,3598,5,1.6625094636225772
3,3599,5,1.7513906046424212
3,3600,5,1.8241001780535444
3,3601,5,1.687809155206228
3,3602,5,1.5641497321499154
3,3603,5,1.6530878551999093
3,3604,5,1.4799770638593595
3,3605,5,1.3933196774694312
3,3606,5,1.5131092551778376
3,3607,5,1.6119596868753865
3,3608,5,1.7390684099498244
3,3609,5,1.6420979753723803
3,3610,5,1.650939192518857
3,3611,5,1.42381557430082
3,3612,5,1.4418288378160202
3,3613,5,1.488726199310784
3,3614,5,1.4249705216115753
3,3615,5,1.480845920408457
3,3616,5,1.4210819794818885
3,3617,5,1.5297012696009307
3,3618,5,1.3732321476036802
3,3619,5,1.5562303733688987
3,3620,5,1.4462010482146552
3,3621,6,1.5003249292691034
3,3622,5,1.5353133473928682
3,3623,5,1.5082659444246844
3,3624,5,1.249176495025294
3,3625,5,1.6712887011211506
3,3626,5,1.540649970570843
3,3627,5,1.5403064919456284
3,3628,5,1.571596344624591
3,3629,5,1.4665658167057272
3,3630,5,1.7723142587077612
3,3631,5,1.712797289267669
3,3632,5,1.7185923912078205
3,3633,5,1.8638429763671533
3,3634,5,1.6240638848312754
3,3635,5,1.6115075645692793
3,3636,5,1.7601510988438234
3,3637,5,1.5785534354698458
3,3638,5,1.710543981308006
3,3639,5,1.758097411568198
3,3640,5,1.505488032307456
3,3641,5,1.5048470960955642
3,3642,5,1.4384080760196678
3,3643,5,1.6459698910619402
3,3644,5,1.5659395559769846
3,3645,5,1.6519206502941306
3,3646,5,1.470350864247024
3,3647,6,1.7692349014080881
3,3648,5,1.6468608120090478
3,3649,5,1.8511029571166033
3,3650,5,1.7877188673653293
3,3651,5,1.77171963639519
3,3652,5,1.7341316677435064
3,3653,5,1.5241345895948228
3,3654,5,1.3355704332128795
3,3655,5,1.619010745671528
3,3656,5,1.4263661655764004
3,3657,5,1.355692908142994
3,3658,5,1.3576754132958042
3,3659,5,1.4789510338778848
3,3660,5,1.6619715583280237
3,3661,5,1.6490161912949644
3,3662,5,1.756516284758205
3,3663,5,1.6133787211923343
3,3664,5,1.554297664582934
3,3665,7,1.5032117031602743
3,3666,6,1.6887481883266027
3,3667,5,1.6272636617487661
3,3668,5,1.5360073524415343
3,3669,5,1.5730766233233489
3,3670,5,1.6062369678487705
3,3671,5,1.4283953222265984
3,3672,5,1.471276396758932
3,3673,5,1.881384744723332
3,3674,5,1.6134003643382848
3,3675,5,1.7231736220276717
3,3676,5,1.4806063578081599
3,3677,5,1.8863851640405294
3,3678,5,1.8272504574061408
3,3679,5,1.8809261370663926
3,3680,5,1.7703296722381432
3,3681,5,1.7569374540826281
3,3682,5,1.7366054502287174
3,3683,5,1.52751309747197
3,3684,5,1.51008888317067
3,3685,5,1.551983992078497
3,3686,5,1.484881632652356
3,3687,5,1.428807294125149
3,3688,5,1.4516467984116748
3,3689,5,1.5298578421922917
3,3690,5,1.5289152251803766
3,3691,5,1.7291342782750934
3,3692,5,1.5025609072346193
3,3693,5,1.584495903896165
3,3694,5,1.5502215692293104
3,3695,5,1.3736898577417058
3,3696,5,1.675010145023248
3,3697,6,1.7972900675323538
3,3698,6,1.862478332171773
3,3699,6,1.6455977250322622
3,3700,6,1.7260202333459929
3,3701,6,1.4126681208121785
3,3702,5,1.3123512607707246
3,3703,5,1.1346831149564394
3,3704,5,1.3297626285299513
3,3705,5,1.177311584771144
3,3706,5,1.523379258209375
3,3707,5,1.4602885364287244
3,3708,5,1.615614914429445
3,3709,5,1.6489060530392305
3,3710,5,1.541091890071622
3,3711,5,1.7014889233276511
3,3712,5,1.6593423204391686
3,3713,5,1.8372553687271411
3,3714,5,1.491897574203838
3,3715,5,1.7321299816235052
3,3716,5,1.559721209553385
3,3717,5,1.5584591529658982
3,3718,5,1.49820872384422
3,3719,6,1.4335421483697557
3,3720,6,1.265938018040262
3,3721,6,1.6567387600253518
3,3722,6,1.607522915651109
3,3723,6,1.8025633646773578
3,3724,6,1.5518714386159997
3,3725,6,1.6714859020638144
3,3726,6,1.7695687489049843
3,3727,6,1.7394570380650571
3,3728,6,1.6673780800977802
3,3729,6,1.5774548542327538
3,3730,5,1.7192321738817915
3,3731,5,1.7826395979326692
3,3732,5,1.6438484280350636
3,3733,5,1.522157362690229
3,3734,5,1.6816111082982586
3,3735,5,1.6418175184674921
3,3736,5,1.739916608713941
3,3737,6,1.6015832269802202
3,3738,6,1.6946367411472067
3,3739,6,1.7106361724713763
3,3740,6,1.6960932679359964
3,3741,5,1.4850801016668287
3,3742,5,1.6861886214633985
3,3743,5,1.708113929244901
3,3744,5,1.9100505385240445
3,3745,5,1.4325345031175494
3,3746,5,1.126028574655325
3,3747,5,1.3508913153465607
3,3748,5,1.5291251869600888
3,3749,5,1.4671637522347876
3,3750,5,1.3810395647953566
3,3751,5,1.4569864111593125
3,3752,5,1.4850211043087675
3,3753,5,1.3244642228919794
3,3754,5,1.539381226851134
3,3755,5,1.5733636534395892
3,3756,5,1.4596522251350281
3,3757,5,1.5557348716660941
3,3758,5,1.6281371184033464
3,3759,5,1.5865743270857906
3,3760,5,1.7402346003903086
3,3761,5,1.8337409137298986
3,3762,5,1.5719416371549517
3,3763,5,1.828721737037334
3,3764,5,2.032166882337328
3,3765,5,1.80253017662017
3,3766,5,1.6913509210116993
3,3767,5,1.6492332913282861
3,3768,6,1.866503381805154
3,3769,6,1.9047447679565344
3,3770,6,1.7206156708957439
3,3771,6,1.651673808796093
3,3772,5,1.633491091857092
3,3773,5,1.5799641389114107
3,3774,5,1.864948005105807
3,3775,5,1.7793913436671085
3,3776,5,1.7480021629432763
3,3777,5,2.0039217591056433
3,3778,5,1.7532621508451243
3,3779,5,1.615568286616507
3,3780,6,1.662642348235849
3,3781,5,1.3900069387889227
3,3782,5,1.7211089168884555
3,3783,5,1.509053745442615
3,3784,6,1.5573945502330275
3,3785,6,1.5918241831545967
3,3786,6,1.467407064871587
3,3787,6,1.496112641077152
3,3788,6,1.4412453462950259
3,3789,6,1.6760761292663569
3,3790,6,1.740011905439737
3,3791,5,1.6952036216853275
3,3792,5,1.9409798816583637
3,3793,5,1.6639980701024095
3,3794,5,1.6745910420321288
3,3795,5,1.8299835604232886
3,3796,5,1.7522710470989642
3,3797,5,1.5689044002253025
3,3798,5,1.6879403573562026
3,3799,5,1.8405526961428635
3,3800,5,1.7596428943175306
3,3801,5,1.8546664968285524
3,3802,5,1.847717512052669
3,3803,5,1.470798358254041
3,3804,5,1.3478363465666874
3,3805,5,1.4827559282962595
3,3806,5,1.4898350528179378
3,3807,5,1.3731905999007328
3,3808,5,1.2841073372307
3,3809,5,1.656423044163624
3,3810,5,1.460741040781257
3,3811,5,1.5137557171748828
3,3812,5,1.6718849175935313
3,3813,5,1.3062718441432555
3,3814,5,1.4515226452699155
3,3815,5,1.5810283479012934
3,3816,5,1.530209155965204
3,3817,6,1.5702430093591886
3,3818,5,1.4608333656683987
3,3819,6,1.5652539100689307
3,3820,5,1.457769766859271
3,3821,5,1.4243835211246898
3,3822,5,1.5746185307854557
3,3823,5,1.224645164053249
3,3824,5,1.2950237469742345
3,3825,6,1.5222248327601187
3,3826,6,1.4899045041718564
3,3827,6,1.4982100840686332
3,3828,6,1.3235888289819742
3,3829,6,1.5630070387589932
3,3830,7,1.6889767204487027
3,3831,6,1.435044665579846
3,3832,6,1.4873677353941446
3,3833,6,1.694489715906668
3,3834,6,1.5948322255654621
3,3835,6,1.5614865653008496
3,3836,6,1.5797276027067628
3,3837,6,1.54240336228328
3,3838,5,1.5712624174006669
3,3839,5,1.2456145413725528
3,3840,5,1.2554147434076146
3,3841,5,1.263318722129898
3,3842,5,1.069078157349622
3,3843,5,1.1670652456349737
3,3844,5,1.0362850833948438
3,3845,5,1.144701401931516
3,3846,5,1.1107336290367842
3,3847,5,1.2613862570293852
3,3848,5,1.0459999270887494
3,3849,5,1.2834590548411322
3,3850,5,1.4131648155328138
3,3851,5,1.6390206280525317
3,3852,5,1.003765591041188
3,3853,5,1.6306283058981998
3,3854,5,1.530057241804383
3,3855,5,1.47511106591163
3,3856,5,1.5911856544384255
3,3857,5,1.4762917622615896
3,3858,6,1.4944697768363144
3,3859,6,1.5843403715714532
3,3860,6,1.4826168691888189
3,3861,6,1.3702764305429378
3,3862,6,1.4450856407826267
3,3863,6,1.4984174777477426
3,3864,6,1.7185692722838803
3,3865,6,1.617024254605807
3,3866,6,1.4864355761850176
3,3867,5,1.3895973559076609
3,3868,5,1.160188200013664
3,3869,5,1.1046562048472404
3,3870,5,1.390067745484676
3,3871,5,1.082788448771777
3,3872,5,1.455242260874181
3,3873,5,1.1606472509745096
3,3874,5,1.2132256047335064
3,3875,5,1.0997651338903287
3,3876,5,1.1719329510070904
3,3877,5,1.1522672237404077
3,3878,5,1.3807328615182515
3,3879,5,1.1893397771172936
3,3880,5,1.1843922631843506
3,3881,5,1.235106667777858
3,3882,5,1.189332188581377
3,3883,6,1.2884710964822044
3,3884,5,1.2259184437331245
3,3885,5,1.4307391912032394
3,3886,5,1.299643191833705
3,3887,5,1.7414590201409297
3,3888,5,1.582789964699597
3,3889,5,1.5118014148809147
3,3890,5,1.6249213050264597
3,3891,5,1.5412649132259597
3,3892,5,1.54432978318298
3,3893,5,1.5993950907799732
3,3894,5,1.5024656650583248
3,3895,5,1.583928198689371
3,3896,5,1.7781522301995798
3,3897,5,1.7856631134360645
3,3898,5,1.8152475860032204
3,3899,5,1.4854252481471666
3,3900,5,1.9052593744182262
3,3901,5,1.5619971259802403
3,3902,5,1.5517376930416016
3,3903,5,1.6184641092677583
3,3904,5,1.4066980107965295
3,3905,5,1.311434772693124
3,3906,6,1.4339556194893834
3,3907,6,1.4515221811481087
3,3908,6,1.4370922731584779
3,3909,6,1.2705652689117324
3,3910,6,1.4313470608963188
3,3911,6,1.612920736307725
3,3912,6,1.8122866174123966
3,3913,6,1.7057548918648147
3,3914,6,1.7500947010235173
3,3915,6,1.75735039285634
3,3916,7,1.8806477947233287
3,3917,6,1.6842177887984517
3,3918,6,1.5908044032315276
3,3919,6,1.5619719394948945
3,3920,6,1.9385911208000026
3,3921,6,1.8207067742795973
3,3922,6,1.887010361771316
3,3923,6,2.043552971626514
3,3924,6,1.8734371077569585
3,3925,6,1.7239522207580507
3,3926,5,1.6923716928719084
3,3927,5,1.5505276372152363
3,3928,5,1.5593696169048004
3,3929,5,1.4148665214843827
3,3930,5,1.4423585442648035
3,3931,6,1.4577950984979355
3,3932,6,1.6067538037622437
3,3933,6,1.6946054407576119
3,3934,5,1.471317725471784
3,3935,5,1.4695144709961538
3,3936,5,1.8357256457998168
3,3937,5,1.562220839029171
3,3938,5,1.7142185491014192
3,3939,5,1.6329722112804879
3,3940,5,1.5958839165467618
3,3941,6,1.5632100372963587
3,3942,6,1.5666133910523197
3,3943,5,1.5154509548763087
3,3944,5,1.6725169234925388
3,3945,5,1.7378039199740005
3,3946,5,1.5899079697397096
3,3947,5,1.5610202164270133
3,3948,5,1.5804791510001595
3,3949,5,1.567958877984661
3,3950,5,1.599908311259287
3,3951,5,1.6761904949460402
3,3952,5,1.6467021435847804
3,3953,5,1.3894881429625627
3,3954,5,1.5378845077742835
3,3955,5,1.5610227375965695
3,3956,5,1.4782240045244688
3,3957,5,1.4325282477868524
3,3958,5,1.506390481063217
3,3959,5,1.7262606318144114
3,3960,5,1.7514032203780818
3,3961,5,1.7323416160605625
3,3962,5,2.0757526122846124
3,3963,5,1.89854808302663
3,3964,5,1.6212753602106944
3,3965,5,1.956421913356757
3,3966,5,1.9544192335123314
3,3967,5,1.8049224083027893
3,3968,5,1.8528343846688426
3,3969,5,1.5478459616871554
3,3970,5,1.7583734847052988
3,3971,5,1.6037309222268137
3,3972,5,1.7501901472391213
3,3973,5,1.39328877775311
3,3974,5,1.60547421719125
3,3975,5,1.8232591589970912
3,3976,5,1.954008017093774
3,3977,5,1.9947888904602085
3,3978,5,1.909790046625342
3,3979,5,1.4915107235196605
3,3980,5,1.3931164151840685
3,3981,5,1.3936950160994304
3,3982,5,1.336391134796958
3,3983,5,1.1552388092414239
3,3984,5,1.1959030394970154
3,3985,6,1.3227082907659522
3,3986,6,1.5174790280588812
3,3987,6,1.3875886742640415
3,3988,6,1.7069397993203328
3,3989,5,1.5497050652773816
3,3990,5,1.4860875821907404
3,3991,5,1.5919814061559907
3,3992,5,1.6540577560228331
3,3993,5,1.6523823470878396
3,3994,5,1.5741515240137671
3,3995,5,1.5304146927810667
3,3996,5,1.437279719371452
3,3997,5,1.6154497497152507
3,3998,5,1.516289787686547
3,3999,5,1.6832052249587814
3,4000,5,1.7203118018630867
4,1,5,1.6054755325076009
4,2,6,1.8097841693497
4,3,5,1.6276666375099063
4,4,5,1.6262925890948603
4,5,5,1.68057961197455
4,6,5,1.7712702013797563
4,7,5,1.6466548724528494
4,8,5,1.788199882858693
4,9,5,1.7592443129201336
4,10,5,1.9849747588613837
4,11,5,2.0977075414277175
4,12,5,2.02893372761383
4,13,5,1.701299410654836
4,14,6,1.9338752133752206
4,15,6,1.7831197628597062
4,16,5,1.521066362422184
4,17,5,1.6182233488599271
4,18,5,1.33324428247231
4,19,5,1.504701240308819
4,20,5,1.6790681418757885
4,21,5,1.6517236173603287
4,22,5,1.5651140429852992
4,23,5,1.4370999151543078
4,24,5,1.6342850451011826
4,25,5,1.6064177015799261
4,26,5,1.7721950187280022
4,27,5,1.5003324125793958
4,28,5,1.7702459152375787
4,29,5,1.474845209943914
4,30,5,1.4793784601691833
4,31,5,1.668303249941196
4,32,6,1.572082799716036
4,33,5,1.549276640446684
4,34,5,1.792739535739865
4,35,5,1.784376259389966
4,36,5,1.7288756741675608
4,37,5,1.5603217575316997
4,38,5,1.615028168507533
4,39,5,1.8729661009398004
4,40,5,1.7002073820309196
4,41,5,1.5989001467214807
4,42,5,1.6020420377518954
4,43,5,1.7409879667381531
4,44,5,1.6621854962790774
4,45,5,1.5631080078796105
4,46,5,1.4565447184826144
4,47,5,1.5616151818792692
4,48,5,1.6025271278389948
4,49,5,1.644230867471022
4,50,5,1.5639167071505637
4,51,5,1.5237618853586854
4,52,5,1.5226568244904453
4,53,5,1.4233132944814084
4,54,5,1.5045476749327382
4,55,5,1.5842882203035886
4,56,5,1.6776150805134704
4,57,5,1.776133869159684
4,58,5,1.6924195755043203
4,59,5,1.6795474852676708
4,60,5,1.652782866408308
4,61,5,1.7694106679565205
4,62,5,1.9431160357694068
4,63,5,1.638778661042286
4,64,5,1.9304645020681601
4,65,5,1.7096175256938184
4,66,5,1.7063101842747406
4,67,5,1.8087810061042795
4,68,5,1.8179405383976746
4,69,5,1.7984986268828855
4,70,5,1.7119085892166153
4,71,5,1.7789439145252648
4,72,5,1.9436092315218874
4,73,5,1.8015367222435783
4,74,5,1.7153684676533523
4,75,5,1.5602962517415904
4,76,5,1.5996526645518805
4,77,5,1.5849705233724674
4,78,5,1.7987775312201046
4,79,5,1.5627876449345943
4,80,5,1.5111804913677531
4,81,5,1.2466652604836312
4,82,6,1.4952526550680991
4,83,6,1.5892296517436284
4,84,5,1.8378851261402493
4,85,5,1.667591934623061
4,86,5,1.5427121670674522
4,87,5,1.6716550934638121
4,88,5,1.6177665601094087
4,89,5,1.5191088554597383
4,90,5,1.5348645493726014
4,91,5,1.581329541866015
4,92,5,1.6796877056988389
4,93,5,1.6448012322288608
4,94,5,1.368945212443565
4,95,5,1.3592499930968742
4,96,5,1.6542301641226547
4,97,5,1.5149173216293663
4,98,5,1.353389488407347
4,99,5,1.3881539145778907
4,100,5,1.6105984425637887
4,101,5,1.5818832203459205
4,102,5,1.4812891450396175
4,103,5,1.3111533747857935
4,104,5,1.3640791406894568
4,105,5,1.4919338415849928
4,106,5,1.4204433003631562
4,107,5,1.5476389199092822
4,108,5,1.5524273777787219
4,109,5,1.5720953113172427
4,110,5,1.5333070872816217
4,111,5,1.1605092327786348
4,112,5,1.3397855831597951
4,113,5,1.5068002863510337
4,114,5,1.6550314217670619
4,115,5,1.83790155331751
4,116,5,1.5506897916155147
4,117,5,1.5929666837969654
4,118,5,1.6948051418070555
4,119,6,1.7586051251559338
4,120,6,1.783160829706116
4,121,6,1.9591046396659153
4,122,7,2.011564044755476
4,123,6,1.7628640387070407
4,124,5,1.678685557361613
4,125,5,1.8473966006053137
4,126,5,1.9574167070749509
4,127,5,1.8228935123782337
4,128,5,1.9566684367766172
4,129,5,1.7838649349175797
4,130,5,1.786407098018869
4,131,5,1.6369800745224126
4,132,5,1.4550103743643463
4,133,5,1.7331144658304054
4,134,5,1.571435571870123
4,135,5,1.4976406145228287
4,136,5,1.4038790299935275
4,137,5,1.3919770548372088
4,138,5,1.7175798213024556
4,139,5,1.5644015397019606
4,140,5,1.4609908801374778
4,141,5,1.521776369684079
4,142,5,1.5268403241667432
4,143,5,1.4393870935309918
4,144,5,1.339033178670669
4,145,5,1.295267780177225
4,146,5,1.399255023760452
4,147,5,1.3350929576737736
4,148,5,1.2045770100977364
4,149,5,1.367226499071566
4,150,5,1.3957308242499784
4,151,5,1.4931779764537279
4,152,5,1.724342190555051
4,153,5,1.4292974130129341
4,154,5,1.3187686104634233
4,155,5,1.2601645884255102
4,156,5,0.9403608719864383
4,157,5,1.2524032626569488
4,158,5,1.3802567051427745
4,159,5,1.286751627362082
4,160,5,1.605662962666023
4,161,5,1.4387968015961192
4,162,5,1.2219093786004045
4,163,5,1.298191360261935
4,164,5,1.4597743978860622
4,165,5,1.6951812424009418
4,166,5,1.4976599023151476
4,167,5,1.5743920192651686
4,168,5,1.4677544850426991
4,169,5,1.4289163695432316
4,170,5,1.5117452370784092
4,171,5,1.4770617712266558
4,172,6,1.2927387589655805
4,173,6,1.4387440716821849
4,174,6,1.5739383355336738
4,175,5,1.5993795896981688
4,176,5,1.3136218597972746
4,177,5,1.3257470313389623
4,178,5,1.4347717432639318
4,179,5,1.4373549698959591
4,180,5,1.5034382505232942
4,181,5,1.6303515074128452
4,182,5,1.4335950910869188
4,183,5,1.3774814442905567
4,184,5,1.3328430035851904
4,185,5,1.7387423704526461
4,186,5,1.4845644818556432
4,187,5,1.3477723407766637
4,188,5,1.211939985896994
4,189,5,1.5305828555655672
4,190,5,1.3484651241451564
4,191,5,1.2876155901562232
4,192,5,1.0846140062981826
4,193,5,1.4424671583541517
4,194,5,1.5050066044126926
4,195,5,1.3563662723049301
4,196,5,1.3924607427717794
4,197,5,1.45683212948303
4,198,5,1.505076224364159
4,199,5,1.7109528024040488
4,200,5,1.4956806968567316
4,201,5,1.824714718774917
4,202,5,1.640799857598319
4,203,5,1.9685950341115372
4,204,5,1.7648149790322751
4,205,5,1.6633225594683334
4,206,5,1.5911592076721877
4,207,5,1.776376519324062
4,208,5,1.8705412177603864
4,209,5,1.5885639470914463
4,210,5,1.571280222878109
4,211,5,1.6481574223642772
4,212,5,1.538044697282206
4,213,5,1.50921202774463
4,214,5,1.538531091461734
4,215,5,1.4765177054332064
4,216,5,1.5289539187765366
4,217,5,1.5790909673031281
4,218,5,1.847195272602244
4,219,5,1.563647914208392
4,220,5,1.5784661402380928
4,221,5,1.7888109213290413
4,222,5,1.298003483301743
4,223,5,1.3086964424465815
4,224,5,1.0832902583155564
4,225,5,1.3117029068103174
4,226,5,1.3871070930818719
4,227,5,1.0427900762717006
4,228,5,1.357536726236534
4,229,5,1.5664919189562418
4,230,5,1.3324257210572208
4,231,5,1.0945953441354712
4,232,5,1.5084241264318439
4,233,5,1.519039092375344
4,234,5,1.677507288274105
4,235,5,1.7539317458277437
4,236,5,1.5128356188539045
4,237,5,1.4632988600484316
4,238,5,1.5147008417746841
4,239,5,1.4211544492247437
4,240,5,1.4559692192812697
4,241,5,1.512571282506078
4,242,5,1.589486890404812
4,243,5,1.4426448949371062
4,244,6,1.3758576928020894
4,245,6,1.4431615815046066
4,246,6,1.2706190678030689
4,247,6,1.450979607439336
4,248,5,1.3180690976401914
4,249,5,1.477772444621742
4,250,5,1.609802483181384
4,251,5,1.566192962303223
4,252,5,1.534419115608617
4,253,5,1.6282252399080424
4,254,5,1.1512389392455775
4,255,5,1.6373582710957786
4,256,5,1.6296084196853364
4,257,5,1.6291453618796332
4,258,5,1.622287082446987
4,259,5,1.6377253295045358
4,260,5,1.811917741003656
4,261,5,1.4550843242592788
4,262,5,1.4272890060471797
4,263,5,1.5605471788447591
4,264,5,1.4890124044729993
4,265,5,1.5588161533721525
4,266,5,1.6938549236504872
4,267,5,1.627216460414565
4,268,5,1.6567470646654527
4,269,5,1.5618598716693977
4,270,5,1.4369095121891267
4,271,5,1.5241227955117536
4,272,5,1.5945290831555425
4,273,5,1.403703453332687
4,274,5,1.3466148374803648
4,275,5,1.406232854352504
4,276,5,1.4157027045110673
4,277,5,1.3102934880107764
4,278,5,1.2962972398946673
4,279,5,1.3201939865674497
4,280,5,1.3506151519048708
4,281,5,1.3012482549246718
4,282,5,1.4486150932361284
4,283,5,1.4294699317873105
4,284,5,1.6047219728853759
4,285,5,1.6172135847893934
4,286,5,1.3663193129192015
4,287,5,1.6598901743854002
4,288,5,1.5181946032192979
4,289,5,1.2564484601506725
4,290,5,1.2248348205264148
4,291,5,1.2277821162881946
4,292,5,1.3440074012743968
4,293,5,1.274074267641395
4,294,5,1.3119982198928621
4,295,5,1.2517243967114435
4,296,5,1.257396922935241
4,297,5,1.4217840768584633
4,298,5,1.1918504654307251
4,299,5,1.173621816719134
4,300,5,1.4132240412475068
4,301,5,1.3153114468078035
4,302,5,1.1951270862076568
4,303,5,1.2257216611003106
4,304,5,1.4885493113393617
4,305,5,1.4447999969658634
4,306,5,1.3585330086826755
4,307,5,1.3905015828984952
4,308,5,1.3956542454436276
4,309,5,1.5966559511525067
4,310,5,1.8373421718638223
4,311,5,1.6106473294333936
4,312,5,1.7241025717448735
4,313,5,1.597257437389647
4,314,5,1.5568323045719166
4,315,5,1.572961165123103
4,316,5,1.6125590397441565
4,317,5,1.7576466662273846
4,318,5,1.3759598796016825
4,319,5,1.5812854826111566
4,320,5,1.70263888555289
4,321,5,1.78673234475592
4,322,5,1.8283588845642331
4,323,5,2.0300748250933327
4,324,5,1.6950633201442802
4,325,6,1.6618814582495895
4,326,6,1.5683692695489073
4,327,6,1.5572437556757297
4,328,6,1.7707722856247194
4,329,6,1.515230466146126
4,330,6,1.5362102225526155
4,331,5,1.54132869198471
4,332,5,1.418188953762158
4,333,5,1.2483949554100775
4,334,5,1.418188953762158
4,335,5,1.3046791426847122
4,336,5,1.294145501772714
4,337,5,1.4601837639130606
4,338,5,1.3854669560064452
4,339,5,1.4407844961858869
4,340,5,1.5135951380154458
4,341,5,1.2711190243354724
4,342,5,1.2029212505973303
4,343,5,1.3542001761026645
4,344,5,1.152723107408348
4,345,5,1.451587763190438
4,346,5,1.3225489874046135
4,347,5,1.4898455537151207
4,348,5,1.6033740736252455
4,349,5,1.2758538273141444
4,350,5,1.2577031360817554
4,351,6,1.6144672087929037
4,352,6,1.315717753524054
4,353,6,1.3426627214729114
4,354,6,1.5101137135980687
4,355,5,1.2243775514017905
4,356,5,1.2708960645050524
4,357,5,1.4598019603306343
4,358,5,1.3220126087390187
4,359,5,1.494559483403762
4,360,5,1.5015321886257267
4,361,5,1.3942588435181373
4,362,5,1.1857350415787478
4,363,5,1.7007663086646918
4,364,5,1.631903414474999
4,365,5,1.6959957449425889
4,366,5,1.8364591252368756
4,367,5,1.4205531114902215
4,368,5,1.5243310437253688
4,369,5,1.8559272454683629
4,370,5,1.6849812623351297
4,371,5,1.3575325368046007
4,372,5,1.629775594968292
4,373,5,1.336147621655999
4,374,5,1.5762741383741488
4,375,5,1.3181576102726824
4,376,5,1.4308605836106745
4,377,5,1.4883357544453144
4,378,5,1.659041699813606
4,379,5,1.5401152652937995
4,380,5,1.432992314576167
4,381,5,1.138739377945737
4,382,5,1.3032777161982674
4,383,5,1.22148110846191
4,384,5,1.6592283992710666
4,385,5,1.6192358662548378
4,386,5,1.3657660357665589
4,387,5,1.381277350143757
4,388,5,1.1339556767096592
4,389,5,1.0453925783449192
4,390,5,1.436875952404403
4,391,5,1.2539673927329726
4,392,5,1.1025986196625772
4,393,5,1.2906292840753877
4,394,5,1.6184541069264498
4,395,5,1.5004993243444176
4,396,5,1.2856274151121374
4,397,5,1.4123455889413972
4,398,5,1.4974111409108861
4,399,5,1.4659573718929835
4,400,5,1.4273457799538312
4,401,5,1.3404553870172178
4,402,5,1.0804373377884842
4,403,5,1.3352668402404593
4,404,5,1.1752679528539836
4,405,5,1.0627861224811634
4,406,5,1.113219882264807
4,407,5,1.143011193533205
4,408,5,1.4232355361810511
4,409,5,1.6144394735232357
4,410,5,1.4707304566076345
4,411,5,1.3031096582805235
4,412,5,1.3890036111024093
4,413,5,1.2236834949966884
4,414,5,1.4698127628839726
4,415,5,1.4727847001003678
4,416,5,1.60124731988493
4,417,5,1.5625826853206832
4,418,5,1.3385500112436146
4,419,5,1.3271148702695186
4,420,5,1.1848082624119791
4,421,5,1.360490607353276
4,422,5,1.3007663182908615
4,423,5,1.5629782551032108
4,424,5,1.2190633201669954
4,425,5,1.4327705910247719
4,426,5,1.5653941172917865
4,427,5,1.3107456708379832
4,428,5,1.295640147598573
4,429,5,1.3548268165286856
4,430,5,1.5589989938326219
4,431,5,1.538295767196309
4,432,5,1.4645991543148256
4,433,5,1.5540928767762874
4,434,5,1.4564569713394269
4,435,5,1.4645053709154947
4,436,5,1.7034315196967662
4,437,5,1.6078396826740575
4,438,5,1.6236860566486055
4,439,5,1.6156507149647532
4,440,5,1.8610948971825136
4,441,5,1.8529039242864362
4,442,5,1.8260011699102212
4,443,5,1.7527167429327921
4,444,5,1.5495174196107242
4,445,5,1.6543159913593497
4,446,5,1.5420932285446383
4,447,5,1.4700788198369477
4,448,5,1.5734978639323178
4,449,5,1.6738420829379201
4,450,5,1.6799992247252833
4,451,5,1.4536251281286017
4,452,5,1.4095075726533404
4,453,5,1.6857582953253267
4,454,5,1.530022125146929
4,455,5,1.6406278528362166
4,456,5,1.372499983037077
4,457,5,1.4423592608640061
4,458,5,1.4298296290498866
4,459,5,1.3073408959142956
4,460,5,1.4550446679949438
4,461,5,1.3765998458483861
4,462,5,1.5497050652773807
4,463,5,1.4148833709362707
4,464,5,1.5245303470392537
4,465,5,1.5218777833106527
4,466,5,1.3545019833645506
4,467,5,1.6927103410864648
4,468,5,1.6925026844684874
4,469,5,1.8501417902329358
4,470,5,1.5389681052851754
4,471,5,1.5929143707828755
4,472,5,1.719787810200692
4,473,5,1.8526238382457878
4,474,5,1.8234100466088288
4,475,5,1.750182845671028
4,476,5,1.7534014181046826
4,477,5,1.6764397333666805
4,478,5,1.7169605454792012
4,479,5,1.6287255321443963
4,480,5,1.6986346318944037
4,481,5,1.7808962827922157
4,482,5,1.5597520033408179
4,483,5,1.2932670700565314
4,484,5,1.477898697131808
4,485,5,1.5493852622259503
4,486,5,1.5779951091319462
4,487,5,1.747387978912334
4,488,5,1.5679500786122085
4,489,5,1.404465088543121
4,490,5,1.7485592454269767
4,491,5,1.4866219586259959
4,492,5,1.513022839412817
4,493,5,1.557005105274551
4,494,5,1.5075194556574623
4,495,5,1.4687623401732148
4,496,5,1.6658856232923438
4,497,5,1.7216549677777593
4,498,5,1.7426946308957016
4,499,5,1.5413923404411096
4,500,5,1.5965953562272306
4,501,5,1.6381680911607428
4,502,5,1.8489789686442322
4,503,5,1.7072789059394604
4,504,5,1.541021293033121
4,505,5,1.9243521428193509
4,506,5,1.6647391834448548
4,507,5,1.7122731536210116
4,508,5,1.7236739895760644
4,509,5,1.65215095260988
4,510,5,1.6971742997829202
4,511,5,1.663152302103546
4,512,5,1.7935119262331196
4,513,5,1.8097656032850695
4,514,5,1.786980853228754
4,515,5,1.7154067856740665
4,516,5,1.9088457940573487
4,517,5,1.7610892365077913
4,518,5,1.6673210231723572
4,519,5,1.7223124592132866
4,520,5,1.6617723053997526
4,521,5,1.5665606920742472
4,522,5,1.5307605606019017
4,523,5,1.2224301680661185
4,524,5,1.588984633410666
4,525,5,1.7281042975397343
4,526,5,1.8090974011504377
4,527,5,1.5012107573517017
4,528,5,1.580990062004001
4,529,5,1.6336948264843807
4,530,5,1.7435942318436481
4,531,5,1.5971847992693426
4,532,5,1.7239594802479998
4,533,5,1.6349574760429713
4,534,5,1.6163035315495744
4,535,5,1.314484417461089
4,536,5,1.7795850493860943
4,537,5,1.6344360071353434
4,538,5,1.6407066999961208
4,539,5,1.583520467857662
4,540,5,1.6117671975782049
4,541,5,1.3656579915068026
4,542,5,1.551355812376881
4,543,5,1.453739374756673
4,544,5,1.4352908196307745
4,545,5,1.6289739630677258
4,546,5,1.6623412268009368
4,547,5,1.5704303831778819
4,548,5,1.5044096178196025
4,549,5,1.5561345432935476
4,550,5,1.5770687647390513
4,551,5,1.6871059584337607
4,552,5,1.5584390111063815
4,553,5,1.382987017009381
4,554,5,1.29244862709074
4,555,5,1.2940906899863416
4,556,5,1.2031456291202014
4,557,5,1.3678084468855447
4,558,5,1.2619185896663998
4,559,5,1.6040430206859635
4,560,5,1.6477441534561552
4,561,5,1.5520091419203554
4,562,5,1.207051092861179
4,563,5,1.2544158574080142
4,564,5,1.492907088990385
4,565,5,1.2555979146634595
4,566,5,1.3686998496411888
4,567,5,1.3615078563313663
4,568,5,1.3656900574212631
4,569,5,1.2171099933155913
4,570,5,1.3762485783604999
4,571,5,1.3358332250649227
4,572,5,1.2387030880934344
4,573,5,1.2486134413966945
4,574,5,1.4859848464402439
4,575,5,1.3827948040884266
4,576,5,1.5722990588344095
4,577,5,1.517741241625059
4,578,5,1.4898594568849712
4,579,5,1.4626858728253147
4,580,5,1.2022070637273594
4,581,5,1.4190308909948177
4,582,5,1.4185249681117522
4,583,5,1.5187397130193716
4,584,6,1.466566056371025
4,585,5,1.2095565856017982
4,586,5,1.4263373587213537
4,587,5,1.5044560839167378
4,588,5,1.4533248729518293
4,589,5,1.4834762358284044
4,590,5,1.2056351802963552
4,591,5,1.5544340259529634
4,592,5,1.4509999802549554
4,593,6,1.4437219223601598
4,594,6,1.639887999692062
4,595,6,1.9943407012360486
4,596,7,1.9735810043118098
4,597,7,1.7770526581334183
4,598,7,1.6897537437499413
4,599,7,1.7123129400025277
4,600,7,1.7435500694553867
4,601,6,1.5469250977052922
4,602,6,1.2706301391966264
4,603,6,1.6270534481205132
4,604,6,1.6180321576198593
4,605,6,1.6934080026116458
4,606,6,1.7957974228654687
4,607,6,1.879781950294562
4,608,6,1.689650762835159
4,609,6,1.6267948780811623
4,610,6,1.4893137866590864
4,611,6,1.5554239573231072
4,612,6,1.390970038063828
4,613,6,1.5429640942229805
4,614,6,1.7586941408412269
4,615,6,1.7246930714598157
4,616,6,1.6733917566405139
4,617,6,1.6498837264005872
4,618,6,1.5642177887315052
4,619,5,1.4710676932544486
4,620,5,1.451531095276109
4,621,5,1.370210720410098
4,622,5,1.3335942821164304
4,623,5,1.3028470772096954
4,624,5,1.1960882192191757
4,625,5,1.3081196989700357
4,626,5,1.5028954511743526
4,627,5,1.6054181964720793
4,628,5,1.738097237581326
4,629,5,1.5631547908584569
4,630,5,1.6460439630830699
4,631,5,1.6023392735913835
4,632,5,1.6213421117502551
4,633,5,1.4858654956852848
4,634,5,1.3850489392737204
4,635,5,1.4200795332704472
4,636,5,1.5466428182513492
4,637,5,1.3725906262884733
4,638,5,1.5328636010985992
4,639,5,1.7336922004584947
4,640,5,1.4932797310555248
4,641,5,1.6786739712186698
4,642,5,1.6501690848190105
4,643,5,1.7356805237630857
4,644,5,1.4229561010591576
4,645,5,1.716759855873764
4,646,5,1.5816094172222703
4,647,5,1.3345344145119031
4,648,5,1.4460833651084926
4,649,5,1.511943550445447
4,650,5,1.5145616198095126
4,651,5,1.6916591326683532
4,652,5,1.5306992642010728
4,653,5,1.508995856245067
4,654,5,1.63576506543401
4,655,5,1.749993454804109
4,656,5,1.5904155633738175
4,657,5,1.626440738907029
4,658,5,1.7775587401676254
4,659,5,1.73928277587954
4,660,5,1.7878875272667285
4,661,5,1.686543384384282
4,662,5,1.925907837066326
4,663,5,1.974505957545067
4,664,5,2.181858365668714
4,665,5,2.0001187142634533
4,666,5,1.9642954368961134
4,667,5,1.9372769259687033
4,668,5,1.8758300315594387
4,669,5,1.8216101683586587
4,670,5,1.7390142942046714
4,671,5,1.8797294014769959
4,672,5,1.8260031950464617
4,673,5,1.9774761281940867
4,674,5,1.808332836633039
4,675,5,1.920621183260931
4,676,5,1.8403373882599419
4,677,5,1.7445070863335181
4,678,5,1.8267376026862943
4,679,5,1.581133024013333
4,680,5,1.8333947774565935
4,681,5,1.602265720399091
4,682,5,1.5536856670568202
4,683,5,1.6490140727561364
4,684,5,1.5787594359212296
4,685,5,1.6303260939778315
4,686,5,1.6317012230108423
4,687,5,1.7576928731124464
4,688,6,1.8451699459483715
4,689,6,1.7598232337355082
4,690,6,1.685771169641642
4,691,5,1.6378721142113424
4,692,5,1.7733663375121846
4,693,5,1.7678038380295398
4,694,5,1.591829077492127
4,695,5,1.658615616860438
4,696,5,1.7314768424925417
4,697,5,1.501602572708475
4,698,5,1.547573746748622
4,699,5,1.8110782947613617
4,700,5,1.7244854441496074
4,701,5,1.5561556353162191
4,702,5,1.459253380695488
4,703,5,1.4915691869917151
4,704,5,1.5172718483082388
4,705,5,1.461717255827926
4,706,5,1.3313590272335007
4,707,5,1.416192456224397
4,708,5,1.3805283252346525
4,709,5,1.301341625336497
4,710,5,1.1303105633210815
4,711,5,1.4323155283977647
4,712,5,1.5087587170637655
4,713,5,1.6542309664355503
4,714,5,1.5657502962780003
4,715,5,1.5911323325557354
4,716,5,1.5263944853938813
4,717,5,1.4850192520167869
4,718,5,1.5598369626924207
4,719,5,1.6279292190801153
4,720,5,1.4899411808763987
4,721,5,1.6355633030382237
4,722,5,1.768075069926962
4,723,5,1.3869653341227668
4,724,5,1.3124147936284967
4,725,5,1.5435834461027755
4,726,5,1.4840482783324198
4,727,5,1.5945672096104242
4,728,5,1.640609425382972
4,729,5,1.6349563798589264
4,730,5,1.530361538133743
4,731,5,1.3615974321730882
4,732,5,1.525697922502764
4,733,5,1.5298214441777804
4,734,5,1.7760514703099144
4,735,5,1.781488326954527
4,736,5,1.709093540314461
4,737,5,1.5091848277107012
4,738,5,1.819334522202782
4,739,5,1.6886954826376135
4,740,5,1.6946721964246252
4,741,5,1.6412800393538864
4,742,5,1.5560377940616315
4,743,5,1.3018692667251974
4,744,5,1.3887162968558933
4,745,5,1.599160390046535
4,746,5,1.417140825070037
4,747,5,1.612275835104242
4,748,5,1.6530991372263437
4,749,5,1.547785445076081
4,750,5,1.6857473156991447
4,751,6,1.5409433971651154
4,752,7,1.2846152293920108
4,753,7,1.5734312348414212
4,754,7,1.7684354108533884
4,755,6,1.771798723539817
4,756,6,1.6313452656724174
4,757,6,1.5692084930335195
4,758,5,1.6572026394977257
4,759,5,1.689984185713676
4,760,5,1.425665532925982
4,761,5,1.470933914472122
4,762,5,1.703049555105582
4,763,5,1.5855184556082742
4,764,5,1.468847136999714
4,765,5,1.7666927980195815
4,766,5,1.696643765440859
4,767,5,1.8724885634915882
4,768,5,1.4358436746738032
4,769,5,1.3829312658990083
4,770,5,1.5281584240454538
4,771,5,1.4088182448984639
4,772,5,1.4541019457704998
4,773,5,1.6186837445929543
4,774,5,1.69174714024556
4,775,5,1.6182002279436376
4,776,5,1.7432955089945819
4,777,5,1.7890782368419789
4,778,5,1.6311500118270006
4,779,5,1.5251526918491574
4,780,5,1.549096133727284
4,781,5,1.5626128514613074
4,782,5,1.753273302238202
4,783,5,1.6946543565831784
4,784,5,1.7703029505904437
4,785,5,1.7126071140841836
4,786,5,1.5510638032909272
4,787,5,1.5675812711081312
4,788,5,1.529778892135906
4,789,5,1.6173753289058475
4,790,5,1.61172237277668
4,791,5,1.6119103323785025
4,792,5,1.6607031392265252
4,793,5,1.4885312379741582
4,794,5,1.665520850636562
4,795,5,1.8496785592285332
4,796,5,1.7011971244194335
4,797,5,1.6233898706904144
4,798,5,1.7838520387124097
4,799,5,1.8447710381104647
4,800,5,1.7798452718268472
4,801,5,1.781799135591676
4,802,5,1.6301449310636578
4,803,5,1.715407346609743
4,804,5,1.678118437181737
4,805,5,1.6798983801690262
4,806,5,1.7990865932428335
4,807,5,1.7447837509227462
4,808,5,1.7151931222434058
4,809,5,1.6119978634423493
4,810,5,1.605564591016582
4,811,5,1.5976640069326429
4,812,5,1.7436145577947473
4,813,5,1.4477211922030682
4,814,5,1.6336473562083462
4,815,5,1.399562125664516
4,816,5,1.7492362763751537
4,817,5,1.5542860491278878
4,818,5,1.716863833743198
4,819,5,1.8071543667587484
4,820,5,1.8052712724446804
4,821,5,1.7990286167007548
4,822,5,1.726985923649203
4,823,5,1.5655948646792526
4,824,5,1.5702680649667027
4,825,5,1.6545065213685604
4,826,5,1.4761506914165965
4,827,5,1.372813313414082
4,828,5,1.6896225803710472
4,829,5,1.5562001650433035
4,830,5,1.4893724677922822
4,831,5,1.6541515138991447
4,832,5,1.6408228650038215
4,833,5,1.7513360630954287
4,834,5,1.7941785096063723
4,835,5,1.6834224965282383
4,836,5,1.6528825016312867
4,837,5,1.6330051134306145
4,838,5,1.4284643770739538
4,839,5,1.6125492277193918
4,840,5,1.5796046787618336
4,841,5,1.7905125580460908
4,842,5,1.6730523256205645
4,843,5,1.8601085655780274
4,844,5,1.5812214127768418
4,845,5,1.7725338842671476
4,846,5,1.837689129603862
4,847,5,1.8997886807637978
4,848,5,1.7023969895090154
4,849,5,1.6017956498918582
4,850,5,1.59614651547659
4,851,5,1.3510084335190289
4,852,5,1.6812465691151974
4,853,5,1.6831162954641052
4,854,5,1.7647083324004251
4,855,5,1.6193385524385029
4,856,5,1.6626520895412318
4,857,5,1.6240455253852177
4,858,5,1.7220963848943356
4,859,5,1.6311808506738337
4,860,5,1.6976294897737803
4,861,5,1.479740897438563
4,862,5,1.3901842043683477
4,863,5,1.5969573818932048
4,864,5,1.4360228799412367
4,865,5,1.127759987670803
4,866,5,1.6980376770391823
4,867,5,1.309458218543861
4,868,5,1.3953394256389733
4,869,5,1.4890605067747185
4,870,5,1.5677054378952264
4,871,5,1.6634355166572843
4,872,5,1.581546461927506
4,873,5,1.4800276882126928
4,874,5,1.6586632219847752
4,875,5,1.6294804355980603
4,876,5,1.605141702720382
4,877,5,1.4034770578240154
4,878,5,1.5397888602129823
4,879,5,1.7432895646693742
4,880,5,1.611576246595726
4,881,5,1.556729762051226
4,882,5,1.6524284569310579
4,883,5,1.4222734199640494
4,884,5,1.9169915890120528
4,885,5,1.7117387878605448
4,886,5,1.7102466293841214
4,887,5,1.6857811480296765
4,888,5,1.6505879310358877
4,889,5,1.7061590982668533
4,890,5,1.6614482127176142
4,891,5,1.553014965669509
4,892,5,1.7902368649401126
4,893,5,1.2397529286473619
4,894,5,1.4503182755111101
4,895,5,1.2133173201910399
4,896,5,1.311533190181562
4,897,5,1.2638022033660494
4,898,5,1.4351066728406323
4,899,5,1.4866133874644074
4,900,5,1.6719411517872862
4,901,5,1.6262088933768495
4,902,5,1.4865022119974558
4,903,5,1.613146802625688
4,904,5,1.463124955018539
4,905,5,1.3475972952650634
4,906,5,1.7409575752179869
4,907,5,1.6221157603012046
4,908,5,1.6715040530209553
4,909,5,1.5424316151341464
4,910,5,1.6520176246442895
4,911,5,1.805186934195508
4,912,5,1.6746750191404183
4,913,5,1.6883411779896442
4,914,5,1.7370689105134622
4,915,6,1.6223489730577736
4,916,6,1.9900231753022828
4,917,6,1.9794544117294244
4,918,6,1.994794021757805
4,919,6,1.6878137529884003
4,920,6,1.8748080933739373
4,921,6,1.7964435051038672
4,922,5,1.6182023302427297
4,923,5,1.7087899538354456
4,924,5,1.6296624228019247
4,925,5,1.5967388266457556
4,926,5,1.641613526930687
4,927,5,1.6094313719505036
4,928,5,1.7008577983549418
4,929,5,1.7615336938701258
4,930,5,1.650580244247994
4,931,5,1.599256127065602
4,932,5,1.781385652137108
4,933,5,1.6828086123655064
4,934,5,1.5037303124719723
4,935,5,1.5337198848525144
4,936,5,1.74828522209366
4,937,5,1.7716967289532968
4,938,5,1.6924882179281826
4,939,5,1.6224368024757139
4,940,5,1.6144570211726008
4,941,5,1.720754190546332
4,942,5,1.6703483717774525
4,943,5,1.4265759991378868
4,944,5,1.7372228577557771
4,945,5,1.7492130816815763
4,946,5,1.6432942992082529
4,947,5,1.822101292444366
4,948,5,1.5148551814468032
4,949,5,1.5235536672403502
4,950,5,1.481816593177606
4,951,5,1.5067759121927966
4,952,5,1.4422546861272072
4,953,5,1.4031405509635708
4,954,5,1.631480222583349
4,955,5,1.715091556796855
4,956,5,1.7250717270232867
4,957,5,1.6221303162505678
4,958,5,1.638371103279776
4,959,5,1.6453518063919885
4,960,5,1.586494019435433
4,961,5,1.5507718435441418
4,962,5,1.5857447207532749
4,963,5,1.5419613644191719
4,964,5,1.8183290508344836
4,965,5,1.955044813418525
4,966,5,1.6097798053455814
4,967,5,1.5124897698028894
4,968,5,1.5863911045935408
4,969,5,1.4121861461941463
4,970,5,1.562361985772379
4,971,5,1.0583595333942966
4,972,5,1.4468316336709206
4,973,5,1.5729432746879848
4,974,5,1.7226444746427614
4,975,5,1.8645976473589148
4,976,5,1.8338910897886556
4,977,5,1.9749758415856369
4,978,6,1.777887220995022
4,979,6,1.885286693518414
4,980,6,1.7793981759703108
4,981,6,1.702429495422873
4,982,6,1.9395137134243452
4,983,6,1.7528266122821203
4,984,6,1.6945195141363074
4,985,6,1.5859606041379273
4,986,6,1.7071336580898784
4,987,6,1.701734665822047
4,988,6,1.8084445357802172
4,989,6,2.0149367260475333
4,990,6,1.8453543507440644
4,991,6,1.912153478168058
4,992,6,1.8355854965503897
4,993,6,1.7396737863830012
4,994,6,1.8815184438916712
4,995,6,1.71751204917142
4,996,6,1.386366577007101
4,997,6,1.5991078603737732
4,998,6,1.5685090288965924
4,999,6,1.7607055472052249
4,1000,6,1.927716604839529
4,1001,6,1.7994402853894993
4,1002,6,1.5036482064318148
4,1003,6,1.5790521829522515
4,1004,6,1.44169730398204
4,1005,6,1.635579815394907
4,1006,6,1.7326912809475545
4,1007,6,1.5541812076199912
4,1008,6,1.577589647683773
4,1009,6,1.2732503226144
4,1010,6,1.357570381915612
4,1011,5,1.6464358467438474
4,1012,5,1.559884661546774
4,1013,6,1.437637788462018
4,1014,6,1.5171687485365055
4,1015,5,1.4312136736887107
4,1016,5,1.6677835849844223
4,1017,5,1.667322464297953
4,1018,5,1.5936672112348544
4,1019,5,1.8731948516996733
4,1020,5,1.651004029095974
4,1021,5,1.9707873943080205
4,1022,5,1.991022207425308
4,1023,5,1.6141596219184686
4,1024,5,1.7852765643213648
4,1025,5,1.3941261946931016
4,1026,5,1.5375654123744766
4,1027,5,1.8349710607271077
4,1028,5,1.6864067836816639
4,1029,5,1.9075017430170407
4,1030,5,1.8263519841831064
4,1031,5,1.7464866622656077
4,1032,5,1.6834520633013295
4,1033,5,1.8911917291180758
4,1034,5,1.7810334972925044
4,1035,5,1.8708532615818467
4,1036,5,1.8063515437439115
4,1037,5,1.6437017535145961
4,1038,5,1.887838490862141
4,1039,5,1.8631066284043625
4,1040,5,1.7517703597652758
4,1041,5,1.9020599989338605
4,1042,5,1.8933481780614314
4,1043,5,1.798449596363867
4,1044,5,1.873486239587712
4,1045,5,1.8776673321305228
4,1046,5,1.7788905119640526
4,1047,5,1.68927328555904
4,1048,5,1.8626262693101934
4,1049,5,1.9738669209066066
4,1050,5,1.7392728596567522
4,1051,5,1.861981099642537
4,1052,5,1.5945116996462714
4,1053,5,1.582097079586465
4,1054,5,1.7706672817932385
4,1055,5,1.8020326453693492
4,1056,5,1.919911613608758
4,1057,5,1.6597209930570553
4,1058,5,1.8214570905289684
4,1059,5,1.862250324177956
4,1060,5,1.673522839779297
4,1061,5,1.6851672379224834
4,1062,5,1.7867137996894935
4,1063,5,1.7386406214081402
4,1064,5,1.6148760004882625
4,1065,5,1.8405778737587006
4,1066,5,1.8490038751074396
4,1067,5,1.6973240727850962
4,1068,5,1.8707732006234195
4,1069,5,1.7098626396403187
4,1070,5,1.6507098001163492
4,1071,5,1.6651650223560872
4,1072,5,1.8126722158277602
4,1073,5,1.6033593981256864
4,1074,5,1.5965848031938594
4,1075,5,1.7733069146276756
4,1076,5,1.7634699493264034
4,1077,5,1.6757664948210254
4,1078,5,1.5562783254033183
4,1079,5,1.747934496591077
4,1080,5,1.7323993477847237
4,1081,5,1.4829753707167521
4,1082,5,1.555639289261935
4,1083,5,1.619643103034
4,1084,5,1.5864840496258434
4,1085,5,1.5189627761341074
4,1086,5,1.6672172485663248
4,1087,5,1.5532897279528948
4,1088,5,1.6944396387073217
4,1089,5,1.6112087333898817
4,1090,5,1.6553604673567683
4,1091,5,1.4359379269689425
4,1092,5,1.7786318148610287
4,1093,5,1.644377203413117
4,1094,5,1.9060990804027336
4,1095,5,1.7706751945197063
4,1096,5,1.6640784742211414
4,1097,5,1.7305021887574887
4,1098,5,1.4729314425834787
4,1099,5,1.5325861521312856
4,1100,5,1.7163189015578655
4,1101,5,1.6864630939454845
4,1102,5,1.7423280825999004
4,1103,5,1.6018239962503493
4,1104,5,1.5443844206991546
4,1105,5,1.868545143271679
4,1106,5,1.6412997780318452
4,1107,5,1.678408291820071
4,1108,5,1.6518613771990234
4,1109,5,1.6657389507716855
4,1110,5,1.8512371156297922
4,1111,5,1.7468677172556837
4,1112,5,1.7301543592967548
4,1113,5,1.5481928225301158
4,1114,5,1.643173301716827
4,1115,5,1.6225101386768155
4,1116,5,1.7174293161882805
4,1117,5,1.922106362812897
4,1118,5,1.623807156593256
4,1119,5,1.515287219705546
4,1120,5,1.5096634317864854
4,1121,5,1.2120668363096314
4,1122,5,1.21226002324009
4,1123,5,1.2685705620803027
4,1124,5,1.414233368824815
4,1125,5,1.696287614729644
4,1126,5,1.4780295118902522
4,1127,5,1.28901580195348
4,1128,5,1.33566018377166
4,1129,5,1.3481656230221266
4,1130,5,1.5478732260457875
4,1131,5,1.6880516500690472
4,1132,5,1.4636718737706222
4,1133,5,1.5469037365113296
4,1134,5,1.726516000130788
4,1135,5,1.8408542325720751
4,1136,5,1.888699708848518
4,1137,5,1.6108371760234612
4,1138,5,1.4253320679980832
4,1139,5,1.8042619254039547
4,1140,5,1.7326847134840566
4,1141,5,1.937303561116798
4,1142,5,1.9025709424057249
4,1143,5,1.5003023253251353
4,1144,5,1.7132521264057976
4,1145,5,1.8415982667286461
4,1146,5,1.6820727441858017
4,1147,5,1.741395335865073
4,1148,5,1.7817210857784027
4,1149,5,1.7278105276391278
4,1150,5,1.7623031534247624
4,1151,5,1.6245843732593475
4,1152,5,1.613032939613742
4,1153,5,1.9350303714324943
4,1154,5,1.8865206588584926
4,1155,5,1.7014373770395705
4,1156,5,1.7479586164835474
4,1157,5,1.7705885642244072
4,1158,5,1.7655010844442822
4,1159,5,1.8395011172983513
4,1160,5,1.8450292337846048
4,1161,5,1.7473895040362537
4,1162,5,1.749838522725729
4,1163,5,1.7354377155632452
4,1164,5,1.7916252164950617
4,1165,5,1.7755892374947893
4,1166,5,1.7284186827766144
4,1167,5,1.6942865962538312
4,1168,5,1.6585298757429943
4,1169,5,1.6228173206092356
4,1170,5,1.8405174586084234
4,1171,5,1.5625529324734337
4,1172,5,1.620074868357292
4,1173,6,1.754227030011977
4,1174,5,1.5809900620040014
4,1175,5,1.5161344284575806
4,1176,5,1.645652327328646
4,1177,5,1.6127659492335025
4,1178,5,1.9554212214280904
4,1179,5,1.8810511596120874
4,1180,5,2.0130995459470027
4,1181,5,1.7768297135267765
4,1182,5,1.7424468741667547
4,1183,5,1.8467166281973664
4,1184,5,1.5693050386941936
4,1185,5,1.5806607151903034
4,1186,5,1.5221849052158558
4,1187,5,1.5390480274479987
4,1188,5,1.7245897953432578
4,1189,6,1.7667701618741871
4,1190,5,1.7284626325118584
4,1191,5,1.7679543417584371
4,1192,5,1.7527291909963938
4,1193,5,1.6940933432946657
4,1194,5,1.5431205413703566
4,1195,5,1.4492260813001736
4,1196,5,1.6595954747672166
4,1197,5,1.5239502462138512
4,1198,5,1.4739219875554532
4,1199,5,1.5582646393248867
4,1200,5,1.314575986839981
4,1201,5,1.790978920293251
4,1202,5,1.4301580420625726
4,1203,5,1.7030820479329245
4,1204,6,1.6599802579033494
4,1205,6,1.651606501510532
4,1206,6,1.7077501292582151
4,1207,6,1.499433872890636
4,1208,6,1.7507603166959598
4,1209,6,1.6510924163206324
4,1210,6,1.743639169920434
4,1211,6,1.7254230835976871
4,1212,6,1.8807446164236779
4,1213,6,1.8236717421421709
4,1214,6,1.662906487167498
4,1215,6,1.7280656032909452
4,1216,6,1.8973005252826574
4,1217,6,1.7025375307820294
4,1218,6,2.0133346504923124
4,1219,6,1.7160870124248477
4,1220,6,1.490782681938792
4,1221,5,1.7859444976329213
4,1222,5,1.7205786909175762
4,1223,5,1.6008021739855818
4,1224,5,1.6629432562502484
4,1225,5,1.4937391196171745
4,1226,5,1.7189610032709846
4,1227,5,1.5038565977417724
4,1228,5,1.5416616892073884
4,1229,5,1.3780216066937632
4,1230,5,1.6486670216424755
4,1231,5,1.5602080401534089
4,1232,5,1.3576574310448821
4,1233,5,1.6825736504732829
4,1234,5,1.6211324929173045
4,1235,5,1.546221712507923
4,1236,5,1.3172837576759768
4,1237,5,1.7019368232476904
4,1238,5,1.6716188688762093
4,1239,5,1.7906414107672717
4,1240,5,1.7809713047799516
4,1241,5,1.6201458958934012
4,1242,5,1.7381412744612268
4,1243,5,1.6817641004256423
4,1244,5,1.71118938752997
4,1245,5,1.631566231228338
4,1246,5,1.568088750205395
4,1247,5,1.2991696708626428
4,1248,5,1.3518793755248355
4,1249,5,1.2986628518932566
4,1250,5,1.527259058083752
4,1251,5,1.6113299660904792
4,1252,5,1.4352974310426116
4,1253,5,1.2458679974306106
4,1254,5,1.446107192192589
4,1255,5,1.5650156789757834
4,1256,5,1.5937854528189663
4,1257,5,1.6722292369691054
4,1258,5,1.6247685895045163
4,1259,5,1.5138166382287839
4,1260,5,1.674415375881917
4,1261,5,1.673085435428196
4,1262,5,1.642355421259813
4,1263,5,1.573726351052993
4,1264,5,1.498438021132165
4,1265,5,1.5506722647361038
4,1266,5,1.6456602150455044
4,1267,5,1.573330760455927
4,1268,5,1.7862580058058595
4,1269,6,1.5617453572579985
4,1270,5,1.5853975477219926
4,1271,5,1.542562694614431
4,1272,5,1.4083388176821239
4,1273,5,1.600532136023114
4,1274,5,1.6647170336584507
4,1275,5,1.668594912579076
4,1276,5,1.7169752520007808
4,1277,5,1.6117456925781362
4,1278,5,1.572752493251854
4,1279,5,1.4455741846636263
4,1280,5,1.561957142654081
4,1281,5,1.5214260364124952
4,1282,5,1.2419677835801588
4,1283,5,1.294246779210733
4,1284,5,1.3380634838293881
4,1285,5,1.4652372098592181
4,1286,5,1.425257518466791
4,1287,5,1.5707765175783202
4,1288,5,1.4721019781043583
4,1289,5,1.7118458113046873
4,1290,5,1.517641823343106
4,1291,5,1.4327756332069894
4,1292,5,1.4586381172664358
4,1293,5,1.3528340301768975
4,1294,5,1.3525834735228983
4,1295,5,1.6281761393241756
4,1296,5,1.3720932626614468
4,1297,5,1.2460105496869893
4,1298,5,1.4629909470665265
4,1299,5,1.4204281326840982
4,1300,5,1.593196414196668
4,1301,5,1.5532553711233557
4,1302,5,1.4072841896992418
4,1303,5,1.2841250749346278
4,1304,5,1.3190140452867247
4,1305,5,1.2535074209515393
4,1306,5,1.0886005586512084
4,1307,5,1.1125217801596996
4,1308,5,1.2066006938523954
4,1309,5,1.2466212729849224
4,1310,5,1.2785504530278056
4,1311,5,1.4039368888099792
4,1312,5,1.2706031777020628
4,1313,5,1.1794141641412517
4,1314,5,1.376705934963271
4,1315,5,1.4787121424272516
4,1316,5,1.1361402646185077
4,1317,5,1.1227021302359086
4,1318,5,1.351712906316373
4,1319,5,1.2699877170286813
4,1320,5,1.4364087792709035
4,1321,5,1.5372819218346745
4,1322,5,1.515649403111805
4,1323,5,1.5672617828457875
4,1324,5,1.5571040577634463
4,1325,5,1.4298331748480018
4,1326,5,1.8543922748365027
4,1327,5,1.8891270446712176
4,1328,5,1.8087777362338282
4,1329,5,1.7246596939669243
4,1330,5,1.9138753809761782
4,1331,5,1.4185979586349573
4,1332,5,1.3705698441877008
4,1333,5,1.721160142814517
4,1334,5,1.796326138148531
4,1335,5,1.6936637732239057
4,1336,5,1.8078635874271383
4,1337,5,1.7202074357766084
4,1338,5,1.7039322541115594
4,1339,5,1.718366874785179
4,1340,5,1.7325213265026402
4,1341,5,1.4964781064413675
4,1342,5,1.5644791318207183
4,1343,5,1.3816633014562427
4,1344,5,1.6965687094436923
4,1345,5,1.7001223287987859
4,1346,5,1.7693045762091102
4,1347,5,1.6633396076483131
4,1348,5,1.3705843507416922
4,1349,5,1.4297620854020288
4,1350,5,1.501564969473887
4,1351,5,1.6297310462270023
4,1352,5,1.5655451163163892
4,1353,5,1.4076461888991751
4,1354,5,1.6059833172716256
4,1355,5,1.6117264872301895
4,1356,5,1.5645494685046852
4,1357,5,1.5354504899495112
4,1358,5,1.5045818061161542
4,1359,5,1.5148697360566725
4,1360,5,1.3205599423367689
4,1361,5,1.4716626627825047
4,1362,5,1.6392710182452226
4,1363,5,1.7400273581654901
4,1364,5,1.6768932152096854
4,1365,5,1.7781965401273947
4,1366,5,1.4178805187559256
4,1367,5,1.5622610612895218
4,1368,5,1.6308446203730051
4,1369,5,1.7317514079218705
4,1370,5,1.636011394266696
4,1371,5,1.636011394266696
4,1372,5,1.5883654275796548
4,1373,5,1.5465723841679857
4,1374,5,1.5658420200134735
4,1375,5,1.3732030142615361
4,1376,5,1.414617564864817
4,1377,5,1.6169292175485759
4,1378,5,1.532424890107381
4,1379,5,1.3072276271367977
4,1380,5,1.39339902399901
4,1381,5,1.5626227343381274
4,1382,5,1.3397855831597947
4,1383,5,1.5290758812783132
4,1384,5,1.7320536520503866
4,1385,5,1.779856579260255
4,1386,5,1.62862388333917
4,1387,5,1.3909872094948526
4,1388,5,1.6192172039024815
4,1389,5,1.525216007557467
4,1390,5,1.7526442976294496
4,1391,5,1.930212826261613
4,1392,5,1.7409799655886742
4,1393,5,2.17312351984488
4,1394,5,1.8313339634328325
4,1395,5,1.9468942564790481
4,1396,5,1.72982067427062
4,1397,5,1.9755776785160282
4,1398,5,1.6352779901513426
4,1399,5,1.7729578459865003
4,1400,5,1.6642963087822298
4,1401,5,2.0176541996887547
4,1402,5,1.6299031728504456
4,1403,5,1.6347182671881608
4,1404,5,1.7851432840026424
4,1405,5,1.8897878384549864
4,1406,5,1.8915034448228525
4,1407,5,1.6163886377181447
4,1408,5,1.7009933601423581
4,1409,5,1.852020700424013
4,1410,5,1.6368847059536735
4,1411,5,1.4981376137437272
4,1412,5,1.587595716892301
4,1413,5,1.6042089807844149
4,1414,5,1.5060208844478504
4,1415,5,1.3161201358798373
4,1416,5,1.509929854895879
4,1417,5,1.512110907262275
4,1418,5,1.341369339877935
4,1419,5,1.6383021693007134
4,1420,5,1.6763187856106092
4,1421,5,1.6990906755781063
4,1422,5,1.6352348128863556
4,1423,5,1.5823090474634625
4,1424,5,1.4979459469707033
4,1425,5,1.6058942648624526
4,1426,5,1.5834889987777352
4,1427,5,1.6531640139036092
4,1428,5,1.8777829884284314
4,1429,5,1.8942516629264858
4,1430,5,1.786197287779535
4,1431,5,1.5609263862770528
4,1432,5,1.6366215983642611
4,1433,5,1.9704045541260338
4,1434,5,1.6964883053054902
4,1435,5,1.8179779850118498
4,1436,5,1.7433501584125173
4,1437,5,1.656325083780262
4,1438,5,1.8162851133312357
4,1439,5,1.892481880016037
4,1440,5,1.8200041505123705
4,1441,5,1.7914397138113407
4,1442,6,1.6254233311419002
4,1443,5,1.6475213320582105
4,1444,5,1.7074807473744835
4,1445,5,1.5516482027253455
4,1446,5,1.797076457833564
4,1447,5,1.789949729366072
4,1448,5,1.69513123186234
4,1449,5,1.5435828435852992
4,1450,5,1.511446582066848
4,1451,5,1.404701930710484
4,1452,5,1.6609568117920968
4,1453,5,1.4336248278370185
4,1454,5,1.6048916102906188
4,1455,5,1.6026039232047875
4,1456,5,1.6552197439930874
4,1457,5,1.8878199636668995
4,1458,5,1.9815357659149608
4,1459,5,1.7419663105449539
4,1460,5,1.559911424822415
4,1461,5,1.7661696595073626
4,1462,5,1.3815937665845524
4,1463,5,1.5573227185516951
4,1464,5,1.4452273964601732
4,1465,5,1.4333611678417837
4,1466,5,1.4987040530941171
4,1467,5,1.6473215986637353
4,1468,5,1.5847675702444506
4,1469,5,1.6786695833884755
4,1470,5,1.7678033199641399
4,1471,5,1.7348156357592557
4,1472,5,1.376273077620482
4,1473,5,1.664258465755613
4,1474,5,1.3183835232507417
4,1475,5,1.4105066065176342
4,1476,5,1.4954559614234841
4,1477,5,1.2165808247679237
4,1478,5,1.6112537274624672
4,1479,5,1.6240372482555685
4,1480,5,1.8065627894443894
4,1481,5,1.5843513496720352
4,1482,5,1.6144355717032024
4,1483,5,1.7732771891576746
4,1484,5,1.7013780043094475
4,1485,5,1.5152436826833084
4,1486,5,1.5906822567173222
4,1487,5,1.6229982979408808
4,1488,5,1.5802768861238548
4,1489,5,1.6002891061046283
4,1490,5,1.6368098184028739
4,1491,5,1.4274113530027943
4,1492,5,1.657564979555838
4,1493,5,1.5097129813991605
4,1494,5,1.6259769764294454
4,1495,5,1.7632849647436455
4,1496,5,1.694285551558382
4,1497,5,1.5544509130458142
4,1498,5,1.624608844868436
4,1499,5,1.644202367162773
4,1500,5,1.583445977639931
4,1501,5,1.6860970680747123
4,1502,5,1.5777741529404183
4,1503,5,1.811890862548044
4,1504,6,1.5385471568737357
4,1505,6,1.7368046015311793
4,1506,6,1.6487270605500761
4,1507,6,1.7342471588845871
4,1508,5,1.8606806793377784
4,1509,5,1.6834800103192262
4,1510,5,1.7701373657872947
4,1511,5,1.765694753478864
4,1512,5,1.6985288178051916
4,1513,5,1.4314394112167466
4,1514,5,1.4107310113359368
4,1515,5,1.4780868896478032
4,1516,5,1.3491406505538368
4,1517,5,1.4827859966351618
4,1518,5,1.3181701197676943
4,1519,5,1.5729706869316735
4,1520,5,1.6178662133920945
4,1521,5,1.602058006861931
4,1522,5,1.6684278212514503
4,1523,5,1.534455436778737
4,1524,5,1.5765161116994726
4,1525,5,1.6784363828161517
4,1526,5,1.8734165385777248
4,1527,5,1.7485790784369724
4,1528,5,1.593205647720028
4,1529,5,1.5043682597575785
4,1530,5,1.3131554788942625
4,1531,5,1.5073661840895642
4,1532,5,1.4433574324217764
4,1533,5,1.6083730412948132
4,1534,6,1.7123545095720312
4,1535,6,1.6721867684959846
4,1536,5,1.5411711787558788
4,1537,5,1.6936724777290841
4,1538,5,1.602319955712808
4,1539,5,1.649899769244397
4,1540,5,1.7407087215714236
4,1541,5,1.4602427048162614
4,1542,5,1.4891362213947201
4,1543,5,1.5929470599071704
4,1544,5,1.4197166005419932
4,1545,5,1.6508212652510346
4,1546,5,1.6891245821095824
4,1547,5,1.7190842886270934
4,1548,5,1.865254574792059
4,1549,5,1.727825503880914
4,1550,5,1.8222970504854263
4,1551,5,1.732095319606556
4,1552,5,1.7522462167094037
4,1553,5,1.7468498128968766
4,1554,5,1.7989253407358046
4,1555,5,1.7733329084783245
4,1556,5,1.7688871979531946
4,1557,5,1.686013677918707
4,1558,5,1.6714496688714542
4,1559,5,1.7747068734322657
4,1560,5,2.116107972077344
4,1561,5,1.824051876322149
4,1562,5,1.725944501590737
4,1563,5,1.7526884762286938
4,1564,5,1.6025674417868214
4,1565,5,1.7286478255230522
4,1566,5,1.6592603192279323
4,1567,5,1.89067996273553
4,1568,5,1.5591618304499937
4,1569,5,1.3136991755196403
4,1570,5,1.3216603460587573
4,1571,5,1.6811268246973166
4,1572,5,1.4253429794736676
4,1573,5,1.6330349045559616
4,1574,5,1.5928840793036128
4,1575,5,1.4862799098568305
4,1576,5,1.602247716008149
4,1577,5,1.7926613702454515
4,1578,5,1.702439967269337
4,1579,5,1.778535889723012
4,1580,5,1.8421499258094323
4,1581,5,1.7352985189277548
4,1582,5,1.787467534933615
4,1583,5,1.7410468105855026
4,1584,5,1.5586000550697334
4,1585,5,1.5657142342244503
4,1586,5,1.4386865944179972
4,1587,5,1.6669447763208165
4,1588,5,1.7042532903491723
4,1589,5,1.495095261758994
4,1590,5,1.5391116541246967
4,1591,5,1.5424456642315798
4,1592,5,1.4308865794530479
4,1593,5,1.483420695148078
4,1594,5,1.2883400999310273
4,1595,5,1.4574195917783843
4,1596,5,1.3609206304629744
4,1597,5,1.2102149484917755
4,1598,5,1.5192609024406587
4,1599,5,1.4770623258110551
4,1600,5,1.34976329445435
4,1601,5,1.6365105281819252
4,1602,5,1.584147366712135
4,1603,5,1.8110583119818946
4,1604,5,1.5546863591573348
4,1605,5,1.744565657510079
4,1606,5,1.7072064257675121
4,1607,5,1.5529976131645515
4,1608,5,1.3483159890675438
4,1609,5,1.4137980116418065
4,1610,5,1.401179687077296
4,1611,5,1.76653484174469
4,1612,5,1.5885259498447826
4,1613,5,1.7100687954846454
4,1614,5,1.6935831486642634
4,1615,5,1.778743604220009
4,1616,5,1.8086875310668549
4,1617,5,1.5869163227081655
4,1618,5,1.721371796070899
4,1619,5,1.5791352034759703
4,1620,5,1.6352332074917442
4,1621,5,1.6939741807387243
4,1622,5,1.4781076740088985
4,1623,6,1.52513168767027
4,1624,6,1.1350405902586695
4,1625,6,1.5233686266360214
4,1626,6,1.263434671457928
4,1627,5,1.3755878889869892
4,1628,5,1.2570428544325702
4,1629,5,1.5446344458226084
4,1630,5,1.3609959409042265
4,1631,5,1.3265396199001636
4,1632,5,1.5498406394066837
4,1633,5,1.4345568357440581
4,1634,5,1.5820220175551185
4,1635,5,1.6171815129971834
4,1636,5,1.777098179098581
4,1637,5,1.5987612874956474
4,1638,5,1.4391420112026427
4,1639,5,1.6349041930927863
4,1640,5,1.5158359986618049
4,1641,5,1.4035944239350084
4,1642,5,1.331832420945692
4,1643,5,1.3267913111537846
4,1644,5,1.2191346877353757
4,1645,5,1.4391415612564402
4,1646,5,1.4182967930602115
4,1647,5,1.2462830642824736
4,1648,5,1.207344423102485
4,1649,5,1.4012922698332622
4,1650,5,1.643574914417623
4,1651,5,1.53744423694299
4,1652,5,1.168399989888909
4,1653,5,1.296395961682256
4,1654,5,1.4136637972713215
4,1655,5,1.2192900800680038
4,1656,5,1.4268351781430693
4,1657,5,1.4654137224063568
4,1658,5,1.4792617633892755
4,1659,5,1.6374243131534092
4,1660,5,1.6723505426910572
4,1661,5,1.7217725390067762
4,1662,5,1.7278443087922826
4,1663,5,1.7903593030806357
4,1664,5,1.8100935326092773
4,1665,5,1.8601749314117164
4,1666,5,1.9389707000656249
4,1667,5,1.8746930078131228
4,1668,5,1.958810437259363
4,1669,5,1.6165243118493402
4,1670,5,1.6115322869599056
4,1671,5,1.8102385905332783
4,1672,5,1.7363693759977181
4,1673,5,1.727140487085216
4,1674,5,1.5740482323011684
4,1675,5,1.4942754674556418
4,1676,5,1.5158484196803226
4,1677,5,1.6092826316504416
4,1678,5,1.7541264252358815
4,1679,5,1.7502398791824638
4,1680,5,1.732396792297568
4,1681,5,1.378483318237095
4,1682,5,1.2381613158967566
4,1683,5,1.517875347306826
4,1684,5,1.6228827437882618
4,1685,5,1.5197312303900166
4,1686,5,1.5214940171983926
4,1687,5,1.4541960047925602
4,1688,5,1.5356986368295789
4,1689,5,1.7089276027636404
4,1690,5,1.4432869086937448
4,1691,5,1.7006093125509416
4,1692,5,1.6721258818148916
4,1693,5,1.2569634730864792
4,1694,5,1.5036070310858491
4,1695,5,1.6356953243238728
4,1696,5,1.0489817686763137
4,1697,5,1.465143256794316
4,1698,5,1.6296479899884266
4,1699,5,1.4969476168090017
4,1700,5,1.3733123566069936
4,1701,5,1.4744986795302575
4,1702,5,1.4876013284407774
4,1703,5,1.4316692564774618
4,1704,5,1.7011817568903025
4,1705,5,1.7125219664771172
4,1706,5,1.524869189100908
4,1707,5,1.6955866036597245
4,1708,5,1.577822466211222
4,1709,5,1.5532597013534786
4,1710,5,1.613146802625688
4,1711,5,1.2543382262081328
4,1712,5,1.436494161062206
4,1713,5,1.360487327079925
4,1714,5,1.44808098803448
4,1715,5,1.397322209633423
4,1716,5,1.4023130581540473
4,1717,5,1.7025328252602416
4,1718,5,1.3049131650710648
4,1719,5,1.5170652207263764
4,1720,5,1.5868035756466292
4,1721,5,1.5834756916841766
4,1722,5,1.6785450762347907
4,1723,5,1.7101265710428302
4,1724,5,1.6922387579607996
4,1725,5,1.7349595410153373
4,1726,5,1.810176813598066
4,1727,5,1.9228275927876664
4,1728,5,1.6643153092115788
4,1729,5,1.9572979542143658
4,1730,5,1.827330152790291
4,1731,5,1.778240356856398
4,1732,5,1.6281656684485881
4,1733,5,1.705400451623139
4,1734,5,1.65783746318915
4,1735,5,1.670512684280462
4,1736,5,1.677350805514136
4,1737,5,1.5838833533252243
4,1738,5,1.2352288689989241
4,1739,5,1.6971386640390218
4,1740,5,1.7003671007869592
4,1741,5,1.8053536805695791
4,1742,5,1.690107647524318
4,1743,5,1.6183670989491112
4,1744,5,1.6398853110560698
4,1745,5,1.7225910893411873
4,1746,5,1.8357037804982146
4,1747,5,1.6921708696153104
4,1748,5,1.8353089846115855
4,1749,5,1.687133939216797
4,1750,5,1.7072346461632208
4,1751,5,1.733066298148112
4,1752,5,1.850752502285908
4,1753,5,1.698627570078945
4,1754,5,1.6590677883762077
4,1755,5,1.63043150946672
4,1756,5,1.6955118409090328
4,1757,5,1.716645980764949
4,1758,5,1.7439301134288745
4,1759,5,1.7441140311038117
4,1760,5,1.791988266939232
4,1761,5,1.6358014411187343
4,1762,5,1.7254710306655254
4,1763,5,1.9223070918205312
4,1764,5,1.6910300545967494
4,1765,5,1.9324926432474916
4,1766,5,1.8143378890100275
4,1767,5,1.7730568647466747
4,1768,5,2.055621770917973
4,1769,5,2.002183202585983
4,1770,5,1.97784146520776
4,1771,5,1.8658620859189239
4,1772,5,1.871088406423393
4,1773,5,1.7176686672739128
4,1774,5,1.9217592935181336
4,1775,5,1.820049440576636
4,1776,5,1.7352756098836761
4,1777,5,1.7653215545702783
4,1778,5,1.6194707026387425
4,1779,5,1.679807341837356
4,1780,5,1.6595516073094951
4,1781,5,1.45296422359299
4,1782,5,1.6788297830834722
4,1783,5,1.6187642794458403
4,1784,5,1.6195889760570106
4,1785,5,1.4859335062577523
4,1786,5,1.679236447507539
4,1787,5,1.508311676493319
4,1788,5,1.6093671256376325
4,1789,5,1.4772341787178944
4,1790,5,1.4461296670136226
4,1791,5,1.368093447534477
4,1792,5,1.5783126267944132
4,1793,5,1.796030183387415
4,1794,5,1.4598295711786564
4,1795,5,1.5163477352228831
4,1796,5,1.5612328669114364
4,1797,5,1.562126788951291
4,1798,5,1.4459830805547824
4,1799,5,1.5909679836143544
4,1800,5,1.6031708954880841
4,1801,5,1.5604526178400202
4,1802,5,1.7892496472944246
4,1803,5,1.7827743896508208
4,1804,5,1.595103664009101
4,1805,5,1.6026456695127167
4,1806,5,1.4851043238476653
4,1807,5,1.7701282009013948
4,1808,5,1.5133296567303334
4,1809,5,1.3964060287285371
4,1810,5,1.6367495227364515
4,1811,5,1.7356300429178986
4,1812,5,1.4843653879093028
4,1813,5,1.5830295885616437
4,1814,5,1.4088500954732144
4,1815,5,1.5564729115146858
4,1816,5,1.589336711446193
4,1817,5,1.4337048497092995
4,1818,5,1.4009999699611075
4,1819,5,1.371390785501732
4,1820,5,1.469167752978128
4,1821,5,1.3166494874379056
4,1822,5,1.4126962401451246
4,1823,5,1.5507000010151923
4,1824,5,1.4208997370958376
4,1825,5,1.4384721312527904
4,1826,5,1.500283797878248
4,1827,5,1.6618473727853655
4,1828,5,1.6569854902997947
4,1829,5,1.4775890149560928
4,1830,5,1.6234068638114767
4,1831,5,1.833341981384704
4,1832,5,1.5720408486241704
4,1833,5,1.7735325869645786
4,1834,5,1.7645033381980864
4,1835,5,1.8743257554947204
4,1836,5,1.5099788485261603
4,1837,5,1.740003791452256
4,1838,5,1.7579209639523392
4,1839,5,1.5398636503053211
4,1840,5,1.6305323749250369
4,1841,5,1.8795934492047786
4,1842,5,1.6344347830389219
4,1843,5,1.8083951495409396
4,1844,5,1.9286441138480637
4,1845,5,1.8325300840246075
4,1846,5,1.533794444895269
4,1847,5,1.4316033201353684
4,1848,5,1.4213844846266417
4,1849,5,1.702605783757937
4,1850,5,1.6969170044740718
4,1851,5,1.7654184993056292
4,1852,5,1.4671544563096472
4,1853,5,1.7254131831611703
4,1854,5,1.5419196716409722
4,1855,5,1.3544653577453483
4,1856,5,1.3470741091775187
4,1857,5,1.5351872436349892
4,1858,5,1.9286167998498445
4,1859,5,1.8317286412916527
4,1860,5,1.6934672067678394
4,1861,5,1.554141123067251
4,1862,5,1.6255784195823813
4,1863,5,1.5856874299317423
4,1864,5,1.61840159555062
4,1865,5,1.532555205674945
4,1866,6,1.7190323150548559
4,1867,5,1.7558932289458844
4,1868,5,1.629914336719819
4,1869,5,1.734578629698512
4,1870,5,1.5657129015147184
4,1871,5,1.5268261369764096
4,1872,5,1.5315787533141538
4,1873,5,1.4384309341463783
4,1874,5,1.5055141177316043
4,1875,5,1.7012439924006952
4,1876,5,1.582237482535351
4,1877,5,1.5903355221646422
4,1878,5,1.4780089847604003
4,1879,5,1.3826981343995
4,1880,5,1.257936457217331
4,1881,5,1.3847226422703733
4,1882,5,1.4750010481793572
4,1883,5,1.348025011949741
4,1884,5,1.5234787054109744
4,1885,5,1.601658415813287
4,1886,5,1.724356113805194
4,1887,5,1.4347788235303822
4,1888,5,1.6059304742262803
4,1889,5,1.4695561758646702
4,1890,5,1.6451945218044974
4,1891,5,1.5743771614841067
4,1892,5,1.5324674256290294
4,1893,5,1.5864622420145231
4,1894,5,1.4362971688734705
4,1895,5,1.7416202436159036
4,1896,5,1.9059253081492513
4,1897,5,1.6763969127421348
4,1898,5,1.5790647932882376
4,1899,5,1.5296007309336073
4,1900,5,1.5401647164739551
4,1901,5,1.868933752995427
4,1902,5,1.6086213848819932
4,1903,5,1.7818586699173293
4,1904,5,1.6751037203754429
4,1905,5,1.5312668950620583
4,1906,5,1.6073881929434122
4,1907,5,1.699669438396124
4,1908,5,1.7941828235382338
4,1909,5,1.6330662361078403
4,1910,5,1.5770510582615551
4,1911,5,1.3741895785530511
4,1912,5,1.3656727767297205
4,1913,5,1.4154372338087486
4,1914,5,1.5700844284928985
4,1915,5,1.4232913342960045
4,1916,5,1.5207246260888936
4,1917,5,1.4417584646370907
4,1918,5,1.502658513646086
4,1919,5,1.4986122902193224
4,1920,5,1.7202734385679008
4,1921,5,1.8249317470647908
4,1922,5,1.785853685035379
4,1923,5,1.5777034790552422
4,1924,5,1.6171387933839516
4,1925,5,1.6620727670493416
4,1926,5,1.809767329380997
4,1927,5,1.4109045181156366
4,1928,5,1.57274522678002
4,1929,5,1.6959380535843893
4,1930,5,1.4011441310871646
4,1931,5,1.32187046714622
4,1932,5,1.396393778306249
4,1933,5,1.3169068223511031
4,1934,5,1.4033333995513324
4,1935,5,1.5759060077461498
4,1936,5,1.373150694574262
4,1937,5,1.4086585071295241
4,1938,5,1.7417628206567572
4,1939,5,1.774197826535881
4,1940,5,1.481276912092338
4,1941,5,1.3201409190501794
4,1942,5,1.3827744108856654
4,1943,5,1.4274311628894312
4,1944,5,1.6577553398123444
4,1945,5,1.5370347641479727
4,1946,5,1.3913767000322523
4,1947,5,1.4334208148058645
4,1948,5,1.1061750537177044
4,1949,5,1.2405406231426381
4,1950,5,1.363213951699778
4,1951,5,1.2552047045690569
4,1952,5,1.2600877234668721
4,1953,5,1.2565399649768096
4,1954,5,1.2445464168289302
4,1955,5,1.4077055379794596
4,1956,5,1.3525229622213066
4,1957,5,1.443397988515763
4,1958,5,1.2502105173481355
4,1959,5,1.5971850780024206
4,1960,5,1.4455595619451724
4,1961,5,1.4813162824560098
4,1962,5,1.4080285581906864
4,1963,5,1.2896640328030022
4,1964,5,1.400274851632374
4,1965,5,1.2252737688721345
4,1966,5,1.3864786300834395
4,1967,5,1.431727594180217
4,1968,5,1.36512134222122
4,1969,5,1.3087553360611026
4,1970,5,1.2162137681619964
4,1971,5,1.2891715410477058
4,1972,5,1.528751314947911
4,1973,5,1.3221758068827056
4,1974,5,1.4143675871713226
4,1975,5,1.3460128624565701
4,1976,5,1.45021088033325
4,1977,5,1.5661754999199
4,1978,5,1.608268355242168
4,1979,5,1.5805711286056994
4,1980,5,1.513946197529859
4,1981,5,1.5594483937622519
4,1982,5,1.3313597953603118
4,1983,5,1.5289478876373535
4,1984,5,1.765034556344177
4,1985,5,1.4427467131868772
4,1986,5,1.6013060833246815
4,1987,5,1.6749814556189522
4,1988,5,1.781388442686871
4,1989,5,1.6857152456846292
4,1990,5,1.5993815244970429
4,1991,5,1.5210851409527342
4,1992,5,1.3540520632731776
4,1993,5,1.4473359691053744
4,1994,5,1.436540750839026
4,1995,5,1.2830583651073395
4,1996,5,1.2118301872256638
4,1997,5,1.2161844097592596
4,1998,5,1.353265060519
4,1999,5,1.4976414702461351
4,2000,5,1.3337614493161976
4,2001,5,1.511221436210577
4,2002,5,1.146500257008562
4,2003,5,1.4604990726450788
4,2004,5,1.5023183651188452
4,2005,5,1.383612427692777
4,2006,5,1.1217943216329869
4,2007,5,1.391605200124261
4,2008,5,1.3550647372387905
4,2009,5,1.5139103421369962
4,2010,5,1.5447233754264862
4,2011,5,1.5753615146913784
4,2012,5,1.4851502860941208
4,2013,5,1.455850073675668
4,2014,5,1.574396981442399
4,2015,5,1.5966567330613333
4,2016,5,1.4612650815586017
4,2017,5,1.2691326306275874
4,2018,5,1.743218923185193
4,2019,5,1.6544704085719566
4,2020,5,1.541079054081575
4,2021,5,1.5007039819509016
4,2022,5,1.8914684161914197
4,2023,5,1.596232552549635
4,2024,5,1.5742603978081537
4,2025,5,1.2682826047484674
4,2026,5,1.0573208497589253
4,2027,5,1.2032141374003213
4,2028,5,1.5105252319224762
4,2029,5,1.3652912799167565
4,2030,5,1.389925698354677
4,2031,5,1.4291413462925826
4,2032,5,1.4989818995429847
4,2033,5,1.4774162602177507
4,2034,5,1.6949783000158076
4,2035,5,1.5469265047663328
4,2036,5,1.6656569862761859
4,2037,5,1.5319333660150565
4,2038,5,1.633486917774961
4,2039,5,1.3889077831620469
4,2040,5,1.5463102253375354
4,2041,5,1.5607337405124548
4,2042,5,1.4383368162403256
4,2043,5,1.5981864626658746
4,2044,5,1.6463169809341016
4,2045,5,1.8325555592041711
4,2046,5,1.8332188395230649
4,2047,5,1.7795929171150613
4,2048,5,1.5216465527997047
4,2049,5,1.5967096458142658
4,2050,5,1.4388608413797384
4,2051,5,1.5797884178258608
4,2052,5,1.5162250768885381
4,2053,5,1.607980661450684
4,2054,5,1.396785844686014
4,2055,5,1.3570775225815113
4,2056,5,1.4487496026458908
4,2057,5,1.7702397743286102
4,2058,5,1.5458271767019682
4,2059,5,1.4872968801468947
4,2060,5,1.5671515640681406
4,2061,5,1.7509831985345494
4,2062,5,1.9274153859885228
4,2063,5,1.9684635789870866
4,2064,5,1.7700848812452552
4,2065,5,1.8405823301044846
4,2066,5,1.7970627023612726
4,2067,5,1.8674904849867815
4,2068,5,1.6047716698461083
4,2069,5,1.296670531346297
4,2070,5,1.4340787950755929
4,2071,5,1.5257153388809375
4,2072,5,1.5672447071173465
4,2073,5,1.6816111082982577
4,2074,5,1.5807140234398762
4,2075,5,1.5102089070472573
4,2076,5,1.493153738914068
4,2077,5,1.356409274615379
4,2078,5,1.4601278921360015
4,2079,5,1.426430469951744
4,2080,5,1.6412234191584143
4,2081,5,1.7818843000756868
4,2082,5,1.7542147803930779
4,2083,5,1.644208709625063
4,2084,5,1.5125892427534833
4,2085,6,1.5556932920904
4,2086,6,1.7484476259847277
4,2087,6,1.7903003865819338
4,2088,6,1.773343025135854
4,2089,6,1.570241633203215
4,2090,6,1.3769012441171933
4,2091,6,1.450463681616665
4,2092,5,1.4206231705302406
4,2093,5,1.3711283985299598
4,2094,5,1.6293183075641102
4,2095,5,1.5122624233378072
4,2096,5,1.640349421179332
4,2097,5,1.7317722139491654
4,2098,5,1.5285722897744973
4,2099,5,1.4896011719293378
4,2100,5,1.5509406760321545
4,2101,5,1.7366048492787103
4,2102,5,1.621430325172156
4,2103,5,1.4173605694090807
4,2104,5,1.4684994231280624
4,2105,5,1.0479068808447076
4,2106,5,1.4068874320358726
4,2107,5,1.414299242716163
4,2108,5,1.20118289522489
4,2109,5,1.4945362905227473
4,2110,5,1.3519100811001215
4,2111,5,1.4501960930544575
4,2112,5,1.4021721935697027
4,2113,5,1.9190397132771118
4,2114,5,1.5958105283041841
4,2115,5,1.7487147962871372
4,2116,5,1.798791158437369
4,2117,5,1.7237050752190273
4,2118,5,1.7650821982925535
4,2119,5,1.8465616961940734
4,2120,5,1.7545546383104877
4,2121,5,1.6209036878853453
4,2122,5,1.555178961859553
4,2123,5,1.5993080466082654
4,2124,5,1.7084930806341645
4,2125,5,1.8400414377274052
4,2126,5,1.574303550445741
4,2127,5,1.3872539708579814
4,2128,5,1.4008702885657365
4,2129,5,1.7354049703170658
4,2130,5,1.5471559662595338
4,2131,5,1.4411504037838054
4,2132,5,1.4246517083065218
4,2133,5,1.650311574866326
4,2134,5,1.6640589706160438
4,2135,5,1.521371556437586
4,2136,5,1.517362625551356
4,2137,5,1.6965006745920213
4,2138,5,1.2406000427014527
4,2139,5,1.2543718972370108
4,2140,5,1.3704953437213088
4,2141,5,1.4452748556337598
4,2142,5,1.420683198091354
4,2143,5,1.509724518490859
4,2144,5,1.4193967336393922
4,2145,5,1.1238594660600976
4,2146,5,1.4268672828181845
4,2147,5,1.449928728933772
4,2148,5,1.4749938305656771
4,2149,5,1.3384556300046233
4,2150,5,1.6285914958600065
4,2151,5,1.7019239366256902
4,2152,5,1.443667236834984
4,2153,5,1.1827919752825977
4,2154,5,1.0063964641788479
4,2155,5,1.2133622252901874
4,2156,5,1.1177840714020677
4,2157,5,1.1998317990428662
4,2158,5,1.3246178933563852
4,2159,5,1.4782941620023915
4,2160,5,1.4466673022607384
4,2161,5,1.3143150248896482
4,2162,5,1.3764686284035386
4,2163,5,1.246201188519212
4,2164,5,1.4133587831768208
4,2165,5,1.4092352165209392
4,2166,5,1.6483774668665991
4,2167,5,1.7103850534627272
4,2168,5,1.631929010398646
4,2169,5,1.702196172166368
4,2170,5,1.6120874186971776
4,2171,5,1.6340384653989566
4,2172,5,1.4222768577895426
4,2173,5,1.1505392118278062
4,2174,5,1.095475751087072
4,2175,5,1.266079046054899
4,2176,5,1.0485050422940012
4,2177,5,1.561332774664522
4,2178,5,1.4139789471310698
4,2179,5,1.4130690785876139
4,2180,5,1.445187273103734
4,2181,5,1.234907651267093
4,2182,5,1.0475366047801353
4,2183,5,1.3387944508377387
4,2184,5,1.3143477233459682
4,2185,5,1.1491854514149695
4,2186,5,1.2585504362719222
4,2187,5,1.5625901844117815
4,2188,5,1.5157333355553768
4,2189,5,1.6751531317793904
4,2190,5,1.5279626510267978
4,2191,5,1.5419779298691147
4,2192,5,1.3619087001020178
4,2193,5,1.6463223520534265
4,2194,5,1.5152178056134211
4,2195,5,1.6065989928066484
4,2196,5,1.5175335429017531
4,2197,5,1.3797726906001149
4,2198,5,1.5126946217862
4,2199,5,1.7105208276448485
4,2200,5,1.6101058207117669
4,2201,5,1.4130389763548257
4,2202,5,1.378161180243712
4,2203,5,1.5126376254297504
4,2204,5,1.374369253796404
4,2205,5,1.4724907974073744
4,2206,5,1.5162255952002783
4,2207,5,1.5155506208905183
4,2208,5,1.5602806104081988
4,2209,6,1.3166618262426324
4,2210,6,1.4667187785661513
4,2211,6,1.5506960255110824
4,2212,6,1.8301738593177923
4,2213,6,1.6899379700130113
4,2214,6,1.6600167129171517
4,2215,5,1.270759577589641
4,2216,5,1.1426478420143553
4,2217,5,1.461304675778547
4,2218,5,1.3014085228454242
4,2219,5,1.0791327755873792
4,2220,5,1.2521582895541719
4,2221,5,1.4784001638843804
4,2222,5,1.4927773446580197
4,2223,5,1.617314267148311
4,2224,5,1.394592649058965
4,2225,5,1.5802811544436297
4,2226,5,1.7464691702954047
4,2227,5,1.6543071061401387
4,2228,5,1.5999910733702443
4,2229,5,1.6395286990609024
4,2230,5,1.7110444398883433
4,2231,5,1.643618766896818
4,2232,5,1.5586830423244926
4,2233,5,1.8471106355307514
4,2234,5,1.8333934520316415
4,2235,5,1.7719242763598255
4,2236,5,1.522945822251681
4,2237,5,1.5332504694683942
4,2238,5,1.4332652392774445
4,2239,5,1.5995505873906928
4,2240,5,1.5748486426796684
4,2241,5,1.337178448536049
4,2242,5,1.549273882176506
4,2243,5,1.56246998543888
4,2244,5,1.4912875569369266
4,2245,5,1.4684723096426349
4,2246,5,1.4764570782931132
4,2247,5,1.4457376871309644
4,2248,5,1.4520703921525548
4,2249,5,1.364519741333416
4,2250,5,1.5775006590475638
4,2251,5,1.3878906459025915
4,2252,5,1.371458322031902
4,2253,5,1.242941653958546
4,2254,5,1.2727178550645304
4,2255,5,1.3511929443922814
4,2256,5,1.1963855577279725
4,2257,5,1.2199211934846645
4,2258,5,0.950291255766289
4,2259,5,1.3529647866790655
4,2260,5,1.1639001455555995
4,2261,5,1.4001986686622372
4,2262,5,1.3404133259202027
4,2263,5,1.1782204620292953
4,2264,5,1.3250741774404986
4,2265,5,1.447235621675266
4,2266,6,1.4655766540799973
4,2267,5,1.191460331257058
4,2268,5,1.478867918396964
4,2269,5,1.5994247551291778
4,2270,5,1.3190019648391758
4,2271,5,1.2508538855093256
4,2272,5,1.3836374740784692
4,2273,5,1.6160863485674999
4,2274,6,1.7661386371062155
4,2275,5,1.7231063731336604
4,2276,5,1.633105433123459
4,2277,5,1.6411669087420622
4,2278,5,1.4682782601101816
4,2279,5,1.6525937374736461
4,2280,5,1.678795529334555
4,2281,5,1.7754256712664116
4,2282,5,1.6050337278159388
4,2283,5,1.5961458582300527
4,2284,5,1.286151013474318
4,2285,5,1.2866780243940448
4,2286,5,1.4939126785052528
4,2287,5,1.3080152443202198
4,2288,5,1.1991362847462863
4,2289,5,1.452176737156785
4,2290,5,1.307104942076557
4,2291,5,1.412931271482353
4,2292,5,1.516398566142894
4,2293,5,1.6711614742030774
4,2294,5,1.3787977444925632
4,2295,5,1.4993771220325542
4,2296,5,1.5033408364459468
4,2297,5,1.481769222959266
4,2298,5,1.5361430111116454
4,2299,5,1.4637185370102936
4,2300,5,1.6134442596743246
4,2301,5,1.7600254508724484
4,2302,5,1.4509098918367984
4,2303,5,1.4993296936327898
4,2304,5,1.5975274496647267
4,2305,5,1.2248977965237868
4,2306,5,1.3966697045487164
4,2307,5,1.5776383583027789
4,2308,5,1.510546862655871
4,2309,5,1.5493305160173119
4,2310,5,1.4568153414139178
4,2311,5,1.806443107806314
4,2312,5,2.006182244102159
4,2313,5,1.758879780782073
4,2314,5,1.6946278837154045
4,2315,5,1.796281546756048
4,2316,5,1.674168161795524
4,2317,5,1.7322474024460126
4,2318,5,1.6808373567111885
4,2319,5,1.7711110340426042
4,2320,5,1.6571563882141191
4,2321,5,1.6444699511914624
4,2322,5,1.5254780832922306
4,2323,5,1.5374476482438233
4,2324,5,1.4468316336709206
4,2325,5,1.6699467832729709
4,2326,5,1.3426814810898922
4,2327,5,1.6972805556733004
4,2328,5,1.8660603560543003
4,2329,5,1.7710023876782888
4,2330,5,1.886264006347485
4,2331,5,1.729360050129979
4,2332,5,1.7511462223538485
4,2333,5,1.8666893291716882
4,2334,5,1.48400798035245
4,2335,5,1.528068369849875
4,2336,5,1.3596930867167396
4,2337,5,1.4218072084461957
4,2338,5,1.6100269125034306
4,2339,5,1.6201664574167487
4,2340,5,1.761822428307918
4,2341,5,1.6748266058048484
4,2342,5,1.5177698867272156
4,2343,5,1.6870457877355776
4,2344,5,1.75599508538729
4,2345,5,1.6759701075087627
4,2346,5,1.724493062594545
4,2347,5,1.739541327918369
4,2348,5,1.6536511609828968
4,2349,5,1.3811209652491936
4,2350,5,1.4470491674097161
4,2351,5,1.6796811925268975
4,2352,5,1.7238628227175723
4,2353,5,1.639843197059819
4,2354,5,1.8562650812569652
4,2355,5,1.718445787999602
4,2356,5,1.7071010070721506
4,2357,5,1.923788100226075
4,2358,5,1.8145208081501263
4,2359,5,1.5687999945304498
4,2360,5,1.796109427788497
4,2361,5,1.8952705633567901
4,2362,5,1.857552503088931
4,2363,5,1.7820318743302042
4,2364,5,1.7296308293999547
4,2365,5,1.8556945436069334
4,2366,5,1.7022777598979548
4,2367,5,1.7071455179289297
4,2368,5,1.5310267950100762
4,2369,5,1.6944141436541842
4,2370,5,1.968092717384693
4,2371,5,1.8255973902374323
4,2372,5,1.9204741759633808
4,2373,5,1.9947808394643545
4,2374,5,1.7900734658262625
4,2375,5,1.8135312369094372
4,2376,5,1.6228659977649151
4,2377,5,1.6569643506968585
4,2378,5,1.8636030009291575
4,2379,5,1.8233018477743301
4,2380,5,1.6335469211769742
4,2381,5,1.781186070820925
4,2382,5,1.9683109831756496
4,2383,5,1.845498967844592
4,2384,5,1.9134945124839713
4,2385,5,1.981129411253483
4,2386,5,1.9222470136562735
4,2387,5,1.6876354604581683
4,2388,5,1.7468324592797009
4,2389,5,1.5406156899961205
4,2390,5,1.5857068449310936
4,2391,5,1.7201407548926277
4,2392,5,1.5204749931261574
4,2393,5,1.496009065549802
4,2394,5,1.4155487683500492
4,2395,5,1.5420211254956868
4,2396,5,1.7149228319051528
4,2397,5,1.731362573188977
4,2398,5,1.8381296940433294
4,2399,5,1.5421045197096852
4,2400,5,1.468503252175311
4,2401,5,1.5294804389903494
4,2402,5,1.6419905035575408
4,2403,5,1.4743743844457864
4,2404,5,1.4278531450018095
4,2405,5,1.336464122331614
4,2406,5,1.71681554605275
4,2407,5,1.7274260502452314
4,2408,5,1.7809331383086517
4,2409,5,1.6720635036050875
4,2410,5,1.7253210363328315
4,2411,5,1.823041726680405
4,2412,5,1.84633711662502
4,2413,5,1.8519739526348986
4,2414,5,1.712943664719082
4,2415,5,1.672915130369827
4,2416,5,1.5873847025946501
4,2417,5,1.6196883206467851
4,2418,5,1.5281509257566337
4,2419,5,1.575010832564974
4,2420,5,1.5875311536653776
4,2421,5,1.5860243420889195
4,2422,5,1.686026724195452
4,2423,5,1.643301936831537
4,2424,5,1.3622913643353969
4,2425,5,1.352591322882179
4,2426,5,1.5357258145541777
4,2427,5,1.7141745065746834
4,2428,5,1.8969596285767163
4,2429,5,2.0066815495156867
4,2430,5,1.7824590214866802
4,2431,5,1.7606200223751785
4,2432,5,1.9651082509451587
4,2433,5,1.7319346054010598
4,2434,5,1.7880712290766096
4,2435,5,1.648722743959374
4,2436,5,1.7228457682153744
4,2437,5,1.800232050308252
4,2438,5,1.8625831151281966
4,2439,5,1.8656982617192446
4,2440,5,1.838084513402796
4,2441,5,1.8339783904749822
4,2442,5,1.8674189849914895
4,2443,5,1.9881369825020596
4,2444,5,1.794303985868602
4,2445,5,1.625594252971771
4,2446,5,1.7338379002128463
4,2447,5,1.7351003767022366
4,2448,5,1.824259124737404
4,2449,5,1.6137499002272584
4,2450,5,1.7593145080703958
4,2451,5,1.7077419355021237
4,2452,5,1.7502207147786204
4,2453,5,1.9673601811979178
4,2454,5,1.9267076728262276
4,2455,5,2.154594919604133
4,2456,5,1.8356850787911485
4,2457,5,1.672688397807386
4,2458,5,1.805683932549977
4,2459,5,1.7950217958577346
4,2460,5,1.7492713135134874
4,2461,5,1.5427849041059232
4,2462,5,1.7335897589822427
4,2463,5,1.7353221937405756
4,2464,5,1.5060992420979753
4,2465,5,1.4427675913293427
4,2466,5,1.6210019754005929
4,2467,5,1.7047395746525464
4,2468,5,1.6370099767658917
4,2469,5,1.6744628959415726
4,2470,5,1.512654346649564
4,2471,5,1.6571062940776797
4,2472,5,1.6285577205720374
4,2473,5,1.6909730312487516
4,2474,5,1.6502460318986212
4,2475,5,1.6070166978594544
4,2476,5,1.8570812082400985
4,2477,5,1.8245046996665244
4,2478,6,2.1060772436407396
4,2479,6,1.8780285577253846
4,2480,6,1.7578091243186997
4,2481,6,1.749092416261409
4,2482,6,1.6864233077489126
4,2483,6,1.761096303554332
4,2484,6,2.0328569332420945
4,2485,6,1.8601834529714671
4,2486,6,2.02668105247251
4,2487,6,2.060150996076207
4,2488,5,1.8319775494552855
4,2489,5,1.7535996477548457
4,2490,5,1.9158835411391353
4,2491,5,1.8838933855429412
4,2492,5,1.6912809388192764
4,2493,5,1.7550199249148002
4,2494,5,1.7994363734336614
4,2495,5,1.6390485417019742
4,2496,5,1.6051390514651573
4,2497,5,1.5274125804708456
4,2498,5,1.3607245039088953
4,2499,5,1.4977065340198665
4,2500,5,1.3481488903000178
4,2501,5,1.3977230770742297
4,2502,5,1.4730262027237977
4,2503,5,1.7473596037844983
4,2504,5,1.8085294848598181
4,2505,5,1.6804358393659564
4,2506,5,1.86173463248636
4,2507,5,1.7902652377621555
4,2508,5,1.8315229179613741
4,2509,5,1.504508240733136
4,2510,5,1.4319142429975997
4,2511,6,1.5775214202100392
4,2512,6,1.7086366715865386
4,2513,6,1.7338918089015207
4,2514,6,1.5369652297711491
4,2515,6,1.832381774948375
4,2516,6,1.8859827112660064
4,2517,6,1.9598857160831158
4,2518,6,2.0049299620399985
4,2519,6,1.9358605174002927
4,2520,6,1.8964891671629376
4,2521,6,2.173001023896405
4,2522,6,2.1429190857447127
4,2523,6,1.9596668854700097
4,2524,5,1.820942459482226
4,2525,5,1.9880207374670569
4,2526,5,1.9883490559542931
4,2527,5,1.8876074288491282
4,2528,5,1.9118767554356375
4,2529,5,1.7616677905659657
4,2530,5,1.8064506950476504
4,2531,5,1.6218317787333327
4,2532,6,1.906767961154332
4,2533,6,1.7561510246721523
4,2534,5,1.5118466986230397
4,2535,5,1.4262945178912503
4,2536,5,1.6077332207234973
4,2537,5,1.4639687459044737
4,2538,5,1.7690464428228987
4,2539,5,1.4173138408216683
4,2540,5,1.7265591615637899
4,2541,6,1.5207417252398976
4,2542,5,1.5797326408113417
4,2543,5,1.4991624897469804
4,2544,5,1.7463881627559665
4,2545,5,1.6594388687273356
4,2546,5,1.6538956465870864
4,2547,5,1.6433000727578388
4,2548,5,1.7339571332648234
4,2549,5,1.818006127887493
4,2550,5,1.9333788674743584
4,2551,5,1.745232352223847
4,2552,5,1.859545168678085
4,2553,5,1.749449115010432
4,2554,5,1.5919429939746
4,2555,5,1.873486239587712
4,2556,5,1.6842865692633544
4,2557,5,1.4600396435390142
4,2558,5,1.547695349518368
4,2559,5,1.5370236344444432
4,2560,5,1.368670090916833
4,2561,5,1.6595902813387653
4,2562,5,1.7762748388618474
4,2563,5,1.6605424531788473
4,2564,5,1.4106029182744866
4,2565,5,1.4106029182744866
4,2566,5,1.4746658874305876
4,2567,5,1.6537389107798894
4,2568,5,1.640761451559242
4,2569,5,1.5830158371190421
4,2570,5,1.6127174376940925
4,2571,5,1.766000451155783
4,2572,5,1.6308087506479283
4,2573,5,1.5692214484116995
4,2574,5,1.4549345846772228
4,2575,5,1.4983780586404025
4,2576,5,1.4918906890899999
4,2577,5,1.7738988738547077
4,2578,5,1.7540660656075175
4,2579,5,1.6968132360392918
4,2580,5,1.7569292968046613
4,2581,5,1.6672302849002563
4,2582,5,1.900648134852533
4,2583,5,1.8050441866607612
4,2584,5,1.80694312468838
4,2585,5,1.9024035474230927
4,2586,5,1.8798463445299136
4,2587,5,1.883036677164101
4,2588,5,1.750754796329657
4,2589,5,1.664562201502167
4,2590,5,1.8153764865898316
4,2591,5,1.7022556977898557
4,2592,5,1.4633090917447382
4,2593,5,1.528852715839875
4,2594,5,1.518017571083834
4,2595,5,1.4859545888258348
4,2596,5,1.5306686409262618
4,2597,5,1.373519718579936
4,2598,5,1.368625224374043
4,2599,5,1.4046665457843308
4,2600,5,1.160295887834843
4,2601,5,1.3905018507221079
4,2602,5,1.2186022436446216
4,2603,5,1.2039582073064459
4,2604,5,1.3973900535076895
4,2605,5,1.5145782966428434
4,2606,5,1.4404991080948872
4,2607,5,1.426558684460061
4,2608,5,1.5842566403279417
4,2609,5,1.6576740715713218
4,2610,5,1.6001056045577946
4,2611,5,1.3771364353475204
4,2612,5,1.4807863086852997
4,2613,5,1.5756997957109204
4,2614,5,1.6364209475194769
4,2615,5,1.4205823984513661
4,2616,5,1.4802020164192045
4,2617,5,1.593028250766337
4,2618,5,1.427413577779967
4,2619,5,1.682270957743755
4,2620,5,1.4585698157463418
4,2621,5,1.6431382989894456
4,2622,5,1.4829776397342247
4,2623,5,1.5500259414992335
4,2624,5,1.8155109991295433
4,2625,5,1.5706210662816331
4,2626,5,1.9505663604245864
4,2627,5,1.6120226897885228
4,2628,5,1.5624990885356143
4,2629,5,1.536278191497959
4,2630,5,1.5298334553632267
4,2631,5,1.2558624983314353
4,2632,5,1.6065239398819924
4,2633,5,1.176228161149167
4,2634,5,1.3537941809110787
4,2635,5,1.4458047025061989
4,2636,5,1.5572460726500106
4,2637,5,1.1948496023242532
4,2638,5,1.319839432219124
4,2639,5,1.3634512576774593
4,2640,5,1.575218243702527
4,2641,5,1.6536183247367164
4,2642,5,1.604691364123962
4,2643,5,1.4331429442901609
4,2644,5,1.2536589919483871
4,2645,5,1.4273974402446097
4,2646,5,1.5756544270890593
4,2647,5,1.4356471554884127
4,2648,5,1.590641197081581
4,2649,5,1.5710951420170214
4,2650,5,1.475581555461674
4,2651,5,1.4955395282982686
4,2652,5,1.6830480809323922
4,2653,5,1.5831885211082914
4,2654,5,1.5530190806797788
4,2655,5,1.4520515988787799
4,2656,5,1.3886780502245495
4,2657,5,1.4925581475657328
4,2658,5,1.6381781595774516
4,2659,5,1.7185575007257188
4,2660,5,1.6617807587243498
4,2661,5,1.6904383533573433
4,2662,5,1.5188214878202273
4,2663,5,1.6596243127562929
4,2664,5,1.632091886621013
4,2665,5,1.69130622055392
4,2666,5,1.499058074988751
4,2667,5,1.66101493177541
4,2668,5,1.5680221973933373
4,2669,5,1.5691732177205426
4,2670,5,1.6926772982328684
4,2671,5,1.351780642707106
4,2672,5,1.477621676311144
4,2673,5,1.3806887869559423
4,2674,5,1.1041527372466997
4,2675,5,1.231798052707835
4,2676,5,1.5172368343769271
4,2677,5,1.4635817063285002
4,2678,5,1.1830794357865524
4,2679,5,1.3925528939499614
4,2680,5,1.5648819074709261
4,2681,5,1.4050864419301279
4,2682,5,1.2173044864233424
4,2683,5,1.4514161411198963
4,2684,5,1.280466742199184
4,2685,5,1.7160130134573062
4,2686,5,1.7390432250570815
4,2687,5,1.8365356452191364
4,2688,5,1.5205947055624947
4,2689,5,1.6999894391331045
4,2690,5,1.6457507345763602
4,2691,5,1.64057699473838
4,2692,5,1.4608901298483574
4,2693,5,1.5052792869331917
4,2694,5,1.644784539894112
4,2695,5,1.6467843057934548
4,2696,5,1.4911474908828977
4,2697,5,1.3843848240637833
4,2698,5,1.6091607043249918
4,2699,5,1.6223603308172905
4,2700,5,1.5704622307570277
4,2701,5,1.6305472752220163
4,2702,5,1.617286444205539
4,2703,5,1.474283789926477
4,2704,5,1.4956330117779415
4,2705,5,1.2715240667619585
4,2706,6,1.597290111506478
4,2707,6,1.6815194681076435
4,2708,6,1.4352392008725685
4,2709,6,1.706810130572661
4,2710,6,1.6341052603847586
4,2711,6,1.4458757343206599
4,2712,6,1.4175391169867204
4,2713,6,1.6143118186326522
4,2714,6,1.4586829848188652
4,2715,5,1.3655226686829085
4,2716,5,1.3460589201399635
4,2717,5,1.5506597027559494
4,2718,5,1.2744188333115938
4,2719,5,1.3595234735587542
4,2720,5,1.1689815062110385
4,2721,5,1.3576014336360727
4,2722,5,1.295435568600217
4,2723,5,1.7021485411261743
4,2724,5,1.3744333902401813
4,2725,5,1.3852474259474974
4,2726,5,1.7409353655240878
4,2727,5,1.704266651069866
4,2728,5,1.2503988899941803
4,2729,5,1.7557585087404188
4,2730,5,1.6487833751492524
4,2731,5,1.6138104560212452
4,2732,5,1.342000580760708
4,2733,5,1.3476203002100657
4,2734,5,1.483626321092303
4,2735,5,1.7101218539571015
4,2736,5,1.6519300946131956
4,2737,5,1.5729191702327738
4,2738,5,1.6236860566486047
4,2739,5,1.5035620844079371
4,2740,5,1.5636451947498498
4,2741,5,1.4725259416779872
4,2742,5,1.8233682083767522
4,2743,5,1.6178394434211825
4,2744,5,1.5216651481198173
4,2745,5,1.7725149289340258
4,2746,5,1.872553867274544
4,2747,5,1.6769604850229705
4,2748,5,1.60805217691206
4,2749,5,1.4642496033895722
4,2750,5,1.4332416976711086
4,2751,5,1.618381667599925
4,2752,5,1.6606997194242776
4,2753,5,1.5865488471401612
4,2754,5,1.4401470161897967
4,2755,5,1.3395885723152068
4,2756,5,1.2536417322280755
4,2757,5,1.2987326705291
4,2758,5,1.290203577959221
4,2759,5,1.4690830835488424
4,2760,5,1.458771413802535
4,2761,5,1.5296432212236213
4,2762,5,1.6109176687481113
4,2763,5,1.5199904284248698
4,2764,5,1.7192667299612254
4,2765,5,1.2538769788586928
4,2766,5,1.2253574788654609
4,2767,5,1.396075045538132
4,2768,5,1.425464760226253
4,2769,5,1.604218128616541
4,2770,5,1.4854805854854773
4,2771,5,1.6115989093480358
4,2772,5,1.4785598532732522
4,2773,5,1.3229329889172723
4,2774,5,1.2806666213487472
4,2775,5,1.6634521182546091
4,2776,5,1.4805417854792209
4,2777,5,1.3987895738523157
4,2778,5,1.4754965867576475
4,2779,5,1.5405501383045954
4,2780,5,1.3657408264202822
4,2781,5,1.666443969425873
4,2782,5,1.511596950612328
4,2783,5,1.189473081052844
4,2784,6,1.7038512917731916
4,2785,6,1.9405485122153214
4,2786,6,1.666467006773408
4,2787,6,1.5731838935506919
4,2788,6,1.7219848040635028
4,2789,5,1.5229893945413826
4,2790,5,1.3392440803501664
4,2791,5,1.6334057956683852
4,2792,5,1.580136416972259
4,2793,5,1.646442840510871
4,2794,5,1.4300899689018305
4,2795,5,1.434296758980203
4,2796,5,1.439827803007696
4,2797,5,1.3974365038858978
4,2798,5,1.4850059866781833
4,2799,5,1.4695700430120087
4,2800,5,1.4106543645506524
4,2801,5,1.4979581996489664
4,2802,5,1.531286593075912
4,2803,5,1.1409830889153918
4,2804,5,1.5920240018158953
4,2805,5,1.4446604386743886
4,2806,5,1.4789875645398838
4,2807,5,1.715213192989454
4,2808,5,1.5117016066716578
4,2809,5,1.4835347116278639
4,2810,5,1.2240918396476528
4,2811,5,1.296213212637923
4,2812,5,1.6087514061479662
4,2813,5,1.4945899475840339
4,2814,5,1.195375281802129
4,2815,5,1.634443882532028
4,2816,5,1.6030925524504238
4,2817,5,1.284523252588749
4,2818,5,1.2888564903199553
4,2819,5,1.2941131160950432
4,2820,5,1.6189604282519632
4,2821,5,1.6365333550927774
4,2822,5,1.5528224210511894
4,2823,5,1.5966914986123877
4,2824,5,1.7338843005147346
4,2825,5,1.694886609091875
4,2826,5,1.70259128321571
4,2827,5,1.8582779908989044
4,2828,5,1.5617411430272052
4,2829,5,1.6579304517565134
4,2830,5,1.7251133416773041
4,2831,5,1.7182429128747216
4,2832,5,1.6549125975821353
4,2833,5,1.8088493599348934
4,2834,5,1.8107990238445533
4,2835,5,1.9486393027750015
4,2836,5,1.794237482603347
4,2837,5,1.8795870907642964
4,2838,5,1.9309694114194556
4,2839,5,1.8230856043849917
4,2840,5,1.6299151892591093
4,2841,5,1.8890270448142044
4,2842,5,1.6844397087824499
4,2843,5,1.5545995412001332
4,2844,5,1.5842303856816344
4,2845,5,1.4627884295079951
4,2846,5,1.5600646686337933
4,2847,5,1.2418760068441985
4,2848,5,1.4849438315753867
4,2849,5,1.48029493543059
4,2850,5,1.76461152878441
4,2851,5,1.5169302635085407
4,2852,5,1.531475498853339
4,2853,5,1.7272839207429964
4,2854,5,1.7001645566393186
4,2855,5,1.6623659676979825
4,2856,5,1.6157782431708756
4,2857,5,1.7229175286811627
4,2858,5,1.7842248239929552
4,2859,5,1.6222215709400851
4,2860,5,1.7780560128953264
4,2861,5,1.6718885195315658
4,2862,5,1.7683660489656727
4,2863,5,1.7260315432030993
4,2864,5,1.7750238537621725
4,2865,5,1.9582619317179644
4,2866,5,1.6577687451300598
4,2867,5,1.5301275258313556
4,2868,5,1.5626382461561494
4,2869,5,1.6273441518440848
4,2870,5,1.5039788256523563
4,2871,5,1.74261409624269
4,2872,5,1.6452334539768247
4,2873,5,1.5691069239970443
4,2874,5,1.6607364628119297
4,2875,5,1.4499226357562787
4,2876,5,1.309032552054025
4,2877,5,1.450076594537554
4,2878,5,1.2890910614237074
4,2879,5,1.350725968467816
4,2880,5,1.5578155634306587
4,2881,5,1.5790841716836628
4,2882,5,1.4579147099240548
4,2883,5,1.4708639674461965
4,2884,5,1.5999013175723298
4,2885,6,1.4983111017016326
4,2886,6,1.5180131139815338
4,2887,6,1.5391774805341885
4,2888,6,1.699070481625995
4,2889,5,1.4370952831346022
4,2890,5,1.5036659278240796
4,2891,5,1.4446462299241265
4,2892,5,1.3742485322380609
4,2893,5,1.356046664183011
4,2894,5,1.5352268197938521
4,2895,5,1.505161572391788
4,2896,5,1.603997453175857
4,2897,5,1.6185494592615228
4,2898,5,1.7470634009941644
4,2899,5,1.637784059166279
4,2900,5,1.744924348893198
4,2901,5,1.5737365380841815
4,2902,5,1.5133619123527837
4,2903,5,1.3107228402360982
4,2904,5,1.3843435548790675
4,2905,5,1.352983276050269
4,2906,5,1.5704760026356772
4,2907,5,1.625774399313189
4,2908,5,1.6639670345834094
4,2909,5,1.6243578990514087
4,2910,5,1.6027564453808796
4,2911,5,1.7279419858133287
4,2912,5,1.6414146197873825
4,2913,5,1.7513264374652735
4,2914,5,1.6697498995458107
4,2915,5,1.6104143189321896
4,2916,5,1.8009829264198478
4,2917,5,1.8658055169753722
4,2918,5,1.65957324756639
4,2919,5,1.6487412799275925
4,2920,5,1.4937839829121895
4,2921,5,1.4192566898819923
4,2922,5,1.4427331032292496
4,2923,5,1.4040515526588093
4,2924,5,1.4795595387554847
4,2925,5,1.665076379261452
4,2926,5,1.602227627903852
4,2927,5,1.4806495246373874
4,2928,5,1.590709028089318
4,2929,5,1.4298697092795223
4,2930,5,1.2297347098071834
4,2931,5,1.6070797829567969
4,2932,5,1.7186115861615616
4,2933,5,1.4775630775197346
4,2934,5,1.4951845976876204
4,2935,5,1.3368563538301714
4,2936,5,1.2316387516545637
4,2937,5,1.7193046776479033
4,2938,5,1.3105503360172333
4,2939,5,1.243067963609794
4,2940,5,1.3522455166387388
4,2941,5,1.2547146484930138
4,2942,5,1.2959843497851935
4,2943,5,1.363203058987068
4,2944,5,1.3494090912492682
4,2945,5,1.4035479765476535
4,2946,5,1.400537852484061
4,2947,5,1.4790828489028862
4,2948,5,1.55842902625049
4,2949,5,1.5494934152884206
4,2950,5,1.492746377449751
4,2951,5,1.3561392614517729
4,2952,5,1.1363874291357567
4,2953,5,1.3026110829646829
4,2954,5,1.1997309316658584
4,2955,5,1.301619271380273
4,2956,5,1.364319072354646
4,2957,5,1.1991362847462876
4,2958,5,1.215586832152539
4,2959,5,1.2931750273147897
4,2960,5,1.193939344143418
4,2961,5,1.3458625082088767
4,2962,5,1.6017916624030746
4,2963,5,1.5151901026522507
4,2964,5,1.4538300390249872
4,2965,5,1.3856865474939495
4,2966,5,1.6388574606486377
4,2967,6,1.545637963005388
4,2968,6,1.787793596105454
4,2969,5,1.6264911313269326
4,2970,5,1.671028730824096
4,2971,5,1.7958000713535633
4,2972,5,1.7300880507234733
4,2973,5,1.4286697031893603
4,2974,5,1.7412883914307322
4,2975,5,1.4751189653611898
4,2976,6,1.8315625202222776
4,2977,6,1.5128538759829278
4,2978,6,1.4682449453394488
4,2979,6,1.7302481409474204
4,2980,5,1.7426375582581946
4,2981,5,1.5611890830145332
4,2982,5,1.3635261144747814
4,2983,5,1.3807769550951652
4,2984,5,1.344174711368693
4,2985,5,1.5278374748413013
4,2986,5,1.5135011494815807
4,2987,5,1.5012481268955078
4,2988,5,1.3812076543432532
4,2989,5,1.4431772389207205
4,2990,5,1.7623064712826677
4,2991,5,1.6571463288685386
4,2992,5,1.565963760035595
4,2993,5,1.4338804576778168
4,2994,5,1.2657258937081899
4,2995,5,1.2584402971369668
4,2996,5,1.4990969515948462
4,2997,5,1.3345748465294527
4,2998,5,1.618467478781751
4,2999,5,1.618479105205461
4,3000,5,1.6937390348914327
4,3001,5,1.6127865975756839
4,3002,5,1.8123182190397555
4,3003,5,1.6722476152069343
4,3004,5,1.4527669215779828
4,3005,5,1.7326222616443046
4,3006,5,1.348338113192109
4,3007,5,1.509275421606866
4,3008,5,1.652644291315875
4,3009,5,1.5795228802321564
4,3010,5,1.5022808920991126
4,3011,5,1.6357859969063733
4,3012,5,1.7105404129975046
4,3013,5,1.605865688926913
4,3014,5,1.7870950664864655
4,3015,5,1.5294605366613538
4,3016,5,1.7524731391648305
4,3017,5,1.422725846260159
4,3018,5,1.6323544401478918
4,3019,5,1.7678200980713124
4,3020,5,1.7085053364951381
4,3021,5,1.321460903072615
4,3022,5,1.267805775024189
4,3023,5,1.5467324910898625
4,3024,5,1.5433906788962979
4,3025,5,1.7642882419798473
4,3026,5,1.6582211939252103
4,3027,5,1.626440738907029
4,3028,5,1.7847673631782266
4,3029,5,1.5398527287064891
4,3030,5,1.6530644734893478
4,3031,5,1.8878602664835147
4,3032,5,1.771920298068558
4,3033,5,1.6198152615578167
4,3034,5,1.3739377636375565
4,3035,5,1.3647815167063424
4,3036,5,1.6548471683748418
4,3037,5,1.552469710048642
4,3038,5,1.4600911473465104
4,3039,5,1.6410323155497357
4,3040,5,1.3256915259037858
4,3041,5,1.3390653817204585
4,3042,5,1.2180565325239057
4,3043,5,1.131700002715355
4,3044,5,1.356884952569465
4,3045,5,1.5350761566311895
4,3046,5,1.4726036388004649
4,3047,5,1.4300922850217397
4,3048,5,1.6431843450681107
4,3049,5,1.174031839762422
4,3050,5,1.4581552753713511
4,3051,5,1.462249031111364
4,3052,5,1.57121191841425
4,3053,5,1.5679367433442701
4,3054,5,1.1855928367234938
4,3055,5,1.2464370746238878
4,3056,5,1.2452942757176593
4,3057,5,1.5015362830093286
4,3058,5,1.5540183167335329
4,3059,5,1.6409170428173696
4,3060,5,1.7169430363737446
4,3061,5,1.5006055573009713
4,3062,5,1.626596682999918
4,3063,5,1.3105054257487643
4,3064,5,1.411064239552453
4,3065,5,1.450334520581202
4,3066,5,1.36617706598489
4,3067,5,1.4090615245948177
4,3068,5,1.5963724511521846
4,3069,5,1.366431545941059
4,3070,5,1.4839825432371745
4,3071,5,1.4165600425166174
4,3072,5,1.4387175045759926
4,3073,5,1.3439243677260384
4,3074,5,1.432021389447057
4,3075,5,1.3758151156194898
4,3076,5,1.4512008700789845
4,3077,5,1.2280089387689044
4,3078,5,1.6007457377033107
4,3079,5,1.661431252428652
4,3080,5,1.3922445230089266
4,3081,5,1.3264276009158724
4,3082,5,1.3134915279751378
4,3083,5,1.3457454423210837
4,3084,5,1.6364496393646126
4,3085,5,1.5446533820360635
4,3086,5,1.5311144636799128
4,3087,5,1.4832901188690806
4,3088,5,1.5909277002055315
4,3089,5,1.449712550661312
4,3090,5,1.3978824831826686
4,3091,5,1.2766554964957195
4,3092,5,1.1949732991968585
4,3093,5,1.052173354510555
4,3094,5,1.2541496089292186
4,3095,5,1.265724953708692
4,3096,5,1.5165978718725475
4,3097,5,1.4166184270993645
4,3098,5,1.2581355913399523
4,3099,5,1.4813026334596882
4,3100,5,1.3724010154504338
4,3101,5,1.3973199137954513
4,3102,5,1.348969072603663
4,3103,5,1.356346831482277
4,3104,5,1.3213496680622732
4,3105,5,1.3489033029346023
4,3106,5,1.6101847825934588
4,3107,5,1.4359993984445385
4,3108,5,1.415651367412611
4,3109,5,1.2345580562216494
4,3110,5,1.665521827689795
4,3111,5,1.4712376379353032
4,3112,5,1.4596598688494877
4,3113,5,1.673377735545602
4,3114,6,1.7127992911293122
4,3115,6,1.8398074860286324
4,3116,6,1.740209705168338
4,3117,5,1.5693849394573984
4,3118,5,1.336817374307035
4,3119,5,1.3658334395273322
4,3120,5,1.3841164825671024
4,3121,5,1.4351012499679179
4,3122,5,1.17731445985586
4,3123,5,1.1325985391745301
4,3124,5,1.4038212950660935
4,3125,5,1.0801060267480374
4,3126,5,0.9924849325580216
4,3127,5,1.1001828601855381
4,3128,5,1.0788363993769847
4,3129,5,1.347599648015211
4,3130,5,1.419983524448559
4,3131,5,1.3079110699291427
4,3132,5,1.4315874302172715
4,3133,5,1.539049266670788
4,3134,5,1.6120042130846861
4,3135,5,1.3276317575286765
4,3136,5,1.4649435288045245
4,3137,5,1.6145882528078328
4,3138,5,1.6094339006492584
4,3139,5,1.481022885589243
4,3140,5,1.744195085775336
4,3141,5,1.44212396810864
4,3142,5,1.5848092798447833
4,3143,5,1.4271583096092293
4,3144,5,1.4886744725536438
4,3145,5,1.1376552069160186
4,3146,5,1.3497821705718982
4,3147,5,1.1658264918629402
4,3148,5,1.5999067633239399
4,3149,5,1.7910756825265755
4,3150,5,1.3712347496714181
4,3151,5,1.3574646334281448
4,3152,5,1.4028116181541113
4,3153,5,1.3818605608384504
4,3154,5,1.2135011780408025
4,3155,5,1.2012087614174853
4,3156,5,1.2761102298752056
4,3157,5,1.490705145480117
4,3158,5,1.2220109415872789
4,3159,5,1.3540966678878252
4,3160,5,1.4760496861883512
4,3161,5,1.4358103841920618
4,3162,5,1.2585902744936632
4,3163,5,1.364020494947062
4,3164,6,1.369503945732129
4,3165,5,1.19576153140618
4,3166,5,1.1563973418187756
4,3167,5,1.2070882892968058
4,3168,5,1.2565540307291272
4,3169,5,0.9848687950958759
4,3170,5,1.1076559270004127
4,3171,5,1.1901891060083019
4,3172,5,1.2579662296084209
4,3173,5,1.3344269946441236
4,3174,5,1.3030661581616259
4,3175,5,1.310677750333583
4,3176,5,1.304166687614635
4,3177,5,1.3091238718344953
4,3178,5,1.3701210238275623
4,3179,5,1.342393590220023
4,3180,5,1.5552631974836517
4,3181,5,1.533060256264486
4,3182,5,1.3967952969386057
4,3183,5,1.0787055239927277
4,3184,5,1.121847623340889
4,3185,5,1.3780644066783911
4,3186,5,1.3246677928434565
4,3187,5,1.5712455611632858
4,3188,5,1.6411103926191717
4,3189,5,1.3917341404379031
4,3190,5,1.3318252000848831
4,3191,5,1.5134585684932995
4,3192,5,1.7896564031181246
4,3193,5,1.4826652666005398
4,3194,5,1.4760793217554569
4,3195,5,1.8099965015610655
4,3196,5,1.664622215354047
4,3197,5,1.7425759202644437
4,3198,5,1.750143987722026
4,3199,5,1.6520807191447742
4,3200,5,1.740584942348356
4,3201,5,1.8464128667499633
4,3202,5,1.488099126210781
4,3203,5,1.7522445684341514
4,3204,5,1.6632834258101288
4,3205,5,1.8050156364267171
4,3206,5,1.7239619089764795
4,3207,5,1.6476884979791948
4,3208,5,1.3985235029553778
4,3209,5,1.691342193478841
4,3210,5,1.6874014804058817
4,3211,5,1.709454238008675
4,3212,5,1.7290342561597858
4,3213,5,1.5860455610500028
4,3214,5,1.6273204598226085
4,3215,5,1.5130870561497045
4,3216,5,1.348874627286596
4,3217,5,1.3872792551881727
4,3218,5,1.524241621617409
4,3219,5,1.4251822660478672
4,3220,5,1.4002486396182583
4,3221,5,1.7878758660697702
4,3222,5,1.6765196303746208
4,3223,5,1.8314899819429455
4,3224,5,1.715568805565185
4,3225,5,1.6585356993290232
4,3226,5,1.5532452629755817
4,3227,5,1.8567916199391323
4,3228,5,1.7472486250888064
4,3229,5,1.809071483657212
4,3230,5,1.5602805103672952
4,3231,5,1.6903057928957472
4,3232,5,1.530912300332595
4,3233,5,1.5686012632060247
4,3234,5,1.6820493393953693
4,3235,5,1.6769478979982604
4,3236,5,1.6388852441691477
4,3237,5,1.6554389606015127
4,3238,5,1.7001470923927662
4,3239,5,1.7157890666616455
4,3240,5,1.6577065701965696
4,3241,5,1.7285669900991936
4,3242,5,1.8448939655421985
4,3243,5,1.6521716940298483
4,3244,5,1.8318477236186448
4,3245,5,1.4895452586265514
4,3246,5,1.623504309701254
4,3247,5,1.7920022245571574
4,3248,5,1.827745435248775
4,3249,5,1.878650336164788
4,3250,5,1.6537534562934941
4,3251,5,1.3397119361289302
4,3252,5,1.508792478700002
4,3253,5,1.532900180260281
4,3254,5,1.4321828113930493
4,3255,5,1.446596187938392
4,3256,5,1.1567039461641797
4,3257,5,1.658251816462561
4,3258,5,1.5297616170630746
4,3259,5,1.8377894346547325
4,3260,5,1.6268711900532682
4,3261,5,1.4579825658895533
4,3262,5,1.4755417447687496
4,3263,5,1.4393147641962685
4,3264,5,1.333809405487827
4,3265,5,1.4964022680178033
4,3266,5,1.4971434597494433
4,3267,5,1.5889821950689953
4,3268,5,1.6767109020073159
4,3269,5,1.712879837276236
4,3270,5,1.5150393725347877
4,3271,5,1.622640863477034
4,3272,5,1.550898967171232
4,3273,5,1.5303547975577754
4,3274,5,1.6838548171665888
4,3275,5,1.672558920977175
4,3276,5,1.8220542806214355
4,3277,5,1.5553785659524673
4,3278,5,1.6625173071042862
4,3279,5,1.5230879320352457
4,3280,5,1.7705471945891365
4,3281,5,1.9575536412898171
4,3282,5,1.6536012896986927
4,3283,5,1.9669521245117711
4,3284,5,1.9184164288300032
4,3285,5,1.5515527161097493
4,3286,5,1.7871243162859147
4,3287,5,1.6676496793340259
4,3288,5,1.563867713778595
4,3289,5,1.6984288844880568
4,3290,5,1.924706957231038
4,3291,5,1.944340645737078
4,3292,5,1.6417491076089687
4,3293,5,1.615072920685329
4,3294,5,1.852747891601413
4,3295,5,1.6100728077723492
4,3296,5,1.4051696266645681
4,3297,5,1.5424941951501632
4,3298,5,1.3943060212136595
4,3299,5,1.501910857462562
4,3300,5,1.387681161512384
4,3301,5,1.2477706553716814
4,3302,5,1.2558664173245617
4,3303,5,1.5325982682955006
4,3304,5,1.5088652081059353
4,3305,5,1.3777125504471073
4,3306,5,1.4072292579941843
4,3307,5,1.2358022883693875
4,3308,5,1.2286847399759653
4,3309,5,1.4600075561302024
4,3310,5,1.679263647441755
4,3311,5,1.6288917586047833
4,3312,5,1.538062267394141
4,3313,5,1.4783529152589434
4,3314,5,1.5779900989943245
4,3315,5,1.6629237308050864
4,3316,5,1.4252820683530611
4,3317,5,1.4851442865250553
4,3318,5,1.3565849783841775
4,3319,5,1.4318633810637897
4,3320,5,1.6379860608555483
4,3321,5,1.7419091899838568
4,3322,5,1.5851793819719409
4,3323,5,1.6723003239488925
4,3324,5,1.7013638502934034
4,3325,5,1.6688961506639872
4,3326,5,1.756327546945069
4,3327,5,1.6287195399508105
4,3328,5,1.408147362437219
4,3329,5,1.4550652318549773
4,3330,5,1.4455587348128578
4,3331,5,1.273941483265776
4,3332,5,1.3650444206721493
4,3333,5,1.4084553150305688
4,3334,5,1.6023695104567177
4,3335,5,1.5699049374531406
4,3336,5,1.6950128436186231
4,3337,5,1.5286503251886905
4,3338,5,1.393979579659577
4,3339,5,1.4258805530209893
4,3340,5,1.7118225210679108
4,3341,5,1.4656617643182672
4,3342,5,1.6225868876662117
4,3343,5,1.3355020328187335
4,3344,5,1.3355020328187335
4,3345,5,1.5481070594381983
4,3346,5,1.5538262782924814
4,3347,5,1.4552097133636037
4,3348,5,1.2984200227377918
4,3349,5,1.2767893536042019
4,3350,5,1.3217356180776143
4,3351,5,1.6579600411730047
4,3352,5,1.5007822520208647
4,3353,5,1.429517195165492
4,3354,5,1.44447066801167
4,3355,5,1.5725301674109557
4,3356,5,1.4187113243196428
4,3357,5,1.4785244889882572
4,3358,5,1.6779739735404737
4,3359,5,1.5228682913475668
4,3360,5,1.4132240412475068
4,3361,5,1.097046045092764
4,3362,5,1.0683379843846073
4,3363,5,1.157402701266932
4,3364,5,1.0356165008635934
4,3365,5,1.1225313419145966
4,3366,5,1.0842339496566695
4,3367,5,1.1708308038697268
4,3368,5,1.746354268118469
4,3369,5,1.8465593044648019
4,3370,5,1.6940202879453006
4,3371,5,1.4918755009505849
4,3372,5,1.6380105611745965
4,3373,5,1.897763413991108
4,3374,5,1.7969264683487904
4,3375,5,1.487884053123533
4,3376,5,1.8795089209610172
4,3377,5,1.503829251907609
4,3378,5,1.3711684800153998
4,3379,6,1.3718870670940055
4,3380,6,1.5018456422774138
4,3381,6,1.5481225600024318
4,3382,6,1.759339995827205
4,3383,6,1.3035993042559308
4,3384,6,1.6022453387099111
4,3385,5,1.358470159551815
4,3386,5,1.3488942288797618
4,3387,5,1.7744425071079175
4,3388,5,1.713211958615001
4,3389,5,1.7402691232872476
4,3390,5,1.9119225427370763
4,3391,5,1.9159910227993802
4,3392,5,1.8225969763498262
4,3393,5,1.576816633183817
4,3394,5,1.6656941422029612
4,3395,5,1.3234767680189816
4,3396,5,1.2470439069007675
4,3397,5,1.2929589628328557
4,3398,5,1.3624219346858406
4,3399,5,1.3572143637346263
4,3400,5,0.981720171393937
4,3401,5,1.2010203696498136
4,3402,5,1.3841075035613617
4,3403,5,1.3228518149495057
4,3404,5,1.3801236186577475
4,3405,5,1.5372547450016407
4,3406,5,1.5685330097576937
4,3407,5,1.4376153955735465
4,3408,5,1.6731243836976737
4,3409,5,1.6254874940768547
4,3410,5,1.6581671896489052
4,3411,5,1.6758261317655174
4,3412,5,1.7139050023063334
4,3413,5,1.6974453552636475
4,3414,5,1.5862050670640695
4,3415,5,1.389137797040977
4,3416,5,1.564053798333743
4,3417,5,1.4821686005759713
4,3418,5,1.5357522797953287
4,3419,5,1.384064248369313
4,3420,5,1.6061511561925732
4,3421,5,1.5089791378246287
4,3422,5,1.598033180343121
4,3423,5,1.3550071634190441
4,3424,5,1.3931974307304342
4,3425,5,1.3933911596685133
4,3426,5,1.2370464945935713
4,3427,5,1.4455096587118597
4,3428,5,1.5014055306403709
4,3429,5,1.4979730450900868
4,3430,5,1.5742808108634385
4,3431,5,1.6263315035277546
4,3432,5,1.5858074296148232
4,3433,5,1.693958780649055
4,3434,5,1.6260364088157782
4,3435,5,1.9056438168417618
4,3436,5,1.700902760548868
4,3437,5,1.7690739285317418
4,3438,5,1.717959633482895
4,3439,5,1.741932787828969
4,3440,5,1.683056665020946
4,3441,5,1.683056665020946
4,3442,6,1.7526223258211715
4,3443,5,1.510238482478412
4,3444,5,1.8158858741756219
4,3445,5,1.8436558823361193
4,3446,5,1.7219040272165125
4,3447,5,1.7908546218934944
4,3448,5,1.7037917158510365
4,3449,5,1.6991914455877768
4,3450,5,1.4966865272111876
4,3451,5,1.3371218039729182
4,3452,5,1.4536002544784918
4,3453,5,1.5369706634524358
4,3454,5,1.48106131664996
4,3455,5,1.298784791846757
4,3456,5,1.3229090897046634
4,3457,5,1.310430866807935
4,3458,5,1.3878266298925248
4,3459,5,1.4462798661470289
4,3460,5,1.4291547288552056
4,3461,5,1.3766806811949492
4,3462,5,1.4995446976015634
4,3463,5,1.2436827366657255
4,3464,5,1.4653369361359134
4,3465,5,1.5575063260103397
4,3466,5,1.8866835602382435
4,3467,5,1.5175069250032296
4,3468,5,1.3477656777278408
4,3469,5,1.4097038024345792
4,3470,5,1.414696459354969
4,3471,5,1.669854795389032
4,3472,5,1.8011072398144559
4,3473,5,1.5678305530602437
4,3474,5,1.3340786442331
4,3475,5,1.0962356333809513
4,3476,5,1.374981228174236
4,3477,5,1.594926372068616
4,3478,5,1.3751168888430172
4,3479,5,1.1567880469834884
4,3480,5,1.153334259796965
4,3481,5,1.303164351015905
4,3482,5,1.2290834590549444
4,3483,5,1.2202248982472126
4,3484,5,1.260238053844072
4,3485,5,1.5689423473228654
4,3486,5,1.3616253793275002
4,3487,5,1.397468316890679
4,3488,5,1.4503184235104816
4,3489,5,1.2534879861348394
4,3490,5,1.3067902985802538
4,3491,5,1.2208738251544604
4,3492,5,1.1202183309222962
4,3493,5,1.1743603848571587
4,3494,5,1.388605864296263
4,3495,5,1.3888458465474134
4,3496,5,1.3200925664984533
4,3497,5,1.3877083730148252
4,3498,5,1.5428399523192566
4,3499,5,1.6068009600717614
4,3500,5,1.4701277677549833
4,3501,5,1.416776008408163
4,3502,5,1.1980146627917865
4,3503,5,1.341133921080755
4,3504,5,1.3412683458300783
4,3505,6,1.469895736451436
4,3506,6,1.8549554011622282
4,3507,6,1.6909042893534183
4,3508,6,1.7379828231029943
4,3509,6,1.6643783152429976
4,3510,6,1.6665142056212607
4,3511,6,1.7598037944546485
4,3512,6,1.6906592916528913
4,3513,5,1.803208283608826
4,3514,5,1.5129748711778097
4,3515,5,1.563810051473899
4,3516,5,1.5257148133786602
4,3517,5,1.5216825955945756
4,3518,5,1.5660985248984662
4,3519,5,1.5240481456341586
4,3520,5,1.4883351144016812
4,3521,5,1.8360158342999577
4,3522,5,1.579151267485361
4,3523,5,1.3663112421777637
4,3524,5,1.3162258019809325
4,3525,5,1.586209442486541
4,3526,5,1.381327626120576
4,3527,5,1.524653327645459
4,3528,5,1.5536337080351852
4,3529,5,1.2634932293783008
4,3530,5,1.3049817098238057
4,3531,5,1.380065356400233
4,3532,5,1.4352083765966652
4,3533,5,1.1813592586711064
4,3534,5,1.427779607612739
4,3535,5,1.5647822418273534
4,3536,5,1.6395377831511877
4,3537,5,1.4566045947974953
4,3538,5,1.2956806719629936
4,3539,5,1.4954570704436372
4,3540,6,1.4966642726291197
4,3541,6,1.4437195304703638
4,3542,6,1.6076525861915827
4,3543,6,1.6447790537707894
4,3544,6,1.5429924729846478
4,3545,5,1.650467815274303
4,3546,5,1.5547856271521399
4,3547,5,1.8661910532945294
4,3548,5,1.9058976887773973
4,3549,5,2.022245991826699
4,3550,5,1.9141297790829936
4,3551,5,1.9928620471832632
4,3552,5,1.8943340917404887
4,3553,5,1.828478423969428
4,3554,5,1.7391908401221703
4,3555,5,1.8616121756954902
4,3556,5,1.858122075997338
4,3557,5,1.7538760344774245
4,3558,5,1.8435646075422647
4,3559,5,1.709059712634117
4,3560,5,1.4676300897419772
4,3561,5,1.8533974236926358
4,3562,5,1.5525911434798192
4,3563,5,1.7809610710512325
4,3564,5,1.6845530391700891
4,3565,5,1.8168269444119067
4,3566,5,1.9623873966007732
4,3567,5,1.7897297494484943
4,3568,5,1.9491341759437733
4,3569,5,1.8572296057130453
4,3570,5,1.7878013405189455
4,3571,5,1.6263106426934577
4,3572,5,1.9216948486468306
4,3573,5,1.9088035869177644
4,3574,5,1.8175940161313546
4,3575,5,1.5820106022793854
4,3576,5,1.3822869024283961
4,3577,5,1.579015200471852
4,3578,5,1.5459400528578735
4,3579,5,1.2311471538777186
4,3580,5,1.296754993678305
4,3581,5,1.5161609021561295
4,3582,5,1.65443075295254
4,3583,5,1.5901664291226187
4,3584,5,1.5603295731587266
4,3585,5,1.5173487544689754
4,3586,5,1.394184701406235
4,3587,5,1.5506162084144872
4,3588,5,1.391103111226979
4,3589,5,1.494790150204791
4,3590,5,1.4308072211482168
4,3591,5,1.5492982924567498
4,3592,5,1.6385923944161687
4,3593,5,1.8076702589515539
4,3594,5,1.7440990680031896
4,3595,5,1.8784487777857275
4,3596,6,1.8895412004563221
4,3597,6,1.6443115870467104
4,3598,6,1.6271438585896578
4,3599,5,1.3672121347053112
4,3600,5,1.5528749083733313
4,3601,5,1.5930071806415413
4,3602,5,1.461064262782898
4,3603,5,1.52392883469378
4,3604,5,1.5840171762551662
4,3605,5,1.5993694495749713
4,3606,5,1.7668256308570465
4,3607,5,1.6049208743089363
4,3608,5,1.546519408727069
4,3609,5,1.425290304410873
4,3610,5,1.5706305909507607
4,3611,5,1.5839347549369167
4,3612,5,1.513867482516436
4,3613,5,1.376200389883405
4,3614,5,1.3032983671388498
4,3615,5,1.5038396096577005
4,3616,5,1.676207615748753
4,3617,5,1.661273779607097
4,3618,5,1.5836676404081524
4,3619,5,1.3064991256026697
4,3620,5,1.4626418213469083
4,3621,5,1.476466814443698
4,3622,5,1.4519686459062648
4,3623,5,1.5528705694427374
4,3624,5,1.4331501680398073
4,3625,5,1.430379577415882
4,3626,5,1.4965762864155003
4,3627,5,1.854614944015128
4,3628,5,1.5458857901865528
4,3629,5,1.4321817555172114
4,3630,5,1.6188900800379913
4,3631,5,1.6747180033190587
4,3632,5,1.8270206600288073
4,3633,5,1.5265636622150214
4,3634,5,1.5094845296483808
4,3635,5,1.7437166613993305
4,3636,5,1.5990150540278951
4,3637,5,1.485210693092486
4,3638,5,1.6155694955299893
4,3639,5,1.5801120140165144
4,3640,5,1.4550630516710608
4,3641,5,1.43950726570006
4,3642,5,1.418915045724766
4,3643,5,1.3966338061688894
4,3644,5,1.5245177886429797
4,3645,5,1.4119634331819433
4,3646,5,1.2947445476614234
4,3647,5,1.0517426037891182
4,3648,5,1.3623062786404931
4,3649,5,1.262411735344342
4,3650,5,1.4956100008688207
4,3651,5,1.5607431700268801
4,3652,5,1.6748787025889027
4,3653,5,1.5715062589651518
4,3654,5,1.6681717867180366
4,3655,5,1.7712260195110674
4,3656,5,1.7709649443229454
4,3657,5,1.2765529861712328
4,3658,5,1.5611765009816705
4,3659,5,1.6978189281736937
4,3660,5,1.5556681733641802
4,3661,5,1.572060782817159
4,3662,5,1.589009610537346
4,3663,5,1.6657329567287356
4,3664,5,1.6127899615351144
4,3665,5,1.5957228097442044
4,3666,5,1.794773012268855
4,3667,5,1.7360613163647876
4,3668,5,2.0230366685541687
4,3669,5,1.8763903863194216
4,3670,5,1.7048268218214764
4,3671,5,1.711115065600597
4,3672,5,1.814076477923594
4,3673,5,1.6786348541831217
4,3674,5,1.7273688772368296
4,3675,5,1.372828577487046
4,3676,5,1.5081946569773352
4,3677,5,1.6986802347059817
4,3678,5,1.5308140877033685
4,3679,5,1.3564802100249769
4,3680,5,1.6345480889398334
4,3681,5,1.1543690404297013
4,3682,5,1.0547633648064645
4,3683,6,1.0870148126432073
4,3684,5,1.5856064169079191
4,3685,5,1.4015695654005125
4,3686,6,1.7167457344903951
4,3687,6,1.2780700715991724
4,3688,6,1.4786272555217668
4,3689,6,1.7716580699600875
4,3690,6,1.772728410028924
4,3691,6,1.7706148653229823
4,3692,6,1.691250659718453
4,3693,6,1.8617314854115055
4,3694,6,1.9317029227541762
4,3695,6,1.9167680415940582
4,3696,5,1.8085611669455854
4,3697,5,1.7416451904063202
4,3698,5,1.6187349823010493
4,3699,5,1.6358098751213581
4,3700,5,1.4229057289292704
4,3701,5,1.5215353836899612
4,3702,5,1.6596222182391211
4,3703,5,1.7278122576219777
4,3704,5,1.6740732151468283
4,3705,5,1.8127490121288976
4,3706,5,1.661776323404363
4,3707,5,1.4601530695045501
4,3708,5,1.7769991022695515
4,3709,5,1.8234137037907239
4,3710,5,1.6481484261576953
4,3711,5,1.5654541729705373
4,3712,5,1.3918090873246807
4,3713,5,1.4678196412861029
4,3714,5,1.605304589032965
4,3715,5,1.409574860164109
4,3716,5,1.645101127297023
4,3717,5,1.531911452257909
4,3718,5,1.4069089948329991
4,3719,5,1.5253992370084712
4,3720,5,1.7246663054027693
4,3721,5,1.4881313634895283
4,3722,5,1.679107205412251
4,3723,5,1.750628183163975
4,3724,5,1.6128688213232483
4,3725,5,1.568435631995503
4,3726,5,1.7841220628137098
4,3727,5,1.8169813414497282
4,3728,5,1.7794664765414767
4,3729,5,1.7308882232785203
4,3730,5,1.7620487706568548
4,3731,5,1.5253467928582367
4,3732,5,1.617712890733742
4,3733,5,1.8045110182120756
4,3734,5,1.8285229056262948
4,3735,5,1.6321432343992384
4,3736,6,1.5482543269452451
4,3737,6,1.6279603676504588
4,3738,6,1.8491360853937215
4,3739,6,1.7562080873280381
4,3740,6,1.603325477614625
4,3741,5,1.7340058162367775
4,3742,5,1.5530598777517821
4,3743,5,1.5957424971699594
4,3744,5,1.559268375444792
4,3745,5,1.558786905714192
4,3746,5,1.5090998833634401
4,3747,5,1.4707888818044008
4,3748,5,1.540356071698532
4,3749,5,1.6941625705047834
4,3750,5,1.506485222967203
4,3751,5,1.4194953440079066
4,3752,5,1.3769932840269972
4,3753,5,1.6508848620905776
4,3754,5,1.5466478093548925
4,3755,5,1.349674775136965
4,3756,5,1.4945207875141282
4,3757,5,1.2606916888747732
4,3758,5,1.4792931273357484
4,3759,5,1.5832066400214737
4,3760,5,1.2602499548933226
4,3761,5,1.24481600616493
4,3762,5,1.3725957584028379
4,3763,5,1.5820876973418052
4,3764,5,1.4197904005669915
4,3765,5,1.5816365207613376
4,3766,5,1.7973101971566416
4,3767,5,1.7647182099677625
4,3768,5,1.641123861257455
4,3769,5,1.6012026166372961
4,3770,5,1.7589882017718264
4,3771,5,1.98418370503114
4,3772,5,1.8660364531364961
4,3773,5,1.678182459104073
4,3774,5,1.5190162145008603
4,3775,5,1.4208302451910169
4,3776,5,1.388648811642291
4,3777,5,1.3936216563955584
4,3778,5,1.5186750965336469
4,3779,5,1.391687495308878
4,3780,5,1.1261462970447558
4,3781,5,1.1973840582567696
4,3782,5,1.3857899252466472
4,3783,5,1.545292834314473
4,3784,5,1.58636487001559
4,3785,5,1.6019940636683998
4,3786,5,1.5695926504443816
4,3787,5,1.5425994220476928
4,3788,5,1.0283521158170008
4,3789,5,1.2442281175515624
4,3790,5,1.078731137282392
4,3791,5,1.2395635285648616
4,3792,5,1.0908017855566414
4,3793,5,1.1575373913480327
4,3794,5,1.4939587674585875
4,3795,5,1.4872865811505127
4,3796,5,1.357782640622164
4,3797,5,1.430346901128626
4,3798,5,1.531002327085623
4,3799,5,1.6090537562060154
4,3800,5,1.6024699768157422
4,3801,5,1.5514114007608093
4,3802,5,1.5129914026484093
4,3803,5,1.4912659526791954
4,3804,5,1.5385381551271973
4,3805,5,1.491949475607575
4,3806,5,1.5637583110207718
4,3807,5,1.464203784147612
4,3808,5,1.574858477760118
4,3809,5,1.450850224668848
4,3810,5,1.537106234951942
4,3811,5,1.4139569975094144
4,3812,5,1.5660768253354913
4,3813,5,1.78601274001646
4,3814,5,1.8604566525508455
4,3815,5,1.6753120650007078
4,3816,5,1.42192128196913
4,3817,5,1.597952173827185
4,3818,5,1.7097080400391982
4,3819,5,1.5580494885965237
4,3820,5,1.9337924778414384
4,3821,5,1.6653107709882407
4,3822,5,1.7781417687170036
4,3823,5,1.754994656131149
4,3824,5,1.4661069061479153
4,3825,5,1.2573754558196821
4,3826,5,1.4871880837850786
4,3827,5,1.2601334007232383
4,3828,5,1.4518824057251285
4,3829,5,1.7087086223241101
4,3830,5,1.4199024436254293
4,3831,5,1.3654778472844544
4,3832,5,1.6256903757533903
4,3833,5,1.4107326305772272
4,3834,5,1.8648041800120732
4,3835,5,1.4853348421051584
4,3836,5,1.6009026103512896
4,3837,5,1.6389863614569942
4,3838,5,1.6519646622384379
4,3839,5,1.4396621073573401
4,3840,5,1.590371701693532
4,3841,5,1.611293543968348
4,3842,5,1.5472573782231533
4,3843,5,1.3412255205472081
4,3844,5,1.4019932735755583
4,3845,5,1.6409332633516507
4,3846,5,1.549398271661492
4,3847,5,1.5394132862000607
4,3848,5,1.3223849450506178
4,3849,5,1.1430751552744032
4,3850,5,1.116819594193026
4,3851,5,1.3612868348780793
4,3852,5,1.337434092136228
4,3853,5,1.4427613948890352
4,3854,5,1.2577990992490449
4,3855,5,1.203851198289554
4,3856,5,1.2465070170350367
4,3857,5,1.2096456266677533
4,3858,5,1.4291752620060123
4,3859,5,1.3679168379816948
4,3860,5,1.4718366421341935
4,3861,5,1.3619928580344673
4,3862,5,1.2678472200731976
4,3863,5,1.4377093568658506
4,3864,5,1.4968213499876404
4,3865,5,1.2515910100207623
4,3866,5,1.5128937745852316
4,3867,5,1.757139831382907
4,3868,5,1.5378874167390943
4,3869,5,1.4200026006058333
4,3870,5,1.4669051871995737
4,3871,5,1.32102901700026
4,3872,5,1.3827502897479458
4,3873,5,1.4489540009270887
4,3874,5,1.611079723019797
4,3875,6,1.614163175005193
4,3876,6,1.8841874538981997
4,3877,6,1.723256031620327
4,3878,5,1.510154923425473
4,3879,5,1.4754658133247802
4,3880,5,1.5824857929316773
4,3881,5,1.5626683225650941
4,3882,5,1.455428472364527
4,3883,5,1.5859310022371056
4,3884,5,1.6162946934842486
4,3885,5,1.5380533927398932
4,3886,5,1.5808023796794952
4,3887,5,1.5172725050582052
4,3888,5,1.2336971638132281
4,3889,5,1.1399711075490107
4,3890,5,1.3642773998530977
4,3891,5,1.2601305624625616
4,3892,5,1.3107548178671884
4,3893,5,1.237539494685306
4,3894,5,1.2669869361173154
4,3895,5,1.2316044990834696
4,3896,5,1.380255789624437
4,3897,5,1.3258158534490838
4,3898,5,1.3055931931873572
4,3899,5,1.2908906769800224
4,3900,5,1.4811587794768322
4,3901,5,1.5922954578622344
4,3902,5,1.6530442299731338
4,3903,5,1.5160452199430168
4,3904,5,1.3210752192480002
4,3905,5,1.4143177365794766
4,3906,5,1.262088120725243
4,3907,5,1.2656402349832798
4,3908,5,1.3826351578526923
4,3909,5,1.2987326705291
4,3910,5,1.2375577340769817
4,3911,5,1.2146133897908808
4,3912,5,1.395003469564016
4,3913,5,1.574708227956458
4,3914,5,1.493685023621369
4,3915,5,1.5104102557638388
4,3916,5,1.6091529882010098
4,3917,5,1.5231165043013908
4,3918,5,1.3489611098763996
4,3919,5,1.1362443848548143
4,3920,6,1.3340907461611478
4,3921,5,1.3742966552167188
4,3922,5,1.5731902492704735
4,3923,5,1.3942721855009905
4,3924,5,1.2968925844257173
4,3925,5,1.2217924440913484
4,3926,5,1.1607658471696793
4,3927,5,1.6703257559445115
4,3928,5,1.5057082153066856
4,3929,5,1.6914675594750408
4,3930,5,1.4575112372156753
4,3931,5,1.5766515862334978
4,3932,5,1.6555063106304155
4,3933,5,1.6629434380761392
4,3934,5,1.4726397919169414
4,3935,5,1.4949443289220703
4,3936,5,1.5840018657883648
4,3937,5,1.6935451072477492
4,3938,5,1.7439886756430827
4,3939,5,1.7898502456587657
4,3940,5,1.678472325680889
4,3941,5,1.5922736788081426
4,3942,5,1.613937180729002
4,3943,5,1.6381562030681591
4,3944,5,1.7724231585831234
4,3945,5,1.5855487726715194
4,3946,5,1.4312309693514682
4,3947,6,1.6497294607191382
4,3948,6,1.7854117138090078
4,3949,7,2.0402538277680304
4,3950,6,1.6785200093429058
4,3951,6,1.8329375006038013
4,3952,7,1.780946972888902
4,3953,6,1.411441187339613
4,3954,6,1.6770771925416703
4,3955,6,1.5630832638372727
4,3956,6,1.5980490213915397
4,3957,6,1.6011111743825173
4,3958,6,1.7134921528201312
4,3959,6,1.9462770682769501
4,3960,5,1.6911648425598105
4,3961,5,1.5021169445273417
4,3962,5,1.7434186147027524
4,3963,5,1.418530050164673
4,3964,5,1.5931932165956066
4,3965,5,1.7333993172084332
4,3966,5,1.7411079772761302
4,3967,5,1.6470576326077184
4,3968,5,1.6705931691722116
4,3969,5,1.5633198221976436
4,3970,5,1.4904308062997167
4,3971,5,1.683164960951086
4,3972,5,1.9296258472183827
4,3973,5,1.8977487949572902
4,3974,5,1.7532522422537298
4,3975,5,1.7729443722437397
4,3976,5,1.7030992630669255
4,3977,5,1.50966492691709
4,3978,5,1.6143893847701447
4,3979,5,1.6034072510252901
4,3980,5,1.482717235208968
4,3981,5,1.5086750288527515
4,3982,5,1.5568473453712546
4,3983,5,1.6040232930034501
4,3984,5,1.2727850954319928
4,3985,5,1.3960385230101249
4,3986,5,1.358939345669595
4,3987,5,1.4158443226176973
4,3988,5,1.4595565939180615
4,3989,5,1.6761968723893999
4,3990,5,1.5059121500229922
4,3991,5,1.3015811611224275
4,3992,5,1.053347833858496
4,3993,5,1.3675646003924147
4,3994,5,1.4744176076500763
4,3995,5,1.486157213430027
4,3996,5,1.6684174963535527
4,3997,5,1.7031983302631168
4,3998,5,1.3443371695665651
4,3999,5,1.4556976476081318
4,4000,5,1.3052332405131395
